"America","area","year","savanna_fires","forest_fires","crop_residues","rice_cultivation","drained_organic_soils_co2","pesticides_manufacturing","food_transport","forestland","net_forest_conversion","food_household_consumption","food_retail","on_farm_electricity_use","food_packaging","agrifood_systems_waste_disposal","food_processing","fertilizers_manufacturing","ippu","manure_applied_to_soils","manure_left_on_pasture","manure_management","fires_in_organic_soils","fires_in_humid_tropical_forests","on_farm_energy_use","rural_population","urban_population","total_population_male","total_population_female","total_emission","average_temperature_c","area_f"
"América del Norte","Anguilla",1990,0,0,NA,3183.47229859845,0,11.481084565897,2.2211,NA,NA,4.4221,1.6083,0.5657,74.0181327808195,65.0723473790681,483.126099799348,2791.68422778798,0,NA,6328.35770294532,NA,0,0,1.3833,0,8334,4120,4196,12947.4123938569,0.392583333333333,"Anguilla"
"América del Norte","Anguilla",1991,0,0,NA,3011.42042953295,0,11.481084565897,2.2562,NA,NA,4.6743,1.5084,0.4551,74.0181327808195,65.0723473790681,483.126099799348,2791.68422778798,0,NA,6328.35770294532,NA,0,0,1.463,0,8666,4279,4338,12775.5170247914,0.395416666666667,"Anguilla"
"América del Norte","Anguilla",1992,0,0,NA,3183.47229859845,0,11.481084565897,2.3594,NA,NA,5.1221,1.8522,0.5404,74.0181327808195,65.0723473790681,483.126099799348,2791.68422778798,0,NA,6328.35770294532,NA,0,0,1.3625,0,8981,4412,4474,12948.4484938569,0.4215,"Anguilla"
"América del Norte","Anguilla",1993,0,0,NA,5305.56762212168,0,11.481084565897,2.4624,NA,NA,6.3927,1.9628,0.7432,74.0181327808195,65.0723473790681,483.126099799348,2791.68422778798,0,NA,6328.35770294532,NA,0,0,1.2062,0,9266,4523,4598,15072.0745173801,0.570166666666667,"Anguilla"
"América del Norte","Anguilla",1994,0,0,NA,5305.56762212168,0,11.481084565897,2.5654,NA,NA,6.4208,1.7496,1.0291,74.0181327808195,65.0723473790681,483.126099799348,2791.68422778798,0,NA,6328.35770294532,NA,0,0,1.1567,0,9537,4636,4720,15072.2288173801,0.5725,"Anguilla"
"América del Norte","Anguilla",1995,0,0,NA,2409.53392742167,0,11.481084565897,2.6687,NA,NA,6.7306,1.5655,0.946,74.0181327808195,65.0723473790681,483.126099799348,2791.68422778798,0,NA,6328.35770294532,NA,0,0,1.9096,0,9802,4753,4848,12177.0939226801,0.666666666666667,"Anguilla"
"América del Norte","Anguilla",1996,0,0,NA,2409.53392742167,0,11.481084565897,2.7038,NA,NA,6.7177,2.0733,0.9544,74.0181327808195,65.0723473790681,483.126099799348,2791.68422778798,0,NA,6328.35770294532,NA,0,0,2.002,0,10058,4878,4984,12177.7247226801,0.247,"Anguilla"
"América del Norte","Anguilla",1997,0,0,NA,2409.53392742167,0,11.481084565897,2.739,NA,NA,7.0565,2.8276,1.409,74.0181327808195,65.0723473790681,483.126099799348,2791.68422778798,0,NA,6328.35770294532,NA,0,0,1.5728,0,10303,5007,5125,12178.8784226801,0.622416666666667,"Anguilla"
"América del Norte","Anguilla",1998,0,0,NA,2409.53392742167,0,11.481084565897,2.7739,NA,NA,7.2435,2.9557,1.3273,74.0181327808195,65.0723473790681,483.126099799348,2791.68422778798,0,NA,6328.35770294532,NA,0,0,2.1256,0,10548,5143,5274,12179.6995226801,1.01216666666667,"Anguilla"
"América del Norte","Anguilla",1999,0,0,NA,2409.53392742167,0,11.481084565897,2.9449,NA,NA,7.6346,2.709,1.2874,74.0181327808195,65.0723473790681,483.126099799348,2791.68422778798,0,NA,6328.35770294532,NA,0,0,2.3676,0,10793,5287,5434,12180.2170226801,0.478,"Anguilla"
"América del Norte","Anguilla",2000,0,0,NA,2409.53392742167,0,11.481084565897,2.9801,NA,NA,7.919,3.4431,1.7964,74.0181327808195,65.0723473790681,483.126099799348,2791.68422778798,0,NA,6250.66031652155,NA,0,0,2.4571,0,11070,5444,5604,12104.1718362563,0.29275,"Anguilla"
"América del Norte","Anguilla",2001,0,0,NA,2409.53392742167,0,11.481084565897,3.1863,NA,NA,8.1972,4.0801,1.967,74.0181327808195,65.0723473790681,483.126099799348,2791.68422778798,0,NA,6250.66031652155,NA,0,0,3.0176,0,11372,5588,5755,12106.0243362563,0.608083333333333,"Anguilla"
"América del Norte","Anguilla",2002,0,0,NA,2409.53392742167,0,11.481084565897,3.0379,NA,NA,8.0124,4.6821,2.0527,74.0181327808195,65.0723473790681,483.126099799348,2791.68422778798,0,NA,6250.66031652155,NA,0,0,2.9648,0,11692,5694,5867,12106.3260362563,0.703,"Anguilla"
"América del Norte","Anguilla",2003,0,0,NA,2319.75395545178,0,11.481084565897,3.4026,NA,NA,7.6352,4.6584,1.8439,74.0181327808195,65.0723473790681,483.126099799348,2791.68422778798,0,NA,6250.66031652155,NA,0,0,3.3518,0,12021,5783,5961,12016.6880642864,0.79375,"Anguilla"
"América del Norte","Anguilla",2004,0,0,NA,2319.75395545178,0,11.481084565897,4.019,NA,NA,8.3537,4.7508,1.7641,74.0181327808195,65.0723473790681,483.126099799348,2791.68422778798,0,NA,6250.66031652155,NA,0,0,4.4789,0,12339,5878,6056,12019.1626642864,0.512916666666667,"Anguilla"
"América del Norte","Anguilla",2005,0,0,NA,2319.75395545178,0,11.481084565897,4.232,NA,NA,7.7029,5.4429,1.5995,74.0181327808195,65.0723473790681,483.126099799348,2791.68422778798,0,NA,6250.66031652155,NA,0,0,4.4919,0,12638,5971,6157,12019.2653642864,0.811916666666667,"Anguilla"
"América del Norte","Anguilla",2006,0,0,NA,2319.75395545178,0,11.481084565897,5.0069,NA,NA,8.4825,5.573,1.268,74.0181327808195,65.0723473790681,483.126099799348,2791.68422778798,0,NA,6250.66031652155,NA,0,0,6.2979,0,12903,6065,6260,12022.4244642864,0.747916666666667,"Anguilla"
"América del Norte","Anguilla",2007,0,0,NA,2319.75395545178,0,11.481084565897,4.6773,NA,NA,9.8258,6.978,1.5911,74.0181327808195,65.0723473790681,483.126099799348,2791.68422778798,0,NA,6250.66031652155,NA,0,0,6.5752,0,13150,6159,6366,12025.4435642864,0.91775,"Anguilla"
"América del Norte","Anguilla",2008,0,0,NA,2319.75395545178,0,11.481084565897,4.6999,NA,NA,10.1745,6.9776,1.5295,74.0181327808195,65.0723473790681,483.126099799348,2791.68422778798,0,NA,6250.66031652155,NA,0,0,3.865,0,13360,6256,6474,12023.0426642864,0.356666666666667,"Anguilla"
"América del Norte","Anguilla",2009,0,0,NA,2319.75395545178,0,11.481084565897,4.5766,NA,NA,10.6978,6.8457,1.3741,74.0181327808195,65.0723473790681,483.126099799348,2791.68422778798,0,NA,6250.66031652155,NA,0,0,3.5934,0,13565,6361,6585,12022.8837642864,0.64725,"Anguilla"
"América del Norte","Anguilla",2010,0,0,NA,2319.75395545178,0,11.481084565897,4.5086,NA,NA,11.5626,8.5406,1.6598,74.0181327808195,65.0723473790681,483.126099799348,2791.68422778798,0,NA,6250.66031652155,NA,0,0,3.4684,0,13769,6470,6702,12025.5361642864,1.01166666666667,"Anguilla"
"América del Norte","Anguilla",2011,0,0,NA,2319.75395545178,0,11.481084565897,4.3126,NA,NA,11.5043,8.2311,1.709,74.0181327808195,65.0723473790681,483.126099799348,2791.68422778798,0,NA,6250.66031652155,NA,0,0,3.3998,0,13951,6552,6790,12024.9529642864,0.525916666666667,"Anguilla"
"América del Norte","Anguilla",2012,0,0,NA,2319.75395545178,0,11.481084565897,4.2846,NA,NA,11.4935,7.4297,1.5571,74.0181327808195,65.0723473790681,483.126099799348,2791.68422778798,0,NA,6250.66031652155,NA,0,0,3.376,0,14129,6606,6849,12023.9370642864,0.670166666666667,"Anguilla"
"América del Norte","Anguilla",2013,0,0,NA,2319.75395545178,0,11.481084565897,3.9548,NA,NA,10.9374,7.1755,1.4229,74.0181327808195,65.0723473790681,483.126099799348,2791.68422778798,0,NA,6250.66031652155,NA,0,0,3.3934,0,14299,6731,6970,12022.6801642864,0.78425,"Anguilla"
"América del Norte","Anguilla",2014,0,0,NA,2319.75395545178,0,11.481084565897,4.2265,NA,NA,11.8772,7.4604,1.3887,74.0181327808195,65.0723473790681,483.126099799348,2791.68422778798,0,NA,6250.66031652155,NA,0,0,3.5809,0,14459,6944,7176,12024.3298642864,0.790583333333333,"Anguilla"
"América del Norte","Anguilla",2015,0,0,NA,2319.75395545178,0,11.481084565897,4.4327,NA,NA,17.3529,7.6874,1.4603,74.0181327808195,65.0723473790681,483.126099799348,2791.68422778798,0,NA,6250.66031652155,NA,0,0,4.2047,0,14611,7148,7378,12030.9341642864,1.11916666666667,"Anguilla"
"América del Norte","Anguilla",2016,0,0,NA,2319.75395545178,0,11.481084565897,4.2743,NA,NA,17.8206,8.535,1.6138,74.0181327808195,65.0723473790681,483.126099799348,2791.68422778798,0,NA,6250.66031652155,NA,0,0,3.9835,0,14764,7292,7521,12032.0233642864,1.1085,"Anguilla"
"América del Norte","Anguilla",2017,0,0,NA,2319.75395545178,0,11.481084565897,4.1836,NA,NA,16.408,6.0864,1.4189,74.0181327808195,65.0723473790681,483.126099799348,2791.68422778798,0,NA,6250.66031652155,NA,0,0,4.3674,0,14909,7386,7628,12028.2604642864,0.965416666666667,"Anguilla"
"América del Norte","Anguilla",2018,0,0,NA,2319.75395545178,0,11.481084565897,4.2642,NA,NA,16.1288,6.2232,1.5,74.0181327808195,65.0723473790681,483.126099799348,2791.68422778798,0,NA,6250.66031652155,NA,0,0,5.2371,0,15045,7461,7720,12029.1494642864,0.614666666666667,"Anguilla"
"América del Norte","Anguilla",2019,0,0,NA,2319.75395545178,0,11.481084565897,4.3672,NA,NA,16.8875,7.4662,1.7682,74.0181327808195,65.0723473790681,483.126099799348,2791.68422778798,0,NA,6250.66031652155,NA,0,0,5.2403,0,15174,7551,7828,12031.5255642864,0.924916666666667,"Anguilla"
"América del Norte","Anguilla",2020,0,0,NA,2319.75395545178,0,11.481084565897,4.161,NA,NA,15.5126,6.8042,1.5826,74.0181327808195,65.0723473790681,483.126099799348,2791.68422778798,0,NA,6250.66031652155,NA,0,0,6.0374,0,15283,7644,7941,12029.8939642864,1.13933333333333,"Anguilla"
"América del Norte","Antigua and Barbuda",1990,0,0,0.0024,246.40727646444,0,0,10.831,NA,NA,6.6125,4.4639,2.405,172.179779322716,30.9301,252.21418996648,1807.61368119393,2.3541,1.5849,7.9648,1.3503,0,0,7.1794,43068,23628,30494,32834,2554.09332694756,0.363,"Antigua and Barbuda"
"América del Norte","Antigua and Barbuda",1991,0,0,0.0027,246.40727646444,0,0,11.2178,NA,NA,7.2687,4.6955,2.2277,172.179779322716,31.1593,252.21418996648,1807.61368119393,2.5899,1.9076,7.7589,1.4262,0,0,7.761,43437,23870,30718,32916,2556.43022694756,0.4095,"Antigua and Barbuda"
"América del Norte","Antigua and Barbuda",1992,0,0,0.0026,246.40727646444,0,0,11.2178,NA,NA,6.8769,4.4171,1.968,172.179779322716,31.3982,252.21418996648,1807.61368119393,2.6116,1.9167,7.7584,1.4394,0,0,6.6798,44419,24008,31172,33487,2554.70142694756,0.520333333333333,"Antigua and Barbuda"
"América del Norte","Antigua and Barbuda",1993,0,0,0.0025,246.40727646444,0,0,11.8718,NA,NA,7.0836,4.8548,2.0938,172.179779322716,31.553,252.21418996648,1807.61368119393,2.7152,1.92,8.0045,1.4577,0,0,5.6326,45663,24275,31622,34212,2555.60442694756,0.550583333333333,"Antigua and Barbuda"
"América del Norte","Antigua and Barbuda",1994,0,0,0.0025,246.40727646444,0,0,12.3299,NA,NA,6.9225,4.6268,3.1002,172.179779322716,31.7541,252.21418996648,1807.61368119393,2.9083,1.9232,8.304,1.4801,0,0,5.8721,47095,24624,32099,34974,2557.63862694756,0.482416666666667,"Antigua and Barbuda"
"América del Norte","Antigua and Barbuda",1995,0,0,0.0023,246.40727646444,0,0,12.9618,NA,NA,7.3969,5.3623,3.2781,172.179779322716,31.8719,252.21418996648,1807.61368119393,3.0386,1.9124,8.5982,1.5042,0,0,8.3905,48617,25002,32619,35779,2562.73212694756,0.707416666666667,"Antigua and Barbuda"
"América del Norte","Antigua and Barbuda",1996,0,0,0.0025,246.40727646444,0,0,13.2873,NA,NA,7.8627,6.1851,3.2778,172.179779322716,32.0458,252.21418996648,1807.61368119393,3.5083,1.6284,8.8884,1.5025,0,0,8.8688,50225,25403,33171,36627,2565.47252694756,0.286,"Antigua and Barbuda"
"América del Norte","Antigua and Barbuda",1997,0,0,0.0025,246.40727646444,0,0,14.1246,NA,NA,8.6614,7.4602,4.3625,172.179779322716,32.2165,252.21418996648,1807.61368119393,3.8158,1.6437,9.0695,1.5795,0,0,7.4658,51913,25826,33735,37483,2568.81692694756,0.605,"Antigua and Barbuda"
"América del Norte","Antigua and Barbuda",1998,0,0,0.0025,246.40727646444,0,0,14.4501,NA,NA,9.0854,8.4714,4.1341,172.179779322716,32.3683,252.21418996648,1807.61368119393,4.3314,1.6654,9.1175,1.6431,0,0,12.2625,53616,26235,34279,38293,2575.94662694756,0.996583333333333,"Antigua and Barbuda"
"América del Norte","Antigua and Barbuda",1999,0,0,0.0025,246.40727646444,0,0,15.4431,NA,NA,9.2835,9.2249,4.041,172.179779322716,32.522,252.21418996648,1807.61368119393,5.0722,1.9354,8.9911,1.7668,0,0,14.0313,55244,26587,34782,39039,2580.72872694756,0.508,"Antigua and Barbuda"
"América del Norte","Antigua and Barbuda",2000,0,0,0.0025,246.40727646444,0,0,15.6976,NA,NA,9.8749,10.4361,5.003,172.179779322716,32.6728,252.21418996648,1807.61368119393,5.5424,1.7455,9.0903,1.5075,0,0,15.699,56731,26853,35307,39748,2585.68652694756,0.341583333333333,"Antigua and Barbuda"
"América del Norte","Antigua and Barbuda",2001,0,0,0.0026,246.40727646444,0,0,15.8453,NA,NA,10.2019,11.8706,5.3174,172.179779322716,32.7522,252.21418996648,1807.61368119393,6.1869,1.8053,9.3188,1.5576,0,0,17.7369,58060,26997,35831,40383,2591.01042694756,0.658330309855135,"Antigua and Barbuda"
"América del Norte","Antigua and Barbuda",2002,0,0,0.0026,246.40727646444,0,0,16.9984,NA,NA,11.7562,14.3468,5.7091,172.179779322716,32.837,252.21418996648,1807.61368119393,6.8394,1.8244,9.4755,1.5755,0,0,19.1063,59439,26827,36301,40894,2598.88612694756,0.640583333333333,"Antigua and Barbuda"
"América del Norte","Antigua and Barbuda",2003,0,0,0.0028,246.40727646444,0,0,17.3753,NA,NA,12.0549,15.6973,5.4016,172.179779322716,32.9479,252.21418996648,1807.61368119393,7.7171,1.864,9.6204,1.6145,0,0,18.9746,60700,26593,36745,41329,2601.68532694756,0.773416666666667,"Antigua and Barbuda"
"América del Norte","Antigua and Barbuda",2004,0,0,0.0031,246.40727646444,0,0,18.0522,NA,NA,11.9005,16.5822,5.0044,172.179779322716,33.0639,252.21418996648,1807.61368119393,8.7771,1.8996,9.8055,1.6498,0,0,21.6505,61924,26333,37188,41753,2606.80372694756,0.48575,"Antigua and Barbuda"
"América del Norte","Antigua and Barbuda",2005,0,0,0.0031,246.40727646444,0,0,18.6682,NA,NA,12.7434,18.3643,4.351,172.179779322716,33.3201,252.21418996648,1807.61368119393,10.0369,1.9128,9.8171,1.6597,0,0,23.6229,63175,26078,37660,42209,2612.91442694756,0.845583333333333,"Antigua and Barbuda"
"América del Norte","Antigua and Barbuda",2006,0,0,0.0033,246.40727646444,0,0,19.5587,NA,NA,14.14,19.5362,3.3634,172.179779322716,33.4963,252.21418996648,1807.61368119393,10.7854,1.9202,9.8991,1.668,0,0,22.2413,64469,25832,38181,42715,2615.02682694756,0.6855,"Antigua and Barbuda"
"América del Norte","Antigua and Barbuda",2007,0,0,0.0033,246.40727646444,0,0,18.8459,NA,NA,16.0795,22.8728,4.1223,172.179779322716,33.7166,252.21418996648,1807.61368119393,11.6017,1.6584,10.1824,1.6213,0,0,28.7323,65792,25589,38745,43270,2627.85142694756,0.916,"Antigua and Barbuda"
"América del Norte","Antigua and Barbuda",2008,0,0,0.0035,246.40727646444,0,0,18.5732,NA,NA,16.7635,23.7614,4.0707,172.179779322716,33.8923,252.21418996648,1807.61368119393,12.4477,1.7228,9.9279,1.6473,0,0,17.4804,67134,25344,39367,43883,2618.70562694756,0.334833333333333,"Antigua and Barbuda"
"América del Norte","Antigua and Barbuda",2009,0,0,0.0034,246.40727646444,0,0,18.5454,NA,NA,17.2912,24.3002,3.7332,172.179779322716,33.9128,252.21418996648,1807.61368119393,13.5437,1.7006,9.8372,1.6355,0,0,16.1027,68485,25096,40012,44522,2619.02082694756,0.56575,"Antigua and Barbuda"
"América del Norte","Antigua and Barbuda",2010,0,0,0.0033,246.40727646444,0,0,18.6787,NA,NA,22.9466,25.2091,4.5109,172.179779322716,33.865,252.21418996648,1807.61368119393,14.2211,1.3328,5.5206,1.443,0,0,18.6202,69824,24837,40597,45097,2624.76622694756,1.13808333333333,"Antigua and Barbuda"
"América del Norte","Antigua and Barbuda",2011,0,0,0.0037,246.40727646444,0,0,18.6043,NA,NA,22.8777,26.5557,4.9006,172.179779322716,33.9258,252.21418996648,1807.61368119393,14.617,1.4024,5.4951,1.4655,0,0,17.5481,71116,24603,41141,45588,2625.81082694756,0.587666666666667,"Antigua and Barbuda"
"América del Norte","Antigua and Barbuda",2012,0,0,0.0036,246.40727646444,0,0,19.0611,NA,NA,18.569,31.0106,4.8747,172.179779322716,33.9515,252.21418996648,1807.61368119393,15.3244,1.4024,5.4951,1.4655,0,0,17.4658,72074,24703,41653,46022,2627.03862694756,0.71225,"Antigua and Barbuda"
"América del Norte","Antigua and Barbuda",2013,0,0,0.0037,246.40727646444,0,1,19.2444,NA,NA,18.7092,29.6146,4.3569,172.179779322716,34.0346,252.21418996648,1807.61368119393,16.0746,1.3653,5.4891,1.4496,0,0,19.0825,73026,24798,42096,46401,2628.83942694756,0.801916666666667,"Antigua and Barbuda"
"América del Norte","Antigua and Barbuda",2014,0,0,0.0037,246.40727646444,0,1,19.7043,NA,NA,19.3684,31.2736,4.3081,172.179779322716,34.1024,252.21418996648,1807.61368119393,16.882,1.3838,5.4722,1.4534,0,0,21.5416,73984,24891,42488,46748,2634.90842694756,0.715333333333333,"Antigua and Barbuda"
"América del Norte","Antigua and Barbuda",2015,0,0,0.0039,246.40727646444,0,1,20.0097,NA,NA,20.4491,32.3248,4.4963,172.179779322716,34.203,252.21418996648,1807.61368119393,17.6394,1.3428,5.5376,1.4423,0,0,21.5893,74942,24981,42853,47087,2638.45312694756,1.11025,"Antigua and Barbuda"
"América del Norte","Antigua and Barbuda",2016,0,0,0.0032,246.40727646444,0,1,20.5067,NA,NA,20.6986,32.8884,4.4869,172.179779322716,34.2746,252.21418996648,1807.61368119393,18.4068,1.3654,5.4953,1.4451,0,0,21.5043,75878,25085,43176,47388,2640.49022694756,1.08058333333333,"Antigua and Barbuda"
"América del Norte","Antigua and Barbuda",2017,0,0,0.0028,246.40727646444,0,1,20.7966,NA,NA,20.1137,32.1528,5.022,172.179779322716,34.4048,252.21418996648,1807.61368119393,19.0671,1.3963,5.4881,1.463,0,0,24.376,76802,25210,43461,47658,2643.69812694756,0.958583333333333,"Antigua and Barbuda"
"América del Norte","Antigua and Barbuda",2018,0,0,0.0026,246.40727646444,0,1,21.3631,NA,NA,20.5445,35.8536,6.0716,172.179779322716,34.5342,252.21418996648,1807.61368119393,19.8545,1.4037,5.4438,1.4642,0,0,27.7623,77700,25350,43715,47910,2653.71302694756,0.560166666666667,"Antigua and Barbuda"
"América del Norte","Antigua and Barbuda",2019,0,0,0.0023,246.40727646444,0,1,22.3099,NA,NA,19.6766,38.4307,6.0971,172.179779322716,34.6427,252.21418996648,1807.61368119393,20.7119,1.4198,4.869,1.4424,0,0,29.529,78577,25507,43961,48156,2658.54632694756,0.895583333333333,"Antigua and Barbuda"
"América del Norte","Antigua and Barbuda",2020,0,0,5e-04,246.40727646444,0,1,21.6821,NA,NA,19.3886,39.6455,6.0405,172.179779322716,34.584,252.21418996648,1807.61368119393,21.4993,1.4503,4.7067,1.4491,0,0,36.4125,79428,25682,44236,48428,2666.27402694756,1.0455,"Antigua and Barbuda"
"América del Sur","Argentina",1990,2779.692,1097.1782,1965.4995,914.3008,5128.514,689,2920.1255,-40102.7293,81523.288,3033.8224,1210.3655,152.0622,54.0057,8503.6056,2944.79489300724,1143.0728,6469.8462,952.7475,24131.9669,2173.3488,0,541.3267,6077.2277,4260175,28469564,16063515,16574141,114303.061593007,0.330083333333333,"Argentina"
"América del Sur","Argentina",1991,2779.692,1097.1782,2144.2348,676.3176,5128.514,699,3143.7014,-40102.7293,81523.288,2767.6441,1047.9432,177.6963,55.4662,8798.8375,2929.30959277789,1139.2322,6707.1098,923.252,23840.807,2148.9266,0,541.3267,4813.008,4206419,28987499,16298168,16807594,112979.755892778,0.193083333333333,"Argentina"
"América del Sur","Argentina",1992,2779.692,1097.1782,2248.5663,1103.088,5128.514,631,3514.5046,-40102.7293,81523.288,2929.3929,982.4031,138.1414,59.0844,9051.4024,2995.28330646411,1117.8353,5164.6598,914.2624,24040.6559,2184.3961,0,541.3267,6846.9016,4192854,29462297,16529209,17039077,114888.847106464,-0.214083333333333,"Argentina"
"América del Sur","Argentina",1993,2779.692,1097.1782,2235.483,1094.856,5128.514,571,3733.81,-40102.7293,81523.288,2981.1807,968.5174,126.2214,44.9673,9272.7537,2979.67689116166,1093.1596,5427.0163,958.3982,23395.0744,2177.431,0,541.3267,7553.7725,4177901,29933016,16757748,17269492,115580.587991162,0.125416666666667,"Argentina"
"América del Sur","Argentina",1994,2779.692,1097.1782,2233.5385,1108.1056,5128.514,693,3935.7432,-40102.7293,81523.288,3031.3517,875.2937,137.9826,46.6455,9486.8681,2979.67689116166,1108.5552,5737.8275,1025.7309,23504.47,2241.3239,0,541.3267,8927.2478,4160961,30397154,16989567,17499129,118040.630691162,0.626416666666667,"Argentina"
"América del Sur","Argentina",1995,2779.692,1097.1782,2404.9082,1443.4616,5138.3121,872,4168.8696,-40102.7293,81523.288,3128.9388,866.0811,144.7782,279.8729,9776.6702,2128.3117,1102.449,5370.5349,1019.3587,23138.201,2200.7462,0,541.3267,9032.7462,4141986,30852828,17220607,17725502,118054.996,0.266,"Argentina"
"América del Sur","Argentina",1996,2948.3949,3155.8558,2294.1037,1514.8056,5131.5638,1372,4151.9169,-40102.7293,81523.288,3403.7983,875.3432,165.1355,729.6647,9950.837,2232.0852,1113.8404,5146.4984,1006.114,22336.8365,2142.8165,0,1246.7901,9756.4132,4120819,31298863,17443158,17946204,122095.3724,0.353666666666667,"Argentina"
"América del Sur","Argentina",1997,3146.2567,3815.5738,2968.8867,1759.3587,5132.996,1946,3906.6165,-40102.7293,81523.288,3127.7825,863.5032,168.8467,823.5829,10167.4428,2239.6098,1131.1609,5905.5376,1035.7045,21942.7497,2130.3287,0,1912.8865,9628.7804,4097995,31735974,17655867,18160104,125174.1633,0.732,"Argentina"
"América del Sur","Argentina",1998,3583.8736,3531.9527,3430.9268,1659.7672,5137.3899,1621,3847.3151,-40102.7293,81523.288,3411.8068,437.9147,201.5263,280.3479,10339.7817,357.3784,1141.9991,6349.3009,1091.0003,21160.3947,2116.4973,0,1766.6642,9179.3803,4073751,32167839,17863135,18370060,122066.7766,0.390916666666667,"Argentina"
"América del Sur","Argentina",1999,3735.5577,5013.9319,3164.8016,2267.328,5149.1209,2332,4098.591,-40102.7293,81523.288,3723.6374,568.2736,197.6783,343.4869,10481.6736,714.757,1161.3689,6004.2524,950.1525,21652.4744,1982.1557,0,2763.0254,9161.629,4048858,32599210,18072503,18580528,126886.4549,0.143166666666667,"Argentina"
"América del Sur","Argentina",2000,6818.4625,2341.6242,3509.9086,1482.152,5154.3491,2565,4012.1942,-40102.7293,81523.288,3819.9647,648.8029,155.3668,435.3228,10575.7842,1072.1353,1158.2679,6137.9048,943.926,21507.648,1974.6752,0,1029.1878,8899.1807,4023693,33033759,18280746,18790028,125662.4164,-0.206916666666667,"Argentina"
"América del Sur","Argentina",2001,5555.9338,368.9446,3867.5141,1190.6608,5172.8819,2932,3587.366,-35904.11,127768.6667,3615.3426,749.6438,138.5508,509.3419,10694.0499,1429.514,1164.4787,6641.9644,947.7568,21574.4318,1977.1268,0,218.3179,8326.9327,3998739,33472770,18484124,18996369,172527.31,0.480583333333333,"Argentina"
"América del Sur","Argentina",2002,3422.744,370.1122,3982.6313,972.2384,5205.6978,3435,3502.2053,-35904.11,127768.6667,3154.6343,875.1461,137.703,581.0929,10711.6499,1786.8923,1175.8228,6187.4824,854.0582,22827.5421,2030.0378,0,146.0976,8395.3459,3974741,33914629,18683681,19201347,171618.691,0.23375,"Argentina"
"América del Sur","Argentina",2003,4508.8015,538.394,4074.9288,1041.8576,5214.1013,3969,3379.4757,-35904.11,127768.6667,3457.4715,1029.1295,177.3485,667.1535,10834.7946,2144.2709,1193.4145,7544.0428,834.622,24535.8166,2143.115,0,288.9798,9693.4867,3951197,34358182,18879701,19398462,179134.7615,0.563916666666667,"Argentina"
"América del Sur","Argentina",2004,2850.2854,690.3494,4144.1416,1326.3555,5210.0713,4707,3709.2319,-35904.11,127768.6667,3639.3619,1874.2408,258.689,753.0594,10922.4461,2501.6493,1156.2665,8126.5195,838.8682,25021.4704,2177.2094,0,297.7794,11889.3405,3927028,34801668,19077001,19591796,183958.8922,0.583583333333333,"Argentina"
"América del Sur","Argentina",2005,2117.7708,583.9524,4771.5106,1246.0739,5197.0239,4951,3989.6423,-35904.11,127768.6667,3858.8895,2263.3918,273.1535,826.8071,11048.6325,2859.0277,1059.0666,8369.6238,886.4219,25105.4042,2219.8865,0,251.7815,15883.5885,3902354,35243134,19279145,19791355,189627.2057,0.228416666666667,"Argentina"
"América del Sur","Argentina",2006,2191.8526,515.5174,4475.2982,1325.156,5198.8975,5356,4421.3458,-35904.11,127768.6667,4842.189,2456.4105,318.2788,1003.7475,11112.0002,3684.0216,1246.094,8968.172,968.9719,25608.413,2305.7266,0,160.4116,11520.169,3876846,35682044,19484104,19992747,189543.2299,0.669083333333333,"Argentina"
"América del Sur","Argentina",2007,2170.6834,505.2612,5277.9343,1290.7384,5198.0361,6090,4464.8701,-35904.11,127768.6667,4296.3585,2962.4843,276.0819,1107.5506,11290.8846,4495.9708,872.0992,9334.4692,950.2264,25830.0517,2320.7661,0,247.2355,10121.1439,3850764,36119460,19685381,20190731,190967.4029,-0.19575,"Argentina"
"América del Sur","Argentina",2008,2767.1404,574.2262,5430.2776,1430.4864,5212.2518,6737,4743.0185,-35904.11,127768.6667,4830.5203,3389.5471,259.7252,1212.375,11424.494,5018.3792,768.5925,9045.4801,937.3302,25367.393,2286.338,0,156.1026,14333.5399,3824321,36558068,19886051,20387718,197788.7747,0.660083333333333,"Argentina"
"América del Sur","Argentina",2009,1945.3645,739.3539,3819.4946,1519.392,5210.3648,4471,4273.1279,-35904.11,127768.6667,4976.8122,3350.8058,273.6547,1233.5038,11492.8967,5601.1229,997.4801,9167.5146,919.7246,24074.5556,2192.7777,0,299.6116,13781.8593,3798178,37001229,20095357,20588982,192204.974,0.74875,"Argentina"
"América del Sur","Argentina",2010,1544.5021,446.5663,5430.1978,1690.8528,5214.6131,7619,4805.9982,-35904.11,127768.6667,4629.3398,3620.8056,298.1444,1360.4304,11503.0666,6103.366,813.5615,9644.4861,989.3124,21820.2543,2124.9019,0,242.7205,11488.8339,3772300,37451589,20308489,20791633,193255.5104,0.195083333333333,"Argentina"
"América del Sur","Argentina",2011,2008.786,284.398,5973.8591,2018.3688,5223.3922,7375,5574.9536,-34737.0613,97341.75,4589.4754,3764.4659,343.0348,1503.1008,11544.0315,7077.9,1016.1623,10467.2234,1023.3128,21425.5822,2126.1319,0,99.1949,9665.4603,3753490,37903389,20523871,20996869,165708.5226,0.39875,"Argentina"
"América del Sur","Argentina",2012,1848.0935,361.4872,5370.9338,1845.3165,5222.7532,7273,5568.4223,-34737.0613,97341.75,4911.5984,4264.9583,393.3594,1591.8083,11642.9983,7299.5119,1016.561,10264.6277,1074.764,22203.9114,2228.0341,0,176.1297,9935.1035,3737979,38358760,20742596,21209768,167098.0612,0.77925,"Argentina"
"América del Sur","Argentina",2013,1687.8847,1142.18,5839.4947,1824.368,5219.5236,6953,5938.1716,-34737.0613,97341.75,5694.0688,5184.1556,371.2603,1711.5526,11687.7257,7667.0416,1158.8046,11170.0591,1113.5375,22647.1668,2302.1228,0,894.9957,13723.7698,3722489,38817436,20962097,21426172,176535.5722,0.591416666666667,"Argentina"
"América del Sur","Argentina",2014,1359.8747,103.8884,6015.4175,1906.688,5213.9434,6960,5755.9057,-34737.0613,97341.75,5896.9992,6442.4575,378.4557,1906.8988,11555.099,8501.1852,925.3687,11563.3474,1107.2349,22941.8352,2365.9296,0,52.169,12603.86,3706372,39275143,21182969,21641085,176161.2466,0.76925,"Argentina"
"América del Sur","Argentina",2015,1484.6647,255.0722,6707.8321,1823.5056,5213.624,6795,6139.8413,-34737.0613,97341.75,5964.2851,7352.0244,348.6558,2147.1134,11486.4965,9154.5651,810.1777,12033.1542,1442.3609,22417.2919,2373.4567,0,56.6177,13220.7004,3689407,39728358,21402321,21854745,179831.1284,1.0055,"Argentina"
"América del Sur","Argentina",2016,2302.9706,211.7278,6766.7044,1628.6816,5222.7425,6677,6162.6682,-27952.2907,54702.45,6209.0619,7709.8841,336.4452,2103.2588,11519.2018,9198.8031,1037.9716,11894.0979,1107.2384,23130.1873,2385.7929,0,100.7158,12876.2278,3671449,40175981,21609840,22058401,145331.541,0.523333333333333,"Argentina"
"América del Sur","Argentina",2017,3544.5135,822.8892,7228.7766,1600.144,5224.2033,6416,6482.6896,-27952.2907,54702.45,5949.7461,8206.5252,329.7277,2176.8102,11586.9495,9106.2709,1192.2211,12611.1318,1111.669,24023.6816,2455.3256,0,712.4435,13203.6741,3652804,40618237,21805549,22249068,150735.5518,1.111,"Argentina"
"América del Sur","Argentina",2018,2234.0535,171.1052,6230.0679,1553.6528,5230.2714,5467,6086.8183,-27952.2907,54702.45,5727.3131,8289.8038,294.953,2136.7286,11638.3062,8977.8464,836.297,13135.835,1086.4565,23982.5057,2453.7455,0,98.6421,12900.7947,3632997,41055867,21986961,22426635,145282.356,0.8185,"Argentina"
"América del Sur","Argentina",2019,1435.4655,157.116,7566.1906,1436.9544,5231.4007,6227,6021.2272,-27952.2907,54702.45,5428.0881,7747.1341,256.0328,2062.8853,11656.0671,8484.2759,952.8051,12578.6669,1092.1867,24119.9185,2462.3401,0,81.8102,13008.051,3612215,41489566,22153370,22592150,144755.7755,0.775083333333333,"Argentina"
"América del Sur","Argentina",2020,3569.1449,1362.1267,7405.2933,1452.752,5215.7866,7467,5468.9167,-27952.2907,54702.45,5230.9596,8035.158,190.6029,2140.0216,11666.4608,8932.6734,940.8151,12201.3954,1117.4751,23897.7836,2473.7841,0,603.3137,11909.0686,3590542,41919857,22297001,22739031,148030.6914,1.11883333333333,"Argentina"
"América del Norte","Aruba",1990,0,0,NA,2319.75395545178,0,11.481084565897,12.3228,0.0016,0,17.6532,4.2938,10.3313,67.6313660738584,66.8972,451.196291182732,1598.04670224407,2.5402,NA,2313.95588433311,NA,0,0,4.0105,30876,31273,32231,33480,6880.11588385144,0.285,"Aruba"
"América del Norte","Aruba",1991,0,0,NA,2319.75395545178,0,11.481084565897,15.4858,0.0016,0,18.2587,12.1958,9.5384,67.6313660738584,70.0364,451.196291182732,1598.04670224407,2.9802,NA,2313.95588433311,NA,0,0,4.8756,32115,32507,33207,34657,6895.43778385144,0.292416666666667,"Aruba"
"América del Norte","Aruba",1992,0,0,NA,2319.75395545178,0,11.481084565897,15.8372,0.0016,0,13.4484,18.777,9.2858,67.6313660738584,72.3073,451.196291182732,1598.04670224407,3.1502,NA,2313.95588433311,NA,0,0,4.7212,34119,34116,34251,35941,6899.59398385145,0.52225,"Aruba"
"América del Norte","Aruba",1993,0,0,NA,2319.75395545178,0,11.481084565897,17.9502,0.0016,0,16.1472,24.837,13.0355,67.6313660738584,74.0508,451.196291182732,1598.04670224407,3.2802,NA,2313.95588433311,NA,0,0,6.643,36551,35953,35223,37137,6918.01078385145,0.713625,"Aruba"
"América del Norte","Aruba",1994,0,0,NA,2319.75395545178,0,11.481084565897,17.9502,0.0016,0,18.4886,30.2903,23.3381,67.6313660738584,75.4407,451.196291182732,1598.04670224407,3.4202,NA,2313.95588433311,NA,0,0,5.4975,38981,37719,36273,38437,6936.49248385145,0.514416666666667,"Aruba"
"América del Norte","Aruba",1995,0,0,NA,2319.75395545178,0,11.481084565897,18.6531,0.0016,0,19.6683,42.0524,27.5842,67.6313660738584,76.4356,451.196291182732,1598.04670224407,3.3502,NA,2313.95588433311,NA,0,0,6.546,41153,39171,37325,39724,6956.35668385145,0.807083333333333,"Aruba"
"América del Norte","Aruba",1996,0,0,NA,2319.75395545178,0,11.481084565897,18.6485,0.0016,0,19.3747,48.2482,25.5581,67.6313660738584,77.1648,451.196291182732,1598.04670224407,3.0502,NA,2313.95588433311,NA,0,0,6.6771,42968,40232,38403,41014,6960.78848385145,0.344638648570005,"Aruba"
"América del Norte","Aruba",1997,0,0,NA,2319.75395545178,0,11.481084565897,19.3514,0.0016,0,20.2569,57.5609,32.3421,67.6313660738584,77.8132,451.196291182732,1598.04670224407,3.4602,NA,2313.95588433311,NA,0,0,6.3283,44480,40971,39522,42336,6979.17988385145,0.655861064825775,"Aruba"
"América del Norte","Aruba",1998,0,0,NA,2319.75395545178,0,11.481084565897,19.7075,0.0016,0,18.621,60.7496,29.9395,67.6313660738584,78.3496,451.196291182732,1598.04670224407,3.4703,NA,2313.95588433311,NA,0,0,6.1708,45789,41488,40667,43688,6979.07518385144,0.82576022789273,"Aruba"
"América del Norte","Aruba",1999,0,0,NA,2319.75395545178,0,11.481084565897,19.7028,0.0016,0,27.218,65.0924,26.1634,67.6313660738584,78.7465,451.196291182732,1598.04670224407,3.5703,NA,2313.95588433311,NA,0,0,6.318,47060,41945,41816,45050,6988.87828385145,0.803360637592921,"Aruba"
"América del Norte","Aruba",2000,0,0,NA,2319.75395545178,0,11.481084565897,19.7028,0.0016,0,30.4478,73.6956,31.7734,67.6313660738584,79.1571,451.196291182732,1598.04670224407,3.3003,NA,2313.95588433311,NA,0,0,6.8775,48409,42444,42833,46269,7007.02138385144,0.805884320125477,"Aruba"
"América del Norte","Aruba",2001,0,0,NA,1705.81981837202,0,11.481084565897,20.4104,-0.0923,0,44.0098,58.6002,29.1207,67.6313660738584,79.4451,451.196291182732,1598.04670224407,3.5203,NA,2313.95588433311,NA,0,0,7.7001,49850,43048,43513,47178,6390.84544677168,0.812244293615125,"Aruba"
"América del Norte","Aruba",2002,0,0,NA,2319.75395545178,0,11.481084565897,21.1132,-0.0923,0,46.0425,68.8239,29.0832,67.6313660738584,79.7138,451.196291182732,1598.04670224407,3.5703,NA,2313.95588433311,NA,0,0,7.262,51322,43670,43950,47831,7017.58188385145,1.136,"Aruba"
"América del Norte","Aruba",2003,0,0,NA,2319.75395545178,0,11.481084565897,21.4647,-0.0923,0,45.2057,67.3253,25.2657,67.6313660738584,79.9673,451.196291182732,1598.04670224407,3.8503,NA,2313.95588433311,NA,0,0,6.845,52771,44246,44327,48374,7011.89698385144,1.02991666666667,"Aruba"
"América del Norte","Aruba",2004,0,0,NA,2319.75395545178,0,11.481084565897,21.4647,-0.0923,0,44.3464,67.5931,23.1149,67.6313660738584,80.2903,451.196291182732,1598.04670224407,3.9203,NA,2313.95588433311,NA,0,0,6.8495,54068,44669,44663,48877,7009.55218385145,0.62175,"Aruba"
"América del Norte","Aruba",2005,0,0,NA,1705.81981837202,0,11.481084565897,22.1719,-0.0923,0,45.9158,70.5793,19.097,67.6313660738584,80.543,451.196291182732,1598.04670224407,4.5003,NA,2313.95588433311,NA,0,0,7.9084,55142,44889,45069,49414,6398.75454677168,0.757583333333333,"Aruba"
"América del Norte","Aruba",2006,0,0,NA,1705.81981837202,0,11.481084565897,22.1719,-0.0923,0,42.5444,68.6378,13.6977,67.6313660738584,80.7642,451.196291182732,1598.04670224407,4.4203,NA,2313.95588433311,NA,0,0,8.7582,55951,44881,45591,50016,6389.03334677168,0.643,"Aruba"
"América del Norte","Aruba",2007,0,0,NA,1639.72483273258,0,11.481084565897,22.5233,-0.0923,0,46.1989,77.3931,15.7527,67.6313660738584,81.0176,451.196291182732,1598.04670224407,4.3603,NA,2313.95588433311,NA,0,0,15.1962,56535,44685,46151,50636,6344.38596113224,0.863166666666667,"Aruba"
"América del Norte","Aruba",2008,0,0,NA,1639.72483273258,0,11.481084565897,23.055,-0.0923,0,44.0152,77.3155,14.8152,67.6313660738584,81.2449,451.196291182732,1598.04670224407,4.2603,NA,2313.95588433311,NA,0,0,13.3097,56978,44375,46724,51272,6339.95966113224,0.578333333333333,"Aruba"
"América del Norte","Aruba",2009,0,0,NA,1639.72483273258,0,11.481084565897,23.3713,-0.0923,0,43.6397,76.0728,13.3082,67.6313660738584,81.2003,451.196291182732,1598.04670224407,4.6603,NA,2313.95588433311,NA,0,0,13.3661,57401,44052,47292,51919,6337.56256113224,0.834396614450918,"Aruba"
"América del Norte","Aruba",2010,0,0,NA,1639.72483273258,0,11.481084565897,23.3317,-0.0923,0,49.3349,85.016,15.0266,67.6313660738584,81.1569,451.196291182732,1598.04670224407,4.3503,NA,2313.95588433311,NA,0,0,11.4194,57891,43778,47858,52484,6351.57966113224,1.24381818181818,"Aruba"
"América del Norte","Aruba",2011,0,0,NA,1639.72483273258,0,11.481084565897,23.9337,-0.0565,0,47.9232,84.3831,15.7592,67.6313660738584,81.2692,451.196291182732,1598.04670224407,3.8503,NA,2313.95588433311,NA,0,0,11.3387,58231,43822,48307,52980,6350.43706113224,0.523083333333333,"Aruba"
"América del Norte","Aruba",2012,0,0,NA,1639.72483273258,0,11.481084565897,24.395,-0.0565,0,46.2556,81.2008,15.1195,67.6313660738584,81.3093,451.196291182732,1598.04670224407,3.9903,NA,2313.95588433311,NA,0,0,12.4611,58513,44064,48632,53480,6346.71126113224,0.52325,"Aruba"
"América del Norte","Aruba",2013,0,0,NA,1639.72483273258,0,11.481084565897,24.5003,-0.0565,0,45.9089,81.821,14.326,67.6313660738584,81.4166,451.196291182732,1598.04670224407,4.0403,NA,2313.95588433311,NA,0,0,13.5074,58826,44361,48927,53953,6347.50016113224,1.12091666666667,"Aruba"
"América del Norte","Aruba",2014,0,0,NA,1639.72483273258,0,11.481084565897,24.7499,-0.0565,0,46.8586,85.2104,13.8658,67.6313660738584,81.5149,451.196291182732,1598.04670224407,4.0703,NA,2313.95588433311,NA,0,0,13.5088,59121,44674,49191,54403,6351.75836113224,1.11925,"Aruba"
"América del Norte","Aruba",2015,0,0,NA,1639.72483273258,0,11.481084565897,25.3448,-0.0565,0,47.4143,86.913,13.9997,67.6313660738584,81.6724,451.196291182732,1598.04670224407,4.0503,NA,2313.95588433311,NA,0,0,13.2596,59362,44979,49430,54828,6354.63376113224,1.14375,"Aruba"
"América del Norte","Aruba",2016,0,0,NA,1639.72483273258,0,11.481084565897,25.3096,-0.1222,0,47.7611,89.7191,13.9895,67.6313660738584,81.7694,451.196291182732,1598.04670224407,3.9903,NA,2313.95588433311,NA,0,0,12.6772,59547,45275,49650,55224,6357.13016113224,0.9932,"Aruba"
"América del Norte","Aruba",2017,0,0,NA,1639.72483273258,0,11.481084565897,26.2246,-0.1222,0,45.9406,90.295,16.0192,67.6313660738584,81.8937,451.196291182732,1598.04670224407,3.9903,NA,2313.95588433311,NA,0,0,13.7108,59692,45572,49847,55591,6359.98816113224,1.23233333333333,"Aruba"
"América del Norte","Aruba",2018,0,0,NA,1639.72483273258,0,11.481084565897,26.471,-0.1222,0,43.0894,93.0774,16.5308,67.6313660738584,82.0235,451.196291182732,1598.04670224407,3.9803,NA,2313.95588433311,NA,0,0,14.4825,59798,45872,50026,55935,6361.56886113224,0.66275,"Aruba"
"América del Norte","Aruba",2019,0,0,NA,1639.72483273258,0,11.481084565897,24.3904,-0.1222,0,44.0736,97.3259,16.6054,67.6313660738584,82.1538,451.196291182732,1598.04670224407,3.9303,NA,2313.95588433311,NA,0,0,13.0477,59871,46182,50188,56254,6363.44106113224,1.05963636363636,"Aruba"
"América del Norte","Aruba",2020,0,0,NA,1410.44550601779,0,11.481084565897,22.7682,-0.1222,0,44.8158,100.8495,16.5172,67.6313660738584,81.7812,451.196291182732,1598.04670224407,3.9003,NA,2313.95588433311,NA,0,0,16.7092,59927,46511,50211,56373,6139.97603441745,1.29766666666667,"Aruba"
"América del Norte","Bahamas",1990,10.3442,45.7301,0.0393,246.40727646444,0,6,25.7398,0,0,62.4638,47.1349,26.082,89.983908055788,237.1509,209.587728357542,1474.17416922303,11.1007,2.9952,4.9675,2.5955,0,32.0783,34.612,51682,204654,133065,137614,2569.1872821008,0.895666666666667,"Bahamas"
"América del Norte","Bahamas",1991,10.3442,45.7301,0.0382,246.40727646444,0,7,22.9193,0,0,72.3049,43.9763,28.866,89.983908055788,238.2733,209.587728357542,1474.17416922303,12.0008,2.4723,4.2979,2.171,0,32.0783,36.7681,52049,209067,135741,140316,2579.3937821008,0.785166666666667,"Bahamas"
"América del Norte","Bahamas",1992,10.3442,45.7301,0.0255,246.40727646444,0,7,17.2651,0,0,73.3316,32.2639,25.8451,128.200388812342,239.0254,209.587728357542,1470.69391462303,11.2008,2.7381,4.571,2.3529,0,32.0783,20.5919,52446,213688,138557,143416,2579.25320825735,0.254666666666667,"Bahamas"
"América del Norte","Bahamas",1993,10.3442,45.7301,0.0206,246.40727646444,0,8,15.4992,0,0,79.5912,20.2411,29.0171,128.200388812342,239.6165,209.587728357542,1470.69391462303,11.6008,2.6839,4.5445,2.3258,0,32.0783,19.3441,52829,218336,141526,146638,2575.52670825735,0.35575,"Bahamas"
"América del Norte","Bahamas",1994,10.3442,45.7301,0.0156,246.40727646444,0,10,15.5081,0,0,80.5399,24.1343,45.3416,128.200388812342,240.4848,209.587728357542,1470.69391462303,11.9008,2.2956,4.0619,2.0209,0,32.0783,28.8596,53137,222758,144309,149688,2608.20500825735,0.885083333333333,"Bahamas"
"América del Norte","Bahamas",1995,10.3442,45.7301,0.0156,246.40727646444,0,3,18.3419,0,0,90.4143,34.3808,50.7846,128.200388812342,241.4575,209.587728357542,1470.69391462303,11.7008,3.9886,6.125,3.3541,0,32.0783,36.5295,53338,226812,146949,152605,2643.13460825735,0.53625,"Bahamas"
"América del Norte","Bahamas",1996,9.0087,98.6015,0.0156,246.40727646444,0,12,17.6344,0,0,90.6733,35.2172,47.1993,128.200388812342,242.2915,209.587728357542,1470.69391462303,12.7008,5.2397,7.7834,4.3615,0,47.7196,38.0042,53410,230380,149491,155441,2723.34000825735,0.0489166666666667,"Bahamas"
"América del Norte","Bahamas",1997,9.0156,97.4005,0.0175,246.40727646444,0,7,17.9859,0,0,96.7803,37.987,58.8176,128.200388812342,245.5323,209.587728357542,1470.69391462303,12.1008,4.377,6.7258,3.6659,0,56.3802,20.8647,53388,233582,151955,158215,2729.54040825735,0.825166666666667,"Bahamas"
"América del Norte","Bahamas",1998,12.0065,109.5698,0.0184,246.40727646444,0,8,18.3373,0,0,105.9419,32.3664,55.6318,128.200388812342,247.4094,209.587728357542,1470.69391462303,12.8008,6.5004,9.3425,5.3629,0,57.6187,66.1445,53339,236721,154412,160986,2801.94060825735,1.03291666666667,"Bahamas"
"América del Norte","Bahamas",1999,16.6088,108.3799,0.0182,246.40727646444,0,9,18.3373,0,0,115.2668,37.8956,54.9495,128.200388812342,249.065,209.587728357542,1470.69391462303,12.6009,3.575,5.5031,3.0438,0,44.0224,81.4693,53360,240212,156702,163570,2814.62490825735,0.484583333333333,"Bahamas"
"América del Norte","Bahamas",2000,9.5275,137.976,0.0146,246.40727646444,0,4,18.3373,0,0,120.7675,45.2455,64.1291,128.200388812342,250.1623,209.587728357542,1470.69391462303,11.4009,3.5253,5.5121,2.9781,0,44.8971,96.8825,53599,244291,158879,166136,2870.24510825735,0.1495,"Bahamas"
"América del Norte","Bahamas",2001,6.5095,17.1472,0.0136,246.40727646444,0,10,18.6887,0,0,125.657,49.627,64.9336,128.200388812342,251.2076,209.587728357542,1470.69391462303,12.2009,3.6522,5.71,3.0897,0,15.7211,89.8988,54415,248720,160964,168662,2728.94620825735,0.26175,"Bahamas"
"América del Norte","Bahamas",2002,9.2821,18.0317,0.0137,246.40727646444,0,15,19.3882,0,0,135.5366,56.2757,65.7815,128.200388812342,252.2752,209.587728357542,1470.69391462303,12.4009,3.7141,5.7301,3.1296,0,17.2538,89.1717,55365,253792,162950,171053,2757.87420825735,0.800833333333333,"Bahamas"
"América del Norte","Bahamas",2003,0.917,5.5647,0.0151,246.40727646444,0,13,19.7276,0,0,137.8271,59.8352,59.6708,128.200388812342,252.8987,209.587728357542,1470.69391462303,11.5009,4.3289,6.5307,3.6242,0,5.5647,72.5941,56412,259334,164975,173516,2708.48900825735,0.864333333333333,"Bahamas"
"América del Norte","Bahamas",2004,26.7361,42.0387,0.0156,246.40727646444,0,4,19.3672,0,0,127.777,62.6457,52.482,128.200388812342,253.4237,209.587728357542,1470.69391462303,11.9009,4.3767,6.6316,3.6599,0,38.5397,77.5677,57487,265039,167044,176046,2786.05180825735,0.350166666666667,"Bahamas"
"América del Norte","Bahamas",2005,10.9329,38.2676,0.0158,246.40727646444,0,11,21.1202,0,0,140.7068,70.8903,46.6294,128.200388812342,254.2448,209.587728357542,1470.69391462303,12.801,4.3869,6.6243,3.6607,0,26.9925,51.6492,58548,270701,169176,178628,2754.81170825735,0.471,"Bahamas"
"América del Norte","Bahamas",2006,7.464,24.3285,0.0166,246.40727646444,0,3,23.5803,0,0,124.1558,74.4238,31.3218,128.200388812342,255.0774,209.587728357542,1470.69391462303,13.301,4.3779,6.6331,3.6603,0,24.0693,25.7989,59577,276253,171363,181302,2676.09800825735,0.584416666666667,"Bahamas"
"América del Norte","Bahamas",2007,9.4372,5.5651,0.0174,246.40727646444,0,4,23.2199,0,0,139.4415,72.9019,37.4046,128.200388812342,255.8211,209.587728357542,1470.69391462303,13.701,4.3696,6.6188,3.6569,0,5.5651,35.5752,60587,281741,173576,184090,2672.18460825735,0.885166666666667,"Bahamas"
"América del Norte","Bahamas",2008,22.6456,55.4682,0.0213,246.40727646444,0,2,24.6329,0,0,137.3256,78.3727,36.6552,128.200388812342,256.3222,209.587728357542,1470.69391462303,13.601,4.3676,6.6203,3.6567,0,54.8201,28.4657,61564,287112,175825,186970,2779.86440825735,0.71625,"Bahamas"
"América del Norte","Bahamas",2009,9.5827,35.0157,0.025,246.40727646444,0,2,48.7419,0,0,117.1861,94.2342,30.7298,128.200388812342,256.6471,209.587728357542,1470.69391462303,13.501,4.3696,6.6188,3.6569,0,26.8508,46.8307,62508,292348,178154,189903,2750.87960825735,0.529833333333333,"Bahamas"
"América del Norte","Bahamas",2010,2.8367,15.444,0.0277,246.40727646444,0,2,59.2858,0,0,127.5316,109.8675,35.7634,128.200388812342,256.871,209.587728357542,1470.69391462303,13.4011,4.3716,6.6174,3.657,0,15.444,56.7148,63410,297422,180438,192834,2764.72290825735,-0.145833333333333,"Bahamas"
"América del Norte","Bahamas",2011,22.4063,60.6555,0.0281,246.40727646444,0,4,54.2165,0,0,125.8174,92.4788,39.3269,98.4287398069922,256.989,209.587728357542,1470.69391462303,12.5011,4.3902,6.6362,3.663,0,56.7677,49.5859,64238,302330,182453,195497,2814.580259252,0.741,"Bahamas"
"América del Norte","Bahamas",2012,5.9669,9.4627,0.0282,246.40727646444,0,4,51.7657,0,0,111.3803,107.1514,35.09,98.4287398069922,257.7842,209.587728357542,1470.69391462303,12.6011,4.3762,6.6656,3.6603,0,9.4627,52.0036,64986,307053,184251,197810,2696.516559252,0.328333333333333,"Bahamas"
"América del Norte","Bahamas",2013,18.9266,72.7611,0.0283,246.40727646444,0,3,51.1996,0,0,109.9001,108.2827,32.5013,98.4287398069922,257.8806,209.587728357542,1470.69391462303,12.6011,4.3768,6.6664,3.6605,0,72.6315,56.8652,65653,311587,185807,199843,2836.399459252,0.69,"Bahamas"
"América del Norte","Bahamas",2014,4.8945,15.1969,0.0281,246.40727646444,0,3,52.6118,0,0,117.1789,109.9499,32.2925,98.4287398069922,257.4059,209.587728357542,1470.69391462303,12.6011,4.3772,6.6649,3.6604,0,11.8267,61.1715,66238,315931,187310,201821,2717.977959252,0.667833333333333,"Bahamas"
"América del Norte","Bahamas",2015,8.5135,18.0183,0.0242,246.40727646444,0,5,54.9962,0,0,124.4027,121.1099,34.7116,128.200388812342,257.9172,209.587728357542,1470.69391462303,12.3011,4.4921,6.8336,3.7615,0,11.4084,67.5264,66744,320094,188854,203844,2785.90600825735,1.4215,"Bahamas"
"América del Norte","Bahamas",2016,9.7612,42.9838,0.0269,246.40727646444,0,5,54.6483,0,0,141.123,142.7865,34.8496,128.200388812342,258.2205,209.587728357542,1470.69391462303,12.3011,4.442,6.7701,3.7215,0,35.3379,63.3107,67166,324066,190240,205736,2870.17240825735,0.98975,"Bahamas"
"América del Norte","Bahamas",2017,16.284,91.7225,0.0264,246.40727646444,0,4,57.9545,0,0,114.7081,148.17,36.2568,128.200388812342,258.6799,209.587728357542,1470.69391462303,12.3012,4.4982,6.8352,3.7665,0,86.4072,140.3409,67508,327853,191491,207529,3036.84070825735,1.16125,"Bahamas"
"América del Norte","Bahamas",2018,1.825,8.3492,0.0258,246.40727646444,0,4,60.018,0,0,117.7939,152.068,38.6354,128.200388812342,259.1723,209.587728357542,1470.69391462303,12.3012,4.5895,6.9511,3.8378,0,8.3492,100.3641,67779,331506,192656,209250,2833.16980825735,1.09275,"Bahamas"
"América del Norte","Bahamas",2019,2.5464,16.9745,0.0264,246.40727646444,0,4,66.6277,0,0,119.8123,173.1356,38.645,128.200388812342,259.6781,209.587728357542,1470.69391462303,12.3012,4.5978,6.9663,3.8444,0,16.9745,81.2641,67996,335099,193737,210821,2862.28360825735,1.47091666666667,"Bahamas"
"América del Norte","Bahamas",2020,11.3206,25.8788,0.0262,246.40727646444,0,4,46.6315,0,0,114.4652,170.6973,38.5598,128.200388812342,258.5731,209.587728357542,1470.69391462303,12.3012,4.6283,7.0091,3.8687,0,25.8788,97.8904,68165,338674,194506,211965,2876.61830825735,1.49316666666667,"Bahamas"
"América del Norte","Barbados",1990,0.0135,0,0.106,246.40727646444,0,20,28.9206,0.0234,0,37.2394,24.0435,20.3070255008299,67.6313660738584,159.6115,209.587728357542,667.209524460153,108.0008,8.0807,18.4142,8.1518,0,0,19.6324,162968,97406,124496,134373,1643.38072085682,0.322454545454545,"Barbados"
"América del Norte","Barbados",1991,0.0135,0,0.0971,246.40727646444,0,26,28.9206,0.0234,0,82.6469,24.8442,24.2851173111753,67.6313660738584,159.68,209.587728357542,667.209524460153,109.0008,8.0256,18.397,8.0776,0,0,15.5246,164538,96737,124781,134621,1696.37231266717,0.409833333333333,"Barbados"
"América del Norte","Barbados",1992,0.0135,0,0.0835,246.40727646444,0,25,28.5648,0.0234,0,77.3713,25.6306,24.2851173111753,75.9042602279328,159.0301,209.587728357542,658.540603536344,96.3008,6.9157,18.8441,7.5289,0,0,8.677,166111,96073,125129,135084,1668.70868589743,0.343083333333333,"Barbados"
"América del Norte","Barbados",1993,0.0135,0,0.0737,246.40727646444,0,22,28.2177,0.0234,0,82.0929,17.5291,24.2851173111753,80.6077316661513,158.8651,209.587728357542,658.540603536344,40.2008,6.7461,17.8899,7.3647,0,0,7.5369,167632,95457,125450,135546,1607.98225733565,0.424916666666667,"Barbados"
"América del Norte","Barbados",1994,0.0135,0,0.0602,246.40727646444,0,17,29.9795,0.0234,0,78.3589,18.2537,24.2851173111753,80.6077316661513,158.8226,209.587728357542,658.540603536344,47.9008,7.0592,18.3305,7.5821,0,0,9.8199,169171,94844,125727,135985,1612.63275733565,0.37975,"Barbados"
"América del Norte","Barbados",1995,0.0135,0,0.0504,246.40727646444,0,27,29.6235,0.0234,0,90.4859,22.2648,24.2851173111753,80.6077316661513,159.9207,209.587728357542,658.540603536344,46.1008,7.4775,18.8279,7.8062,0,0,9.8199,170723,94236,125947,136357,1638.84295733565,0.502833333333333,"Barbados"
"América del Norte","Barbados",1996,0,0,0.0369,246.40727646444,0,23,26.7943,0.0234,0,88.8513,26.7646,24.2851173111753,89.983908055788,162.0451,209.587728357542,667.209524460153,61.9008,7.9065,19.3533,8.0044,0,0,9.2954,172305,93637,126121,136672,1671.4495546491,0.263416666666667,"Barbados"
"América del Norte","Barbados",1997,0,0,0.0301,246.40727646444,0,13,32.0836,0.0234,0,91.0989,31.5867,24.2851173111753,98.4287398069922,163.0502,209.587728357542,658.540603536344,104.0008,7.9221,18.2008,7.7781,0,0,6.6825,173900,93045,126267,136957,1712.70666547649,0.352833333333333,"Barbados"
"América del Norte","Barbados",1998,0,0,0.0339,246.40727646444,0,18,35.6159,0.0234,0,97.091,26.6169,24.2851173111753,89.983908055788,160.9396,209.587728357542,658.540603536344,141.0008,7.8626,17.912,7.6555,0,0,6.6832,175500,92450,126421,137220,1748.23943372529,1.06791666666667,"Barbados"
"América del Norte","Barbados",1999,0,0,0.0282,246.40727646444,0,17,36.6702,0.0234,0,94.6198,35.4382,24.2851173111753,98.4287398069922,161.9797,209.587728357542,658.540603536344,136.0008,7.7246,17.0674,7.4887,0,0,6.6836,177080,91842,126650,137520,1757.97406547649,0.426583333333333,"Barbados"
"América del Norte","Barbados",2000,0,0,0.025,246.40727646444,0,18,38.7832,0.0234,0,83.0474,42.6532,24.2851173111753,128.200388812342,163.6784,209.587728357542,658.540603536344,143.0008,7.4008,16.3919,6.9538,0,0,6.6842,178566,91281,126860,137797,1793.66321448184,0.284916666666667,"Barbados"
"América del Norte","Barbados",2001,0,0,0.0236,246.40727646444,0,17,39.4818,-1.3843,0,49.0253,65.5273,23.9483335615977,128.200388812342,163.5569,209.587728357542,658.540603536344,134.0008,6.6043,14.7183,6.2118,0,0,6.6845,179657,91028,127156,138220,1768.13463073226,0.583583333333333,"Barbados"
"América del Norte","Barbados",2002,0,0,0.023,246.40727646444,0,19,40.5361,-1.3843,0,58.1018,75.3442,24.2851173111753,128.200388812342,163.4931,209.587728357542,658.540603536344,158.0008,6.2254,14.0899,5.7263,0,0,4.1849,180720,90758,127609,138845,1810.36231448184,0.4828,"Barbados"
"América del Norte","Barbados",2003,0,0,0.0288,246.40727646444,0,19,41.38,-1.3843,0,56.5083,91.8868,24.2851173111753,98.4287398069922,162.758,209.587728357542,658.540603536344,164.0008,6.4269,13.4494,6.077,0,0,3.906,181776,90482,128040,139459,1801.28716547649,0.90225,"Barbados"
"América del Norte","Barbados",2004,0,0,0.0194,246.40727646444,0,19,42.5383,-1.3843,0,55.3977,94.4884,24.2851173111753,128.200388812342,163.0204,209.587728357542,658.540603536344,163.0008,7.3016,13.6421,6.9122,0,0,4.0114,182870,90221,128444,140061,1834.96911448184,0.671666666666667,"Barbados"
"América del Norte","Barbados",2005,0,0,0.0232,246.40727646444,0,19,44.1968,-1.3843,0,57.0102,101.3768,24.2851173111753,128.200388812342,164.0813,209.587728357542,658.540603536344,165.0008,7.3879,12.9927,6.9638,0,0,4.1874,184021,89988,128828,140649,1847.85771448184,1.11783333333333,"Barbados"
"América del Norte","Barbados",2006,0,0,0.0246,246.40727646444,0,20,45.059,-1.3843,0,55.6936,100.6189,24.2851173111753,128.200388812342,164.092,209.587728357542,658.540603536344,163.0008,7.468,12.155,7.0731,0,0,4.2648,185251,89788,129191,141234,1845.08661448184,0.856,"Barbados"
"América del Norte","Barbados",2007,0,0,0.021,246.40727646444,0,14,44.9931,-1.3843,0,57.8796,114.6952,24.2851173111753,128.200388812342,165.0247,209.587728357542,658.540603536344,159.0008,7.7961,11.642,7.2093,0,0,5.4336,186537,89613,129595,141849,1853.33221448184,0.632416666666667,"Barbados"
"América del Norte","Barbados",2008,0,0,0.0178,246.40727646444,0,11.481084565897,49.9173,-1.3843,0,57.7241,118.5332,24.2851173111753,128.200388812342,165.1736,209.587728357542,658.540603536344,153.0008,7.7696,11.9944,7.2279,0,0,10.6399,187866,89453,130103,142532,1859.11649904774,0.2305,"Barbados"
"América del Norte","Barbados",2009,0,0,0.0175,246.40727646444,0,3,48.465,-1.3843,0,57.752,119.3307,24.2851173111753,128.200388812342,165.1236,209.587728357542,658.540603536344,123.0008,7.8456,12.3751,7.3671,0,0,10.4714,189184,89286,130593,143198,1820.38561448184,0.591166666666667,"Barbados"
"América del Norte","Barbados",2010,0.3122,0,0.0191,246.40727646444,0,13,48.6063,-1.3843,0,62.8041,128.7586,24.2851173111753,128.200388812342,164.9776,209.587728357542,1270.59141238551,111.0008,7.9038,12.6186,7.4575,0,0,9.9338,190470,89099,131042,143669,2445.08002333101,1.13683333333333,"Barbados"
"América del Norte","Barbados",2011,0,0,0.021,246.40727646444,0,16,50.4305,-0.8475,0,57.544,124.3976,24.2851173111753,128.200388812342,165.083,209.587728357542,658.540603536344,108.0008,7.878,12.6829,7.5117,0,0,6.4773,191650,88951,131499,143988,1822.20041448184,0.646583333333333,"Barbados"
"América del Norte","Barbados",2012,0,0,0.0215,246.40727646444,0,11,48.0569,-0.8475,0,56.8925,124.2679,24.2851173111753,128.200388812342,165.29,209.587728357542,658.540603536344,87.4008,7.9721,12.8325,7.6029,0,0,7.3058,192736,88849,131915,144282,1794.81651448184,0.49425,"Barbados"
"América del Norte","Barbados",2013,0,0,0.0192,246.40727646444,0,14,46.49,-0.8475,0,54.9896,105.5231,24.2851173111753,128.200388812342,164.9577,209.587728357542,658.540603536344,80.5008,8.046,12.9841,7.6889,0,0,7.1255,193719,88790,132304,144561,1768.49851448184,0.681666666666667,"Barbados"
"América del Norte","Barbados",2014,0.04,0,0.0074,246.40727646444,0,18,45.1852,-0.8475,0,56.1006,121.6931,24.2851173111753,128.200388812342,164.2524,209.587728357542,1068.29679273842,80.3008,8.0234,12.9224,7.6452,0,0,11.1656,194607,88778,132669,144824,2201.26590368392,0.496,"Barbados"
"América del Norte","Barbados",2015,0,0,0.0097,246.40727646444,0,18,45.9675,-0.8475,0,58.5502,115.3694,24.2851173111753,128.200388812342,163.5766,209.587728357542,667.209524460153,80.4008,8.363,13.4652,7.9409,0,0,6.0882,195402,88815,133010,145073,1792.57403540565,0.927,"Barbados"
"América del Norte","Barbados",2016,0,0,0.0082,246.40727646444,0,18,46.7186,-1.8328,0,61.5545,122.5101,24.2851173111753,128.200388812342,165.0143,209.587728357542,667.209524460153,80.4008,9.2552,14.5721,8.5623,0,0,6.1841,196098,88898,133334,145315,1806.63743540565,1.1774,"Barbados"
"América del Norte","Barbados",2017,0,0,0.0072,246.40727646444,0,15,47.5947,-1.8328,0,57.831,134.9798,24.2851173111753,128.200388812342,172.0105,209.587728357542,667.209524460153,80.6008,9.4451,15.2291,8.7141,0,0,6.3901,196693,89026,133644,145542,1821.65963540565,1.24233281766839,"Barbados"
"América del Norte","Barbados",2018,0,0,0.0089,246.40727646444,0,14,46.7114,-1.8328,0,50.2673,142.5809,24.2851173111753,128.200388812342,179.0569,209.587728357542,667.209524460153,80.7008,8.5526,14.3473,7.9078,0,0,6.7531,197187,89201,133936,145752,1824.74423540565,1.24233281766839,"Barbados"
"América del Norte","Barbados",2019,0,0,0.0058,246.40727646444,0,7,47.8034,-1.8328,0,50.4534,150.6776,24.2851173111753,172.179779322716,185.91,209.587728357542,658.540603536344,80.1008,8.5592,14.5386,7.8428,0,0,7.1399,197584,89426,134222,145957,1869.19920499222,1.26135900700243,"Barbados"
"América del Norte","Barbados",2020,0,0,0.0045,246.40727646444,0,7,37.686,-1.8328,0,48.7303,151.3544,23.9483335615977,172.179779322716,192.3421,209.587728357542,667.209524460153,80.1008,8.6579,14.4863,7.9907,0,0,6.348,197873,89695,134528,146165,1872.20084216645,1.26135900700243,"Barbados"
"América del Norte","Belize",1990,13.4721,92.238,1.9772,2.5088,149.7348,14,11.3109,-4.961,6351.884,41.7323,2.8655,0.1191,67.6313660738584,254.5859,209.587728357542,5707.50004155544,1.9105,4.114,28.4958,5.8837,0,92.238,12.4797,98531,89021,92420,90169,13061.3084359868,0.437833333333333,"Belize"
"América del Norte","Belize",1991,13.4721,92.238,2.5429,2.9126,149.7348,13,13.1438,-4.961,6351.884,57.4511,3.1004,0.2061,67.6313660738584,243.2369,209.587728357542,5707.50004155544,2.2006,4.6871,26.0626,6.2053,0,92.238,9.6049,100779,90347,94400,92062,13063.6793359868,0.57875,"Belize"
"América del Norte","Belize",1992,13.4721,92.238,2.328,2.301,149.7348,20,19.5824,-4.961,6351.884,18.7907,3.3138,0.3165,67.6313660738584,231.5698,209.587728357542,5704.01978695544,2.1006,5.4444,31.5944,7.2442,0,92.238,25.9107,102873,91444,96410,93889,13046.3412813868,0.33325,"Belize"
"América del Norte","Belize",1993,13.4721,92.238,2.8239,3.4927,149.7348,22,21.3537,-4.961,6351.884,18.4445,1.6899,0.2929,67.6313660738584,219.9079,209.587728357542,5704.01978695544,2.1406,4.69,27.5499,6.3577,0,92.238,26.8619,105037,92579,98382,95794,13033.4503813868,0.38275,"Belize"
"América del Norte","Belize",1994,13.4721,92.238,2.3594,3.3226,149.7348,21,22.7012,-4.961,6351.884,22.7281,2.1924,0.3161,67.6313660738584,208.3238,209.587728357542,5704.01978695544,2.1206,4.2884,28.1898,5.6281,0,92.238,26.8619,107620,94054,100525,97891,13025.8771813868,0.80225,"Belize"
"América del Norte","Belize",1995,13.4721,92.238,2.8578,3.8667,148.1207,27,23.2268,-4.961,6351.884,25.1215,2.364,0.3488,67.6313660738584,200.9208,209.587728357542,5704.01978695544,2.1206,4.1488,20.5825,5.2988,0,92.238,42.2164,110879,96084,103111,100445,13034.3041813868,0.7615,"Belize"
"América del Norte","Belize",1996,6.0595,80.8072,3.4249,4.5441,148.1207,26,17.2095,-4.961,6351.884,24.0072,2.4549,0.2845,67.6313660738584,204.0976,209.587728357542,5704.01978695544,2.1106,4.592,21.3378,5.7474,0,80.8072,18.232,114927,98749,106262,103579,12977.9989813868,0.20675,"Belize"
"América del Norte","Belize",1997,3.9835,53.9155,3.7512,4.8992,145.2841,24,24.6868,-4.961,6351.884,25.8672,2.768,0.3285,67.6313660738584,212.0984,209.587728357542,5704.01978695544,2.3506,3.9327,22.1664,4.9953,0,53.9155,34.5406,119660,101946,109906,107211,12951.6453813868,0.864916666666667,"Belize"
"América del Norte","Belize",1998,5.4011,135.4092,3.219,4.0925,145.2841,23,27.7891,-4.961,6351.884,26.8968,1.8072,0.4666,67.6313660738584,202.7005,209.587728357542,5704.01978695544,2.3707,3.9773,24.1765,5.1874,0,135.4092,26.8619,124831,105453,113805,111102,13102.2109813868,0.90675,"Belize"
"América del Norte","Belize",1999,3.9397,75.9469,3.6943,3.6095,141.113,187,25.6899,-4.961,6351.884,27.5967,1.9399,0.3071,67.6313660738584,217.3398,271.243673167076,5709.01605745544,2.4707,4.3529,26.9604,5.7659,0,75.9469,28.7882,130073,108953,117713,115020,13227.2758966964,0.338166666666667,"Belize"
"América del Norte","Belize",2000,4.797,117.8018,3.0376,2.8412,137.3326,25,28.6824,-4.961,6351.884,33.6253,3.3089,0.4388,67.6313660738584,288.4065,209.587728357542,5709.01605745544,2.3007,4.1901,24.7323,5.5463,0,117.8018,56.4105,135040,112275,121540,118866,13189.4119518868,0.186833333333333,"Belize"
"América del Norte","Belize",2001,5.6314,44.7414,3.457,3.1532,136.3031,25,26.9669,-4.961,3067.702,42.5438,4.8714,0.6694,67.6313660738584,282.9946,209.587728357542,5602.46626176189,2.4507,5.1151,27.8188,6.5645,0,44.7414,72.696,139270,115714,125328,122772,9678.14505619329,0.5565,"Belize"
"América del Norte","Belize",2002,8.9197,79.6138,3.5924,3.7428,136.5416,20,25.1709,-4.961,3067.702,38.0561,5.7112,0.5887,67.6313660738584,278.0689,209.587728357542,5602.46626176189,2.4608,5.4152,27.8189,6.3709,0,79.6138,75.6112,143260,118946,129160,126827,9739.72325619329,0.69075,"Belize"
"América del Norte","Belize",2003,27.247,287.8931,3.7008,3.5547,132.7453,8,26.2267,-4.961,3067.702,43.0325,7.0292,0.7393,67.6313660738584,268.2004,209.587728357542,5709.01605745544,2.5508,4.9601,27.7784,5.9949,0,287.8931,59.2651,147088,122042,133040,130958,10245.7875518868,0.823083333333333,"Belize"
"América del Norte","Belize",2004,3.8243,2.2232,3.2564,2.4586,133.9533,11,26.9246,-4.961,3067.702,42.3152,8.0885,0.6708,67.6313660738584,262.7228,209.587728357542,5709.01605745544,2.5408,5.0734,27.938,6.0883,0,2.2232,47.6795,150939,125150,136966,135162,9637.95705188684,0.807833333333333,"Belize"
"América del Norte","Belize",2005,17.76,100.738,4.0701,2.9635,136.1088,4,27.6331,-4.961,3067.702,44.0457,9.4749,0.6921,67.6313660738584,255.6072,209.587728357542,5709.01605745544,2.7708,4.3607,27.9882,5.4413,0,100.738,51.6533,154917,128360,140947,139428,9845.02185188684,0.897166666666667,"Belize"
"América del Norte","Belize",2006,7.0935,26.1211,3.1404,2.2838,138.3939,10,28.7029,-4.961,3067.702,47.1479,10.13,0.7931,67.6313660738584,250.3928,209.587728357542,5602.46626176189,2.8108,4.392,32.0024,5.6255,0,26.1211,67.5827,159051,131696,144981,143749,9605.16025619329,0.652166666666667,"Belize"
"América del Norte","Belize",2007,24.0863,134.5007,3.9264,2.911,142.3479,8,29.8412,-4.961,3067.702,51.0333,9.9349,0.8694,67.6313660738584,243.8041,209.587728357542,5709.01605745544,2.7509,4.4279,34.1174,5.6042,0,134.5007,54.6118,163292,135115,149054,148119,9936.24425188684,0.851583333333333,"Belize"
"América del Norte","Belize",2008,18.2481,61.4154,3.5415,2.6578,149.8864,12,31.3566,-4.961,3067.702,43.5432,10.3914,0.8254,67.6313660738584,236.5256,209.587728357542,5709.01605745544,2.7309,4.4545,37.6571,5.9286,0,61.4154,43.1475,167590,138575,153151,152520,9774.70155188684,0.539833333333333,"Belize"
"América del Norte","Belize",2009,7.0241,27.0949,4.9563,3.5899,154.5093,17,32.8573,-4.961,3067.702,47.3759,19.0591,0.9665,67.6313660738584,230.5704,209.587728357542,5709.01605745544,2.9509,4.9378,41.8649,6.6714,0,27.0949,52.1649,171893,142036,157247,156923,9729.66465188684,1.03158333333333,"Belize"
"América del Norte","Belize",2010,14.5999,56.2721,5.6309,3.6127,154.6402,11,35.4564,-4.961,3067.702,46.8879,18.5393,3.8207,67.6313660738584,225.2849,209.587728357542,5709.01605745544,2.9709,5.0137,42.5608,6.7904,0,56.2721,58.2964,176152,145456,161229,160877,9796.62545188684,0.585833333333333,"Belize"
"América del Norte","Belize",2011,34.5439,407.4147,5.1214,3.4927,155.0846,14,49.3926,-4.51,5286.622,50.1255,18.3629,3.96,67.6313660738584,219.2784,209.587728357542,5709.01605745544,2.781,5.2319,44.8118,7.175,0,407.4147,54.907,180304,148888,165130,164408,12751.4452518868,0.85625,"Belize"
"América del Norte","Belize",2012,2.4169,11.6717,5.2091,2.1254,155.0157,14,36.154,-4.51,5286.622,43.0037,18.9183,3.6919,67.6313660738584,214.2345,209.587728357542,5709.01605745544,2.771,5.7624,46.2344,7.7074,0,11.6717,59.4734,184356,152345,169071,167988,11908.4086518868,0.725,"Belize"
"América del Norte","Belize",2013,32.6179,130.7522,6.403,3.078,155.3045,17,38.9043,-4.51,5286.622,30.4312,18.9609,3.4065,67.6313660738584,207.8297,209.587728357542,5602.46626176189,2.871,5.7193,50.7276,7.9278,0,130.7522,62.1286,188329,155852,173067,171620,12066.6120561933,0.779416666666667,"Belize"
"América del Norte","Belize",2014,6.9699,15.7016,5.4595,2.7526,154.2401,16,43.0462,-4.51,5286.622,28.1976,27.1724,3.676,67.6313660738584,202.6063,209.587728357542,5602.46626176189,2.871,5.7374,43.4356,7.4819,0,15.7016,70.2296,192252,159442,177061,175274,11813.0766561933,0.688666666666667,"Belize"
"América del Norte","Belize",2015,16.0648,56.9693,5.3486,2.3402,154.2401,16,57.0616,-4.51,5286.622,52.6046,28.9065,3.6028,67.6313660738584,194.7513,209.587728357542,5602.46626176189,2.941,5.9247,44.1917,7.5658,0,56.9693,82.1468,196149,163139,180965,178905,11949.4264561933,1.66775,"Belize"
"América del Norte","Belize",2016,15.5846,47.6607,5.5146,2.6601,158.0237,18,53.9792,-5.412,5036.768,55.3609,30.4818,3.3619,67.6313660738584,189.6017,209.587728357542,5602.46626176189,2.9211,6.0158,44.8932,7.6214,0,47.6607,80.3443,200009,166945,184798,182514,11680.7270561933,1.38458333333333,"Belize"
"América del Norte","Belize",2017,13.6846,101.988,7.0728,3.114,164.738,16,51.6725,-5.412,5036.768,54.2077,29.6078,2.6556,67.6313660738584,184.4993,209.587728357542,5602.46626176189,2.9211,6.2775,46.9483,7.9041,0,101.988,74.3238,203824,170857,188588,186106,11780.6444561933,1.20225,"Belize"
"América del Norte","Belize",2018,11.1427,27.5115,6.1658,2.1309,168.4535,15,50.1245,-5.412,5036.768,57.5701,31.43,2.6172,67.6313660738584,179.4355,209.587728357542,5602.46626176189,2.9511,6.2982,47.809,8.1051,0,27.5115,65.8321,207573,174871,192359,189707,11621.1300561933,0.8895,"Belize"
"América del Norte","Belize",2019,23.1199,94.3474,5.4103,1.8949,172.0101,16,58.754,-5.412,5036.768,68.147,43.0308,4.7134,67.6313660738584,175.6992,209.587728357542,5602.46626176189,2.9811,6.3847,48.5087,8.2323,0,94.3474,84.6589,211248,178983,195944,193151,11819.2814561933,1.5055,"Belize"
"América del Norte","Belize",2020,18.8544,180.3561,7.0584,2.4155,173.5741,23,47.8531,-5.412,5036.768,67.67,38.9552,3.4234,67.6313660738584,171.6219,209.587728357542,5602.46626176189,3.0012,6.4261,49.1443,8.3451,0,180.3561,63.4068,214825,183182,198810,196111,11956.5030561933,1.72558333333333,"Belize"
"América del Norte","Bermuda",1990,0,0,0.01,999.926324992196,0,2,22.7439,NA,NA,1.2783,0.0277,17.0046627850269,140.850602038931,7.16,483.126099799348,2005.79212907803,NA,NA,6233.57911361259,NA,0,0,17.9765,0,60930,28346,29123,9931.47533230612,0.60676616240287,"Bermuda"
"América del Norte","Bermuda",1991,0,0,NA,1410.44550601779,0,2,21.683,NA,NA,3.6719,0.0277,17.0046627850269,83.7804174684659,7.0712,483.126099799348,2005.79212907803,NA,NA,6233.57911361259,NA,0,0,18.2264,0,61312,28509,29365,10286.4081287612,0.326589466828326,"Bermuda"
"América del Norte","Bermuda",1992,0,0,NA,1746.10551106157,0,5,15.8176,NA,NA,3.372,0.0276,17.0046627850269,83.7804174684659,7.013,483.126099799348,2005.79212907803,NA,NA,6233.57911361259,NA,0,0,8.4565,0,61677,28688,29634,10609.074633805,0.326589466828326,"Bermuda"
"América del Norte","Bermuda",1993,0,0,NA,1680.01052542212,0,2,20.709,NA,NA,2.1754,0.0625,17.0046627850269,83.7804174684659,6.9368,483.126099799348,2005.79212907803,NA,NA,6233.57911361259,NA,0,0,16.1414,0,62034,28855,29884,10551.3180481656,0.324924035563054,"Bermuda"
"América del Norte","Bermuda",1994,0,0,NA,1680.01052542212,0,2,18.2653,NA,NA,2.9952,0.1198,17.0046627850269,83.7804174684659,6.8544,483.126099799348,2005.79212907803,NA,NA,6233.57911361259,NA,0,0,14.2926,0,62381,29006,30105,10547.8202481656,0.687158286987195,"Bermuda"
"América del Norte","Bermuda",1995,0,0,NA,1680.01052542212,0,2,17.1037,NA,NA,2.9978,0.1859,17.0046627850269,83.7804174684659,6.7781,483.126099799348,2005.79212907803,NA,NA,6233.57911361259,NA,0,0,13.025,0,62696,29150,30316,10545.3834481656,0.694224494759256,"Bermuda"
"América del Norte","Bermuda",1996,0,0,NA,1680.01052542212,0,2,15.2377,NA,NA,2.9997,0.2957,17.0046627850269,83.7804174684659,6.8152,483.126099799348,2005.79212907803,NA,NA,6233.57911361259,NA,0,0,10.8121,0,62986,29302,30539,10541.4533481656,0.39107890284397,"Bermuda"
"América del Norte","Bermuda",1997,0,0,NA,1746.10551106157,0,2,13.5012,NA,NA,3.0018,0.4369,17.0046627850269,83.7804174684659,6.864,483.126099799348,2005.79212907803,NA,NA,6233.57911361259,NA,0,0,8.8187,0,63259,29451,30776,10604.010533805,0.715312120108983,"Bermuda"
"América del Norte","Bermuda",1998,0,0,NA,1746.10551106157,0,2,13.4144,NA,NA,3.0044,0.7418,17.0046627850269,83.7804174684659,6.8585,483.126099799348,2005.79212907803,NA,NA,6233.57911361259,NA,0,0,8.525,0,63511,29596,31008,10603.932033805,0.830358761689942,"Bermuda"
"América del Norte","Bermuda",1999,0,0,NA,1746.10551106157,0,2,13.1002,NA,NA,3.0081,0.9665,17.0046627850269,83.7804174684659,6.8465,483.126099799348,2005.79212907803,NA,NA,6233.57911361259,NA,0,0,8.1932,0,63767,29742,31239,10603.502433805,0.727478284054798,"Bermuda"
"América del Norte","Bermuda",2000,0,0,NA,1746.10551106157,0,2,13.0225,NA,NA,3.0113,1.2837,17.0046627850269,83.7804174684659,6.8865,483.126099799348,2005.79212907803,NA,NA,6233.57911361259,NA,0,0,8.5559,0,64028,29901,31470,10604.147833805,0.727478284054798,"Bermuda"
"América del Norte","Bermuda",2001,0,0,NA,1746.10551106157,0,2,12.6767,NA,NA,3.013,1.6244,17.0046627850269,83.7804174684659,6.9005,483.126099799348,2005.79212907803,NA,NA,6233.57911361259,NA,0,0,8.3204,0,64323,30073,31689,10603.922933805,0.731270474686516,"Bermuda"
"América del Norte","Bermuda",2002,0,0,NA,1746.10551106157,0,2,13.385,NA,NA,3.6141,2.0059,17.0046627850269,83.7804174684659,6.9211,483.126099799348,2005.79212907803,NA,NA,6233.57911361259,NA,0,0,8.4679,0,64610,30249,31890,10605.781933805,0.809102079289129,"Bermuda"
"América del Norte","Bermuda",2003,0,0,NA,2433.62197494725,0,2,13.0405,NA,NA,3.6168,2.3815,17.0046627850269,83.7804174684659,6.9028,483.126099799348,2005.79212907803,NA,NA,6233.57911361259,NA,0,0,7.2793,0,64870,30415,32053,11292.1252976907,0.807495037952673,"Bermuda"
"América del Norte","Bermuda",2004,0,0,NA,1746.10551106157,0,2,13.0401,NA,NA,3.6208,2.7244,17.0046627850269,83.7804174684659,6.902,483.126099799348,2005.79212907803,NA,NA,6233.57911361259,NA,0,0,8.529,0,65065,30555,32185,10606.204233805,0.809102079289129,"Bermuda"
"América del Norte","Bermuda",2005,0,0,NA,1680.01052542212,0,2,14.4718,NA,NA,3.922,3.1717,17.0046627850269,83.7804174684659,6.9547,483.126099799348,2005.79212907803,NA,NA,6233.57911361259,NA,0,0,10.4674,0,65130,30657,32301,10544.2805481656,0.80973801295224,"Bermuda"
"América del Norte","Bermuda",2006,0,0,NA,1746.10551106157,0,2,17.5807,NA,NA,4.2233,3.6139,17.0046627850269,83.7804174684659,7.0459,483.126099799348,2005.79212907803,NA,NA,6155.88172718882,NA,0,0,9.6761,0,65063,30706,32375,10535.8304473813,0.811066424683588,"Bermuda"
"América del Norte","Bermuda",2007,0,0,NA,1302.12943873474,0,2,18.8375,NA,NA,1.5316,4.1102,17.0046627850269,83.7804174684659,7.0915,483.126099799348,2005.79212907803,NA,NA,6155.88172718882,NA,0,0,32.0121,0,64892,30724,32431,10113.2973750544,0.816521980803538,"Bermuda"
"América del Norte","Bermuda",2008,0,0,NA,1302.12943873474,0,2,18.018,NA,NA,1.2712,4.6372,17.0046627850269,83.7804174684659,7.1483,483.126099799348,2005.79212907803,NA,NA,6155.88172718882,NA,0,0,28.7751,0,64625,30760,32498,10109.5642750544,0.813008842444054,"Bermuda"
"América del Norte","Bermuda",2009,0,0,NA,1302.12943873474,0,2,19.0955,NA,NA,0.1874,5.112,17.0046627850269,83.7804174684659,7.1503,483.126099799348,2005.79212907803,NA,NA,6155.88172718882,NA,0,0,29.7702,0,64303,30811,32543,10111.0298750544,0.811526004324047,"Bermuda"
"América del Norte","Bermuda",2010,0,0,NA,1302.12943873474,0,2,18.9977,NA,NA,0.1726,5.3142,17.0046627850269,83.7804174684659,7.1159,483.126099799348,2005.79212907803,NA,NA,6155.88172718882,NA,0,0,31.2214,0,63956,30857,32590,10112.5362750544,0.811526004324047,"Bermuda"
"América del Norte","Bermuda",2011,0,0,NA,1302.12943873474,0,2,16.9618,NA,NA,0.1679,5.6674,17.0046627850269,83.7804174684659,7.1514,483.126099799348,2005.79212907803,NA,NA,6155.88172718882,NA,0,0,27.2399,0,63581,30898,32636,10106.9028750544,0.811526004324047,"Bermuda"
"América del Norte","Bermuda",2012,0,0,NA,1302.12943873474,0,2,16.2119,NA,NA,0.2461,5.9415,17.0046627850269,83.7804174684659,7.1315,483.126099799348,2005.79212907803,NA,NA,6155.88172718882,NA,0,0,27.0982,0,63179,30911,32650,10106.3436750544,0.811526004324047,"Bermuda"
"América del Norte","Bermuda",2013,0,0,NA,1410.44550601779,0,2,15.2401,NA,NA,1.4456,6.1938,17.0046627850269,83.7804174684659,7.1515,483.126099799348,2005.79212907803,NA,NA,6155.88172718882,NA,0,0,26.051,0,62771,30879,32627,10214.1125423375,0.81834716573917,"Bermuda"
"América del Norte","Bermuda",2014,0,0,NA,1302.12943873474,0,1,15.207,NA,NA,2.3557,6.4738,17.0046627850269,83.7804174684659,7.1423,483.126099799348,2005.79212907803,NA,NA,6155.88172718882,NA,0,0,26.8207,0,62382,30802,32553,10106.7139750544,1.0121983573137,"Bermuda"
"América del Norte","Bermuda",2015,0,0,NA,1410.44550601779,0,1,13.9921,NA,NA,1.1836,6.5673,17.0046627850269,83.7804174684659,7.1517,483.126099799348,2005.79212907803,NA,NA,6155.88172718882,NA,0,0,23.495,0,62003,30704,32440,10209.4202423375,1.1980479327352,"Bermuda"
"América del Norte","Bermuda",2016,0,0,NA,1410.44550601779,0,1,13.6405,NA,NA,6.3171,6.6291,17.0046627850269,83.7804174684659,7.1547,483.126099799348,2005.79212907803,NA,NA,6155.88172718882,NA,0,0,26.7112,0,61666,30646,32422,10217.4831423375,1.21053531176083,"Bermuda"
"América del Norte","Bermuda",2017,0,0,NA,1410.44550601779,0,1,13.65,NA,NA,1.4715,6.9104,17.0046627850269,83.7804174684659,7.1577,483.126099799348,2005.79212907803,NA,NA,6155.88172718882,NA,0,0,23.4562,0,61349,30703,32572,10209.6763423375,1.21053531176083,"Bermuda"
"América del Norte","Bermuda",2018,0,0,NA,1410.44550601779,0,1,12.9837,NA,NA,4.838,7.1343,17.0046627850269,83.7804174684659,7.1634,483.126099799348,2005.79212907803,NA,NA,6155.88172718882,NA,0,0,23.4259,0,61070,30807,32764,10212.5758423375,1.21053531176083,"Bermuda"
"América del Norte","Bermuda",2019,0,0,NA,1410.44550601779,0,1,10.3192,NA,NA,4.2942,7.0307,17.0046627850269,83.7804174684659,7.1822,483.126099799348,2005.79212907803,NA,NA,6155.88172718882,NA,0,0,17.3771,0,60833,30878,32934,10203.2339423375,1.2179134926195,"Bermuda"
"América del Norte","Bermuda",2020,0,0,NA,1410.44550601779,0,1,8.152,NA,NA,3.1485,7.164,17.0046627850269,83.7804174684659,7.18,483.126099799348,2005.79212907803,NA,NA,6155.88172718882,NA,0,0,19.375,0,60639,30939,33092,10202.0500423375,1.2179134926195,"Bermuda"
"América del Sur","Bolivia (Plurinational State of)",1990,1971.3269,6775.2799,88.7413,214.3868,0,41,226.8947,-425.1388,76739.2436,383.4332,29.143,23.4182,67.6313660738584,1198.5915,242.332714663014,221.2633,306.0511,161.7469,3015.6772,413.9338,0,6397.9835,68.8087,3045729,3810515,3549041,3547153,98161.7488807369,0.215166666666667,"Bolivia (Plurinational State of)"
"América del Sur","Bolivia (Plurinational State of)",1991,1971.3269,6775.2799,108.5492,224.5376,0,28,240.8732,-425.1388,76739.2436,395.6719,31.6687,31.7192,67.6313660738584,1251.4085,242.332714663014,220.5198,317.5458,176.393,3074.4896,429.7438,0,6397.9835,128.8161,3036249,3956272,3624585,3620306,98428.5955807369,0.652916666666667,"Bolivia (Plurinational State of)"
"América del Sur","Bolivia (Plurinational State of)",1992,1971.3269,6775.2799,110.2167,245.0255,0,20,236.6836,-425.1388,76739.2436,430.3613,40.664,51.1369,67.6313660738584,1291.7798,242.332714663014,216.378,349.0123,184.9667,3138.5653,442.8572,0,6397.9835,118.5455,3028033,4103674,3700608,3693811,98644.8519807369,-0.0434166666666667,"Bolivia (Plurinational State of)"
"América del Sur","Bolivia (Plurinational State of)",1993,1971.3269,6775.2799,124.5911,245.4606,0,27,274.8648,-425.1388,76739.2436,448.7627,40.9694,52.8207,67.6313660738584,1332.1746,242.332714663014,211.6016,379.3533,204.5599,3216.8343,465.2662,0,6397.9835,39.6582,3049275,4224550,3779539,3764950,98832.5765807369,0.453333333333333,"Bolivia (Plurinational State of)"
"América del Sur","Bolivia (Plurinational State of)",1994,1971.3269,6775.2799,132.5386,267.3224,0,41,286.4637,-425.1388,76739.2436,505.9537,55.0792,79.194,67.6313660738584,1373.3736,242.332714663014,214.5817,410.4983,223.5486,3306.2209,487.5619,0,6397.9835,41.673,3070283,4348578,3860430,3833292,99193.6687807369,0.904166666666667,"Bolivia (Plurinational State of)"
"América del Sur","Bolivia (Plurinational State of)",1995,1971.3269,6775.2799,151.9386,254.7706,0,54,317.7381,-425.1388,76739.2436,556.1419,71.7591,100.9133,88.9804163295797,1428.5772,439.875404701897,213.3997,5198.8954,243.3737,3381.6799,506.4395,0,6397.9835,45.2094,3091040,4475674,3940256,3901215,104512.387321031,0.723,"Bolivia (Plurinational State of)"
"América del Sur","Bolivia (Plurinational State of)",1996,1316.6512,7037.8277,155.6438,256.6934,0,59,325.76,-425.1388,76739.2436,885.7817,76.0053,92.913,88.9804163295797,1471.9375,425.778975057506,215.6047,15611.5195,255.2469,3465.292,524.6617,0,6718.7982,27.6097,3111486,4605957,4019794,3969573,115325.810491387,0.273166666666667,"Bolivia (Plurinational State of)"
"América del Sur","Bolivia (Plurinational State of)",1997,1416.5871,7497.5794,158.5124,247.305,0,22,302.1647,-425.1388,76739.2436,1376.8781,90.8805,116.7971,88.9804163295797,1514.1599,444.386738938877,218.9574,26077.3995,272.2214,3562.7748,547.1617,0,7117.7478,24.0998,3131687,4739168,4099171,4038449,127410.698555268,0.94875,"Bolivia (Plurinational State of)"
"América del Sur","Bolivia (Plurinational State of)",1998,1792.1516,7440.2817,179.7168,278.4435,0,46,306.3275,-425.1388,76739.2436,1561.9929,99.0359,139.8737,88.9804163295797,1546.755,444.386738938877,221.0554,30891.1295,293.0123,3657.9545,572.388,0,7096.9489,24.0998,3151177,4875077,4178700,4108227,132994.638955268,0.82725,"Bolivia (Plurinational State of)"
"América del Sur","Bolivia (Plurinational State of)",1999,2128.412,13023.6168,179.1498,355.2108,0,73,314.2307,-425.1388,76739.2436,1642.3457,94.1629,102.966,88.9804163295797,1550.9374,444.386738938877,224.8048,29256.2792,310.4857,3770.0021,598.1324,0,12564.7283,27.0901,3169642,5013070,4259118,4179935,143063.026655268,0.334083333333333,"Bolivia (Plurinational State of)"
"América del Sur","Bolivia (Plurinational State of)",2000,1107.58,3162.9493,187.4602,306.3715,0,8,282.3911,-425.1388,76739.2436,1554.1656,123.8425,119.2063,88.9804163295797,1606.1608,444.386738938877,224.2045,25605.8932,297.1195,3967.3943,605.6972,0,3091.7327,845.7131,3186751,5152761,4339846,4252810,119943.353755268,0.392666666666667,"Bolivia (Plurinational State of)"
"América del Sur","Bolivia (Plurinational State of)",2001,1322.4314,2454.817,187.465,286.3717,0,26,286.4578,-425.4211,57318.9267,673.798,151.4757,92.9659,88.9804163295797,1638.5691,425.778975057506,225.4067,17594.6382,296.5738,3826.5673,603.0728,0,2200.4013,817.7582,3202596,5293779,4418319,4327765,90093.0348913871,0.686583333333333,"Bolivia (Plurinational State of)"
"América del Sur","Bolivia (Plurinational State of)",2002,2692.9701,6467.6469,193.031,254.5726,0,42,294.4693,-425.4211,57318.9267,1032.3536,192.7606,100.4536,0.0528,1660.8796,354.38250874755,227.6026,11578.8922,320.2162,3919.0715,625.6581,0,5937.1823,782.9369,3220542,5432803,4495206,4405377,93570.6380087476,1.03341666666667,"Bolivia (Plurinational State of)"
"América del Sur","Bolivia (Plurinational State of)",2003,1777.6375,2421.3917,218.1891,276.703,0,116,316.4067,-425.4211,57318.9267,1169.3322,241.9534,110.7689,0.1165,1678.5475,378.340137043206,231.0078,14837.7884,333.9766,4022.5348,647.3106,0,2107.6634,800.7039,3238033,5572387,4573038,4484341,88579.8777370432,0.637,"Bolivia (Plurinational State of)"
"América del Sur","Bolivia (Plurinational State of)",2004,3097.3461,14822.7416,219.3934,298.2983,0,27,350.2719,-425.4211,57318.9267,1495.9065,281.2258,81.1528,0.1559,1700.6807,397.856551624211,223.8171,24515.2912,355.3957,4132.8274,674.8787,0,14563.278,825.8926,3254315,5713426,4651928,4564350,124956.915851624,0.846166666666667,"Bolivia (Plurinational State of)"
"América del Sur","Bolivia (Plurinational State of)",2005,3594.2735,6734.8988,253.4069,369.2287,0,50,374.0182,-425.4211,57318.9267,1596.5457,341.3306,98.1019,0.1971,1708.6331,633.464364347488,222.7116,28460.4421,392.867,4263.4181,715.6543,0,6540.9566,812.0741,3269610,5855799,4731985,4645403,114055.728264347,0.768583333333333,"Bolivia (Plurinational State of)"
"América del Sur","Bolivia (Plurinational State of)",2006,2582.3609,8114.1276,258.5814,330.062,0,150,435.8422,-425.4211,57318.9267,1718.8052,339.8182,109.3627,0.2344,1735.1789,1678.19878819816,230.3359,30397.9083,416.1248,4396.9602,751.6864,0,7665.7727,858.1299,3283729,5999605,4814077,4728586,119062.996088198,0.93175,"Bolivia (Plurinational State of)"
"América del Sur","Bolivia (Plurinational State of)",2007,2138.4553,12729.4773,255.9829,333.2098,0,228,499.8879,-425.4211,57318.9267,2266.5016,367.5255,161.3193,0.2894,1759.5461,1707.03637373337,221.654,32272.348,447.2311,4516.5786,787.7501,0,11977.37,847.809,3296720,6144724,4897753,4813399,130411.477873733,0.459083333333333,"Bolivia (Plurinational State of)"
"América del Sur","Bolivia (Plurinational State of)",2008,1823.4915,4910.9268,243.2264,304.586,0,241,566.0646,-425.4211,57318.9267,2254.1836,403.8571,232.8927,0.3196,1776.5818,1737.52338751013,223.0499,34200.8142,470.7919,4629.5303,816.8831,0,4383.0554,798.4178,3308578,6291277,4981806,4898788,116910.70168751,0.438583333333333,"Bolivia (Plurinational State of)"
"América del Sur","Bolivia (Plurinational State of)",2009,1309.2989,2006.3257,297.9476,366.1358,0,292,618.3853,-425.4211,57318.9267,2319.9215,419.6391,251.1657,0.4259,1783.4507,1759.48842513516,232.7394,36155.2804,484.6656,4770.4632,846.3911,0,1908.0505,756.3636,3319560,6439188,5066350,4984968,113471.644025135,0.671666666666667,"Bolivia (Plurinational State of)"
"América del Sur","Bolivia (Plurinational State of)",2010,4392.1582,22876.8414,291.3779,380.7045,0,378,678.8746,-425.4211,57318.9267,2300.291,431.7451,321.4915,0.4599,1804.2007,1819.50524090802,222.4931,37954.5711,534.9866,4899.629,888.4297,0,21960.9183,732.0182,3329540,6588702,5151373,5071897,159762.201640908,0.72425,"Bolivia (Plurinational State of)"
"América del Sur","Bolivia (Plurinational State of)",2011,1927.2026,4880.1204,297.3219,349.4151,0,410,753.3023,-385.0527,60163.6302,2429.2475,542.0338,286.903,0.4746,1817.5628,1849.33156327372,229.2018,39891.0109,542.1929,5052.3904,917.7601,0,4734.4574,735.6803,3338591,6739752,5236810,5159435,127424.186863274,1.12425,"Bolivia (Plurinational State of)"
"América del Sur","Bolivia (Plurinational State of)",2012,1628.3119,3633.436,343.382,308.7039,0,423,819.1218,-385.0527,60163.6302,2499.7665,576.9165,270.271,445.345257100734,1853.2483,1985.38439209515,225.6405,41747.4771,541.0189,5157.6884,928.3898,0,3363.2126,732.2701,3346648,6892356,5322361,5247336,127261.162449196,0.853083333333333,"Bolivia (Plurinational State of)"
"América del Sur","Bolivia (Plurinational State of)",2013,1118.4901,1502.6803,381.9797,325.946,0,485,905.9142,-385.0527,60163.6302,2543.6867,541.5115,258.5815,0.5368,1875.3865,1928.34484740966,219.2062,43743.9433,554.2732,5281.6421,950.0779,0,1428.3482,732.367,3359417,7040847,5407879,5335470,124556.49354741,0.516666666666667,"Bolivia (Plurinational State of)"
"América del Sur","Bolivia (Plurinational State of)",2014,664.5392,939.0839,371.8705,342.853,0,490,978.981,-385.0527,60163.6302,2621.5369,611.1962,281.5923,3.0623,1867.5756,1928.34484740966,218.4109,45710.4095,552.7501,5120.4385,938.2872,0,904.9018,718.568,3374918,7187241,5493370,5423617,125042.97924741,0.937666666666667,"Bolivia (Plurinational State of)"
"América del Sur","Bolivia (Plurinational State of)",2015,1399.7276,2979.5615,410.826,326.0597,0,456,1018.7553,-385.0527,60163.6302,2663.9375,651.4759,276.5356,4.0368,1886.2229,1928.34484740966,207.7031,47606.8757,565.0333,5182.5749,949.2368,0,2952.892,659.0109,3389712,7334993,5578609,5511477,131903.38784741,1.59683333333333,"Bolivia (Plurinational State of)"
"América del Sur","Bolivia (Plurinational State of)",2016,2184.6867,4057.6499,404.1998,321.2518,0,502,1073.5974,-318.9952,67700.9512,2772.3255,751.8367,331.0626,4.2056,1905.7276,1942.5977754644,212.3671,49493.3419,576.0049,5258.6464,963.9677,0,3934.4086,613.4203,3403747,7484135,5663718,5599297,144685.254275464,0.770666666666667,"Bolivia (Plurinational State of)"
"América del Sur","Bolivia (Plurinational State of)",2017,1663.1727,2070.2174,359.202,338.735,0,663,1149.1279,-318.9952,67700.9512,2837.4445,835.8773,302.9595,6.3951,1927.4052,1975.05390750987,215.2068,51349.8081,604.5554,5352.6463,989.3363,0,1968.0624,597.4413,3417155,7634445,5748534,5686999,142587.60310751,0.962166666666667,"Bolivia (Plurinational State of)"
"América del Sur","Bolivia (Plurinational State of)",2018,1071.1426,2466.486,424.4173,332.761,0,640,1197.2817,-318.9952,67700.9512,2859.8248,920.443,256.1084,5.1924,1946.1936,1975.05390750987,211.1398,53256.2743,616.4816,5464.6685,1010.9435,0,2331.5854,725.872,3429186,7786488,5832721,5774185,145093.82580751,0.543666666666667,"Bolivia (Plurinational State of)"
"América del Sur","Bolivia (Plurinational State of)",2019,2502.8931,13483.4877,415.8773,367.0708,0,488,1213.5972,-318.9952,67700.9512,2872.2729,986.2154,208.4109,5.8956,1963.2734,1995.95116712819,231.4072,55162.714,627.0302,5553.0035,1026.6972,0,11695.1308,810.4587,3439820,7940041,5916395,5860919,168991.343067128,0.937916666666667,"Bolivia (Plurinational State of)"
"América del Sur","Bolivia (Plurinational State of)",2020,2319.6517,8844.4137,409.8884,345.9714,0,530,987.6433,-318.9952,67700.9512,2922.0575,1057.9555,179.8646,6.3508,1979.1099,2012.6341179451,18.853,56739.1802,645.5382,5730.1217,1056.0532,0,8088.3621,637.7601,3449008,8094974,5992275,5943886,161893.365417945,1.34283333333333,"Bolivia (Plurinational State of)"
"América del Sur","Brazil",1990,11123.1473,12184.1197,3854.2338,7178.5555,339.8606,900,9004.3406,-346950.8412,1385208.6765,11511.4232,5115.7826,383.2963,2449.3807,69692.0523,3514.2136,2075.5172,36277.7759,7873.0943,62149.7548,9149.7466,0,11926.1041,11425.0649,38948117,110404028,74926452,75779994,1316385.2993,0.497166666666667,"Brazil"
"América del Sur","Brazil",1991,11123.1473,12184.1197,3767.3415,7496.6904,339.8606,1044,9562.2741,-346950.8412,1385208.6765,11913.975,5613.9798,439.8735,2769.7788,69580.5395,3693.6374,2209.3966,38171.683,8200.2494,64210.4679,9442.9159,0,11926.1041,11922.8929,38465232,113511345,76207261,77129183,1323870.7627,0.492833333333333,"Brazil"
"América del Sur","Brazil",1992,11123.1473,12184.1197,4277.2691,8525.1306,339.8606,1189,9852.0137,-346950.8412,1385208.6765,12476.3789,5874.0854,476.4035,3060.0593,69194.2154,4044.0811,2306.108,36583.0744,8384.2624,65050.0269,9584.4795,0,11926.1041,12253.383,37954781,116609497,77454942,78445848,1326961.0382,0.343083333333333,"Brazil"
"América del Sur","Brazil",1993,11123.1473,12184.1197,4319.3387,8023.6526,362.9781,1363,10227.0296,-346950.8412,1385208.6765,12966.1656,3563.3977,460.2892,3262.1846,68859.3354,4082.5028,2390.359,37214.6358,8290.1581,65249.7741,9567.984,0,11926.1041,13543.1893,37427914,119704768,78689973,79750902,1327237.181,0.5295,"Brazil"
"América del Sur","Brazil",1994,11123.1473,12184.1197,4705.21,8029.9969,362.9781,1477,10868.3848,-346950.8412,1385208.6765,12896.6155,3888.5973,443.8326,3257.8904,68843.1756,4081.6197,2561.0842,37450.2219,8430.2774,66639.5444,9795.033,0,11926.1041,14289.0331,36887055,122818068,79924696,81055777,1331511.7013,0.64025,"Brazil"
"América del Sur","Brazil",1995,11123.1473,12184.1197,4841.9256,7954.9408,365.9631,1351,11847.4933,-346950.8412,1385208.6765,14293.0117,1860.6098,523.7804,3711.3175,69278.5856,4548.7259,2683.2823,38946.2178,8652.8022,67876.2813,10026.2817,0,11926.1041,15301.5677,36338396,125958216,81155182,82360145,1337554.9931,0.7725,"Brazil"
"América del Sur","Brazil",1996,7375.2468,12794.1367,4234.4134,5921.322,368.5227,1622,13144.7108,-346950.8412,1385208.6765,14564.5842,2066.313,580.2848,4219.6236,72242.9682,5137.4477,2848.7219,40363.4959,7188.0336,66190.8123,9061.0455,0,12567.3156,15984.7686,35782624,129130682,82377561,83659561,1336733.6026,0.521166666666667,"Brazil"
"América del Sur","Brazil",1997,7667.2276,15630.0389,4535.2056,5562.366,371.3795,1903,14126.0189,-346950.8412,1385208.6765,14912.3641,2506.7317,694.3782,4418.8194,74150.808,4872.9221,3032.8758,42357.5238,7448.2149,67438.7106,9254.1386,0,15306.3925,16611.1364,35104713,132440451,83593268,84953439,1351058.0879,0.701916666666667,"Brazil"
"América del Sur","Brazil",1998,14213.0843,27663.5023,4601.9341,5569.7652,380.3541,2009,14937.0453,-346950.8412,1385208.6765,15146.3643,2764.5073,746.0756,4320.2782,73010.7342,5205.0119,3203.1306,43410.4415,7539.7459,68134.6567,9354.0933,0,27104.9643,16030.45,34406065,135764575,84799768,86240036,1383602.9744,1.19508333333333,"Brazil"
"América del Sur","Brazil",1999,10398.5284,21152.9281,4988.7958,6935.8733,397.1654,2201,14906.0771,-346950.8412,1385208.6765,16126.4089,3547.2743,1074.5047,4145.1133,73012.0839,5710.639,3401.0501,42136.4167,7692.9277,68846.4085,9529.2515,0,20725.6267,16779.5059,33695145,139064098,85981420,87504861,1371965.4146,0.503583333333333,"Brazil"
"América del Sur","Brazil",2000,4185.9822,3121.0536,5051.363,6665.8387,394.3458,2571,15084.9179,-346950.8412,1385208.6765,16405.5655,4323.6755,1164.758,4308.4935,72958.3282,5812.9487,3535.1763,47864.6733,7929.3608,71067.9526,9814.0424,0,3042.0581,16367.5123,32968080,142319507,87124330,88749390,1339926.8817,0.49625,"Brazil"
"América del Sur","Brazil",2001,9878.1181,5590.7634,5657.6035,5716.4234,395.2482,2729,15518.1859,-504292.9573,1605106.096,16550.0959,4614.2644,1342.3835,4282.5486,73505.6389,5994.299,3698.1072,43833.9016,8159.8146,73719.9009,10159.39,0,5491.5312,18004.4855,32789772,144960898,88233218,89978663,1415654.8425,0.758833333333333,"Brazil"
"América del Sur","Brazil",2002,14788.0958,14152.1221,5779.1403,5715.0137,397.3661,2490,16143.4621,-504292.9573,1605106.096,15572.4626,4931.4972,1142.3089,4335.7783,67913.8414,5844.2682,5813.3463,42096.9257,8300.2046,77156.3181,10361.9905,0,13903.5249,17587.9953,32643261,147507760,89303580,91173105,1435238.8008,1.09408333333333,"Brazil"
"América del Sur","Brazil",2003,9657.3862,12684.7005,7100.7616,5785.6008,399.2842,3021,16186.6747,-504292.9573,1605106.096,14728.7328,4998.0847,1158.3556,4678.0946,68458.8724,5530.2244,6078.5101,42429.3117,8464.6661,81339.331,10746.7914,0,12528.502,17705.7553,32477004,150005145,90318606,92310671,1434493.7788,0.935166666666667,"Brazil"
"América del Sur","Brazil",2004,12460.0937,14437.5351,7086.2002,6790.1482,467.9481,3408,17101.2147,-504292.9573,1605106.096,15278.7843,5750.1194,1310.765,4637.6449,68537.0503,5614.4717,6307.1664,45065.1152,8745.4703,84925.7447,11126.8546,0,14348.8886,17459.8283,32290174,152448284,91303580,93418462,1451672.1824,0.74175,"Brazil"
"América del Sur","Brazil",2005,13860.334,18253.5232,6870.1741,7122.4703,467.9481,3908,17226.6165,-504292.9573,1605106.096,15150.6795,5977.2374,1356.7576,4551.703,69849.2915,5552.502,6415.5978,46825.0947,9026.6316,86066.2829,11373.8379,0,17973.3827,17332.4963,32085721,154831640,92281701,94515633,1465973.6998,1.0425,"Brazil"
"América del Sur","Brazil",2006,7120.6804,8342.4547,6885.0932,5403.7433,467.9481,4082,17056.6942,-504292.9573,1605106.096,15162.7298,6860.7317,1365.8994,4423.4067,71610.4551,5224.9207,6826.9088,48993.8657,9210.2201,85570.8939,11473.6099,0,8262.1203,17564.7153,31861129,157151283,93237364,95583318,1442722.23,0.822583333333333,"Brazil"
"América del Sur","Brazil",2007,23503.3214,21640.6184,7460.8157,5258.2475,467.9481,5571,17989.4728,-504292.9573,1605106.096,15460.813,7463.3252,1301.1759,2000.4339,72446.4746,657.4077,6304.6907,52255.0458,9472.1404,83183.9312,11495.4647,0,20554.076,18647.2214,31618718,159407919,94163019,96616434,1483946.7631,0.952,"Brazil"
"América del Sur","Brazil",2008,9516.9412,6714.0314,8059.0313,5185.0412,467.9481,5829,18907.8707,-504292.9573,1605106.096,16468.0388,8539.6727,1699.8892,1963.1141,83189.4898,1400.9836,6196.0828,53464.1777,9755.8572,84281.4946,11744.1466,0,6262.1054,20766.543,31361744,161617285,95059746,97612571,1461224.5981,0.713833333333333,"Brazil"
"América del Sur","Brazil",2009,5274.5376,2846.0107,7621.22,5223.8888,467.9481,5963,18667.0427,-504292.9573,1605106.096,15814.8128,8147.591,1161.843,2207.9481,83670.235,1881.8451,5956.5156,51040.7067,10086.2874,85383.7677,11998.761,0,2741.1776,20154.0676,31097565,163798431,95935867,98581682,1447122.3452,0.984083333333333,"Brazil"
"América del Sur","Brazil",2010,23384.4771,21664.3645,8328.1452,4951.8262,467.9481,6141,21178.4677,-504292.9573,1605106.096,17220.799,10037.117,1576.7195,2778.9527,86444.0196,2767.5307,6205.7241,57040.6786,10294.7118,87113.2972,12240.3038,0,20996.2678,21076.1165,30827251,165969018,96806825,99546667,1522721.6058,1.114,"Brazil"
"América del Sur","Brazil",2011,8826.2092,4732.9376,8759.8686,5007.1784,467.9481,5856,23410.6765,-519221.8123,780902.6977,16761.5256,9308.342,1497.9135,3080.6078,90686.726,3199.9749,7002.0596,55845.9148,10434.5057,88494.2199,12409.6336,0,4400.0349,20494.2471,30536433,168150255,97676016,100509285,642357.4092,0.8035,"Brazil"
"América del Sur","Brazil",2012,16260.8438,9621.7165,8786.5702,4389.4813,467.9481,6536,25266.0937,-519221.8123,780902.6977,18197.0565,10859.9855,2357.0571,3523.7562,89434.7442,4344.242,6585.1483,58368.1675,10286.1229,87738.0395,12270.9399,0,9398.5175,21322.9595,30238865,170322118,98526889,101450818,667696.2756,1.08766666666667,"Brazil"
"América del Sur","Brazil",2013,6156.2971,2800.8144,10147.0459,4280.1011,467.9481,7181,26576.5547,-519221.8123,780902.6977,20200.156,12577.5346,3294.3732,3837.8398,85587.8669,5770.0452,6269.064,59662.0761,10161.6722,87994.9695,12086.8517,0,2774.7944,21347.5885,29937266,172471366,99355387,102366379,650855.4788,0.879666666666667,"Brazil"
"América del Sur","Brazil",2014,10302.3972,6250.0956,10587.7996,4257.7762,467.9481,7530,27613.212,-519221.8123,780902.6977,21545.4956,14221.0391,4346.0095,4602.6746,84189.0017,7131.1097,5737.2146,57656.6045,10374.1947,88406.6209,12310.9125,0,6137.9531,22370.6209,29627255,174585878,100185186,103274465,667719.5655,1.15358333333333,"Brazil"
"América del Sur","Brazil",2015,12803.863,12250.8116,11289.1513,3889.4875,467.9481,7868,26031.9843,-519221.8123,780902.6977,21635.8037,14789.7252,4278.3786,5352.3808,82930.5746,7931.4546,6094.1428,55407.4357,10152.339,90009.2816,12570.1344,0,12062.156,22856.2262,29308408,176653700,101008689,104179515,682352.1644,1.58416666666667,"Brazil"
"América del Sur","Brazil",2016,9797.4675,10213.8641,10439.2075,3535.7899,470.3686,7556,26243.9482,-269412.8448,653402.772,20387.2392,14573.6228,3451.1852,5481.2612,81669.1188,7798.5217,6110.7588,53456.8763,9894.9904,91482.3032,12680.0602,0,10095.5556,18970.514,28983278,178669587,101794390,105065188,788298.5804,1.40666666666667,"Brazil"
"América del Sur","Brazil",2017,12752.7753,15605.0183,12610.5484,3649.0407,485.4838,7534,26602.746,-269412.8448,653402.772,20648.1662,14899.897,3454.08,5695.6392,80929.9938,7734.7673,4892.9079,52538.6113,9490.3109,90699.8923,12739.4487,0,15449.8893,24128.9228,28654406,180633872,102567011,105937948,806532.0664,1.35716666666667,"Brazil"
"América del Sur","Brazil",2018,5120.1957,4631.3973,12232.4912,3405.2253,489.632,7347,25227.0638,-269412.8448,653402.772,19986.3073,15082.3412,3160.0262,4918.972,80155.1207,7159.3357,4847.464,52840.9567,9428.3799,90508.8574,12738.7363,0,4543.6569,24138.469,28321495,182546459,103354449,106812144,771951.5558,1.138,"Brazil"
"América del Sur","Brazil",2019,12010.6026,13087.7791,12830.4661,3110.3994,478.5922,7352,25659.3236,-269412.8448,653402.772,20175.4166,15827.8101,3251.3411,5209.3384,79222.9191,7173.0026,2907.3791,52779.6277,9362.4462,91165.5264,12711.4965,0,12885.8803,24745.0262,27985169,184407548,104119798,107663080,795936.3005,1.55108333333333,"Brazil"
"América del Sur","Brazil",2020,12391.0371,20461.9174,13452.4629,3051.5441,478.5922,7352,24813.7727,-269412.8448,653402.772,21000.3629,16052.5815,3395.6224,5355.5296,78116.2498,7269.0511,2175.6936,54902.0431,9423.6255,92630.7568,12894.4955,0,20333.0662,25387.5329,27645976,186217070,104779288,108417015,814927.8645,1.45925,"Brazil"
"América del Norte","British Virgin Islands",1990,0,0.0107,NA,2535.31904817405,0,12.2328706489185,1.7572,NA,NA,NA,1.2082,548.40291670564,971.803703077978,0.6255,1738.85862070202,2937.17981532935,0.396,NA,6328.35770294532,NA,0,0.0107,1.7531,10236,6225,8017,7599,15077.9160775833,0.41675,"British Virgin Islands"
"América del Norte","British Virgin Islands",1991,0,0.0107,NA,2535.31904817405,0,12.2328706489185,1.7572,NA,NA,NA,1.2493,548.40291670564,971.803703077978,0.6441,1738.85862070202,2937.17981532935,0.429,NA,6328.35770294532,NA,0,0.0107,1.8853,10273,6661,8252,7838,15078.1409775833,0.400166666666667,"British Virgin Islands"
"América del Norte","British Virgin Islands",1992,0,0.0107,NA,2535.31904817405,0,12.2328706489185,2.1087,NA,NA,NA,1.2819,548.40291670564,971.803703077978,0.6597,1738.85862070202,2937.17981532935,0.4341,NA,6328.35770294532,NA,0,0.0107,1.6684,10475,6869,8448,8028,15078.3288775833,0.367166666666667,"British Virgin Islands"
"América del Norte","British Virgin Islands",1993,0,0.0107,NA,3747.23366099315,0,12.2328706489185,2.1087,NA,NA,NA,0.6966,548.40291670564,971.803703077978,0.6718,1738.85862070202,2937.17981532935,0.4401,NA,6328.35770294532,NA,0,0.0107,1.2188,10644,7059,8645,8210,16289.2266904024,0.583916666666667,"British Virgin Islands"
"América del Norte","British Virgin Islands",1994,0,0.0107,NA,5470.4884272074,0,12.2328706489185,2.1087,NA,NA,NA,0.7437,548.40291670564,971.803703077978,0.682,1738.85862070202,2937.17981532935,0.4421,NA,6328.35770294532,NA,0,0.0107,1.1566,10806,7246,8856,8399,18012.4785566166,0.673833333333333,"British Virgin Islands"
"América del Norte","British Virgin Islands",1995,0,0.0107,NA,2535.31904817405,0,12.2328706489185,2.1087,NA,NA,NA,0.9338,548.40291670564,971.803703077978,0.6906,1738.85862070202,2937.17981532935,0.4311,NA,6328.35770294532,NA,0,0.0107,1.84,10980,7447,9076,8598,15078.1802775833,0.611083333333333,"British Virgin Islands"
"América del Norte","British Virgin Islands",1996,0,0,NA,2535.31904817405,0,12.2328706489185,2.8116,NA,NA,NA,1.0733,548.40291670564,971.803703077978,0.6978,1738.85862070202,2937.17981532935,0.4641,NA,6328.35770294532,NA,0,0,2.0164,11171,7662,9308,8813,15079.2178775833,0.234166666666667,"British Virgin Islands"
"América del Norte","British Virgin Islands",1997,0,0,NA,2535.31904817405,0,12.2328706489185,2.8116,NA,NA,NA,1.2529,548.40291670564,971.803703077978,0.7032,1738.85862070202,2937.17981532935,0.4621,NA,6328.35770294532,NA,0,0,1.592,11378,7892,9552,9040,15078.9764775833,0.6345,"British Virgin Islands"
"América del Norte","British Virgin Islands",1998,0,0,NA,2535.31904817405,0,12.2328706489185,2.8116,NA,NA,NA,0.8253,548.40291670564,971.803703077978,0.7089,1738.85862070202,2937.17981532935,0.4691,NA,6328.35770294532,NA,0,0,2.3339,11591,8131,9803,9277,15079.3034775833,1.03691666666667,"British Virgin Islands"
"América del Norte","British Virgin Islands",1999,0,0,NA,2535.31904817405,0,12.2328706489185,2.8116,NA,NA,NA,1.2095,548.40291670564,971.803703077978,0.7163,1738.85862070202,2937.17981532935,0.4821,NA,6328.35770294532,NA,0,0,2.236,11810,8378,10062,9524,15079.6101775833,0.45225,"British Virgin Islands"
"América del Norte","British Virgin Islands",2000,0,0,NA,2535.31904817405,0,12.2328706489185,2.8116,NA,NA,NA,1.7361,548.40291670564,971.803703077978,0.7266,1738.85862070202,2937.17981532935,0.4961,NA,6328.35770294532,NA,0,0,2.2755,12021,8624,10327,9777,15080.2005775833,0.245333333333333,"British Virgin Islands"
"América del Norte","British Virgin Islands",2001,0,0,NA,2535.31904817405,0,12.2328706489185,2.8116,NA,NA,NA,2.0365,548.40291670564,971.803703077978,0.7395,1738.85862070202,2937.17981532935,0.5221,NA,6328.35770294532,NA,0,0,2.5675,12219,8866,10588,10069,15080.8318775833,0.584416666666667,"British Virgin Islands"
"América del Norte","British Virgin Islands",2002,0,0,NA,2535.31904817405,0,12.2328706489185,3.163,NA,NA,NA,2.3559,548.40291670564,971.803703077978,0.7557,1738.85862070202,2937.17981532935,0.5321,NA,6328.35770294532,NA,0,0,2.7217,12416,9113,10851,10437,15081.6830775833,0.748,"British Virgin Islands"
"América del Norte","British Virgin Islands",2003,0,0,NA,2535.31904817405,0,12.2328706489185,3.5144,NA,NA,NA,2.7065,548.40291670564,971.803703077978,0.7752,1738.85862070202,2937.17981532935,0.5561,NA,6328.35770294532,NA,0,0,2.7773,12625,9375,11133,10849,15082.4841775833,0.809416666666667,"British Virgin Islands"
"América del Norte","British Virgin Islands",2004,0,0,NA,2535.31904817405,0,12.2328706489185,3.8659,NA,NA,NA,3.1139,548.40291670564,971.803703077978,0.7987,1738.85862070202,2937.17981532935,0.5661,NA,6328.35770294532,NA,0,0,2.9399,12869,9672,11439,11277,15083.4391775833,0.54875,"British Virgin Islands"
"América del Norte","British Virgin Islands",2005,0,0.278,NA,2445.53907620417,0,12.2328706489185,3.8659,NA,NA,NA,3.6537,548.40291670564,971.803703077978,0.8264,1738.85862070202,2937.17981532935,0.6151,NA,6250.66031652155,NA,0,0.278,3.2887,13157,10011,11774,11724,14917.4831191896,0.797083333333333,"British Virgin Islands"
"América del Norte","British Virgin Islands",2006,0,0,NA,2445.53907620417,0,12.2328706489185,4.2173,NA,NA,NA,3.8955,548.40291670564,971.803703077978,0.8592,1738.85862070202,2937.17981532935,0.6251,NA,6250.66031652155,NA,0,0,3.808,13502,10403,12133,12190,14918.0824191896,0.843,"British Virgin Islands"
"América del Norte","British Virgin Islands",2007,0,0,NA,2445.53907620417,0,12.2328706489185,4.3929,NA,NA,NA,4.0797,548.40291670564,971.803703077978,0.896,1738.85862070202,2937.17981532935,0.6231,NA,6250.66031652155,NA,0,0,5.2602,13891,10840,12512,12679,14919.9292191896,0.9415,"British Virgin Islands"
"América del Norte","British Virgin Islands",2008,0,0,NA,2445.53907620417,0,12.2328706489185,4.4984,NA,NA,NA,4.3119,548.40291670564,971.803703077978,0.9334,1738.85862070202,2937.17981532935,0.6371,NA,6250.66031652155,NA,0,0,3.61,14299,11305,12918,13197,14918.6681191896,0.362666666666667,"British Virgin Islands"
"América del Norte","British Virgin Islands",2009,0,0,NA,2445.53907620417,0,12.2328706489185,4.5688,NA,NA,NA,4.5103,548.40291670564,971.803703077978,0.967,1738.85862070202,2937.17981532935,0.7001,NA,6250.66031652155,NA,0,0,3.5235,14684,11763,13329,13714,14918.9470191896,0.71475,"British Virgin Islands"
"América del Norte","British Virgin Islands",2010,0,0,NA,2445.53907620417,0,12.2328706489185,4.7444,NA,NA,NA,4.5145,548.40291670564,971.803703077978,0.9942,1738.85862070202,2937.17981532935,0.6911,NA,6250.66031652155,NA,0,0,3.3964,15024,12200,13556,14001,14919.0179191896,0.90575,"British Virgin Islands"
"América del Norte","British Virgin Islands",2011,0,0,NA,2445.53907620417,0,12.2328706489185,4.9202,NA,NA,NA,4.6214,548.40291670564,971.803703077978,1.0132,1738.85862070202,2937.17981532935,0.6721,NA,6250.66031652155,NA,0,0,3.7296,15303,12598,13724,14238,14919.6338191896,0.476833333333333,"British Virgin Islands"
"América del Norte","British Virgin Islands",2012,0,0,NA,2445.53907620417,0,12.2328706489185,4.9202,NA,NA,NA,4.8215,548.40291670564,971.803703077978,1.0249,1738.85862070202,2937.17981532935,0.6491,NA,6250.66031652155,NA,0,0,3.7153,15537,12972,13915,14506,14919.8083191896,0.6445,"British Virgin Islands"
"América del Norte","British Virgin Islands",2013,0,0,NA,2445.53907620417,0,12.2328706489185,4.9202,NA,NA,NA,4.9934,548.40291670564,971.803703077978,1.0319,1738.85862070202,2937.17981532935,0.6681,NA,6250.66031652155,NA,0,0,3.7633,15732,13324,14015,14641,14920.0542191896,0.79025,"British Virgin Islands"
"América del Norte","British Virgin Islands",2014,0,0,NA,2445.53907620417,0,12.2328706489185,5.0958,NA,NA,NA,5.3997,548.40291670564,971.803703077978,1.0367,1738.85862070202,2937.17981532935,0.6791,NA,6250.66031652155,NA,0,0,3.9256,15914,13674,14145,14826,14920.8142191896,0.86425,"British Virgin Islands"
"América del Norte","British Virgin Islands",2015,0,0,NA,2445.53907620417,0,12.2328706489185,5.0958,NA,NA,NA,5.8274,548.40291670564,971.803703077978,1.0426,1738.85862070202,2937.17981532935,0.6751,NA,6250.66031652155,NA,0,0,3.8005,16085,14028,14303,15063,14921.1187191896,1.12258333333333,"British Virgin Islands"
"América del Norte","British Virgin Islands",2016,0,0,NA,2445.53907620417,0,12.2328706489185,5.0958,NA,NA,NA,6.534,548.40291670564,971.803703077978,1.05,1738.85862070202,2937.17981532935,0.6751,NA,6250.66031652155,NA,0,0,3.6371,16264,14397,14453,15287,14921.6693191896,1.18816666666667,"British Virgin Islands"
"América del Norte","British Virgin Islands",2017,0,0,NA,2445.53907620417,0,12.2328706489185,4.0767,NA,NA,NA,7.3847,548.40291670564,971.803703077978,1.0576,1738.85862070202,2937.17981532935,0.7251,NA,6250.66031652155,NA,0,0,3.1115,16429,14767,14578,15482,14921.0329191896,0.9845,"British Virgin Islands"
"América del Norte","British Virgin Islands",2018,0,0,NA,2445.53907620417,0,12.2328706489185,3.8659,NA,NA,NA,8.2308,548.40291670564,971.803703077978,1.0657,1738.85862070202,2937.17981532935,0.7401,NA,6250.66031652155,NA,0,0,3.3881,16582,15137,14681,15653,14921.9679191896,0.6685,"British Virgin Islands"
"América del Norte","British Virgin Islands",2019,0,0,NA,2445.53907620417,0,12.2328706489185,4.0415,NA,NA,NA,9.0512,548.40291670564,971.803703077978,1.0742,1738.85862070202,2937.17981532935,0.7301,NA,6250.66031652155,NA,0,0,3.4797,16710,15496,14786,15825,14923.0540191896,0.978333333333333,"British Virgin Islands"
"América del Norte","British Virgin Islands",2020,0,0,NA,2445.53907620417,0,12.2328706489185,3.8659,NA,NA,NA,9.8991,548.40291670564,971.803703077978,1.0815,1738.85862070202,2937.17981532935,0.7381,NA,6250.66031652155,NA,0,0,3.8862,16802,15832,14900,16010,14924.1481191896,1.24033333333333,"British Virgin Islands"
"América del Norte","Canada",1990,819.7796,1678.9061,3656.9629,1368.72187269147,36099.15,118,12569.1112,-67909.0539,113851.7825,8809.8536,2754.6905,1734.3159,3709.7246,4760.5456,2812.4423611006,8649.8735,49517.4751,1294.8516,3835.7051,6842.7669,0,0,11979.517,6485207,21207473,13710916,13946288,208955.122033792,-0.0121666666666667,"Canada"
"América del Norte","Canada",1991,819.7796,1678.9061,3525.1421,1368.72187269147,36099.15,192,12156.9016,-67909.0539,113851.7825,8614.68,2793.2524,1828.0011,3877.7526,4866.6398,2812.4423611006,8620.8088,48547.6297,1290.3982,3874.409,6720.0932,0,0,11950.267,6556875,21487731,13888241,14127520,207579.704033792,0.556833333333333,"Canada"
"América del Norte","Canada",1992,819.7796,1678.9061,3309.5379,1368.72187269147,36099.15,177,12393.0067,-67909.0539,113851.7825,9070.8509,2892.6871,1885.3702,3955.2795,4962.1185,2812.4423611006,8458.8949,47968.546,1303.2295,4081.4758,6850.7476,0,0,12514.2853,6560417,21823933,14046660,14300980,208544.758433792,0.0295833333333333,"Canada"
"América del Norte","Canada",1993,819.7796,1678.9061,3371.2605,1368.72187269147,36094.9409,278,12432.7161,-67909.0539,113851.7825,8627.7901,2885.7278,1690.1337,3532.4382,5026.1546,2812.4423611006,8272.169,49283.5606,1302.6814,4097.7427,6819.256,0,0,12970.3824,6560045,22151258,14197751,14470416,209307.532533792,0.5155,"Canada"
"América del Norte","Canada",1994,819.7796,1678.9061,3065.1988,1368.72187269147,36092.8796,257,13019.9448,-67909.0539,113851.7825,8703.4368,2905.5205,1678.679,3537.1513,5106.5307,2786.72651662624,8388.6703,52262.7297,1338.0217,4148.9615,6791.0268,0,0,13048.3151,6555733,22470455,14347961,14633228,212940.929289318,0.536583333333333,"Canada"
"América del Norte","Canada",1995,819.7796,1678.9061,3245.4159,1368.72187269147,36561.2826,208,13207.1666,-67909.0539,113851.7825,8798.1277,3045.1127,1689.2671,3622.8891,5167.5497,61.0215,8342.463,53844.1297,1395.3719,4401.9626,7150.6701,0,0,13587.0259,6547941,22782132,14496136,14793287,214137.592272691,0.671,"Canada"
"América del Norte","Canada",1996,576.5186,5746.3911,3796.5912,1368.72187269147,36624.5337,236,13399.7015,-67909.0539,113851.7825,9125.8747,3136.4542,1707.0698,3525.4302,5252.8384,460.7582,8428.6637,54891.6997,1431.6461,4655.2786,7316.1834,0,0,14177.9516,6531267,23090865,14645734,14948115,221801.035172691,0.0270833333333333,"Canada"
"América del Norte","Canada",1997,505.856,2911.997,3317.4628,1368.72187269147,36707.8962,274,13846.6959,-67909.0539,113851.7825,9398.8618,3395.8734,1917.0117,3618.2266,5312.6217,870.7897,8559.732,54414.4015,1416.1467,4665.0398,7267.1229,0,0,14610.0778,6477047,23426103,14790843,15091909,220321.263972691,0.7035,"Canada"
"América del Norte","Canada",1998,2605.6039,10988.673,3328.9262,1368.72187269147,36963.6116,188,14114.2535,-67909.0539,113851.7825,9539.215,3655.0092,2152.8434,4633.4332,5398.6382,1236.9134,8641.7469,48104.5225,1421.4104,4655.3576,7362.048,0,0,14215.3835,6420704,23757430,14920514,15224298,226517.039972691,2.33516666666667,"Canada"
"América del Norte","Canada",1999,955.5143,4585.3347,3509.47,1368.72187269147,37284.1185,352,14522.1916,-67909.0539,113851.7825,9626.4676,3808.4845,2065.2538,4415.5618,5498.3942,1662.9891,8788.3221,49928.428,1448.3296,4611.1847,7474.3931,0,0,14513.2471,6363929,24089955,15047129,15352648,222361.135172691,1.76858333333333,"Canada"
"América del Norte","Canada",2000,355.7334,2349.6549,3402.3804,1368.72187269147,37555.224,454,14546.9643,-67909.0539,113851.7825,10358.7901,4385.8515,2124.1914,4448.0792,5568.8146,2018.2198,8764.8572,52033.2362,1455.0636,4625.4759,7560.4357,0,0,14712.8734,6307700,24428073,15192362,15490951,224031.296072691,0.928916666666667,"Canada"
"América del Norte","Canada",2001,99.719,78.6499,2884.8149,1368.72187269147,37659.4271,250,14552.4999,171121.076,110514.6189,10464.1398,4635.3477,2236.2747,4541.8739,5639.7624,2397.7454,8811.8553,49415.9607,1495.1432,4801.4352,7818.7564,0,0,13442.3675,6263924,24760808,15357082,15645681,454230.189772692,1.83091666666667,"Canada"
"América del Norte","Canada",2002,1109.1431,122.574,2431.9201,1368.72187269147,37730.307,138,15667.6026,171121.076,110514.6189,9989.7592,4960.7171,2028.2499,4416.0537,5709.982,2712.0437,8897.6983,51553.6453,1515.2905,4837.7652,8080.9692,0,0,12334.9809,6299155,25021734,15519436,15802961,457241.118572691,0.599666666666667,"Canada"
"América del Norte","Canada",2003,773.51,639.0155,3223.2657,1368.72187269147,37750.7891,325,16080.9684,171121.076,110514.6189,10522.5519,5441.9966,2306.0024,4467.496,5707.6858,3116.9762,9030.8182,52932.5326,1508.0438,4738.2937,8142.4939,0,0,12540.1516,6336148,25291658,15667865,15951585,462252.008172691,1.13625,"Canada"
"América del Norte","Canada",2004,1054.8496,412.1479,3320.171,1368.72187269147,37809.7961,950.795820095478,16484.31,171121.076,110514.6189,9999.5822,5493.531,2167.136,4217.95,5832.9541,3388.3088,8749.7117,54414.5717,1534.6258,5136.2061,8231.429,0,0,12502.1537,6375632,25573785,15813901,16097767,464704.647292787,0.0985,"Canada"
"América del Norte","Canada",2005,653.9912,163.9817,3333.2696,1368.72187269147,37720.6858,207,16774.1554,171121.076,110514.6189,9368.2028,5166.4856,2058.8309,4349.8442,5885.0767,3668.3442,8706.4934,55836.0982,1545.6624,5273.0917,8282.6654,0,0,13775.7582,6418127,25869853,15966838,16249077,465774.054172691,1.66833333333333,"Canada"
"América del Norte","Canada",2006,782.4668,300.4416,3230.2454,1368.72187269147,37624.4806,0,16751.4066,171121.076,110514.6189,9197.1713,5121.4565,1984.3793,4305.5233,5929.9799,3618.2238,9004.5529,57423.4455,1539.0076,5177.753,8319.7156,0,0,14072.2727,6459512,26185971,16124651,16407215,467386.939172691,2.45916666666667,"Canada"
"América del Norte","Canada",2007,607.0866,116.3191,3094.7036,1652.43066181355,37498.2622,1122,17787.4117,171121.076,110514.6189,9892.3023,5436.0802,1911.5781,5910.4866,5990.8399,3722.9048,8895.6152,57724.331,1501.1276,4994.8076,7904.1367,0,0,14938.7127,6473183,26546749,16287509,16574949,472336.831461814,0.917166666666667,"Canada"
"América del Norte","Canada",2008,559.342,126.6318,3622.965,1652.43066181355,37443.531,1311,17911.9634,171121.076,110514.6189,9389.2624,5451.6586,1813.0626,5298.3766,6028.4261,3633.2558,7122.4576,57504.3456,1453.7397,4860.193,7397.7574,0,0,15163.9717,6487802,26916746,16462958,16755583,469380.065861813,0.68175,"Canada"
"América del Norte","Canada",2009,253.7053,207.5632,3281.6886,1368.72187269147,37441.549,1309,17746.9919,171121.076,110514.6189,8812.6706,5394.4212,1704.316,4209.456,6049.4614,3992.3026,7375.746,55595.0584,1418.6017,4602.186,7216.2487,0,0,12665.9688,6501752,27288079,16648883,16945034,462281.352172691,0.866833333333333,"Canada"
"América del Norte","Canada",2010,1084.112,383.5536,3015.2764,2061.21253479631,37473.6678,1489,18678.0542,171121.076,110514.6189,8613.6278,5314.6653,1746.376,4028.3534,6101.6271,3813.2442,8567.7373,60001.1176,1406.8431,4474.2995,7179.2885,0,0,15195.735,6513437,27655231,16832073,17131339,472263.486234796,3.08033333333333,"Canada"
"América del Norte","Canada",2011,679.3199,328.8386,3164.3788,2188.61421875472,37517.7646,1493,19045.2726,22975.7406,92546.3974,8541.9364,5513.6488,1613.4526,3919.5115,6138.0612,3678.8622,8794.0889,61296.9749,1396.4215,4289.9877,7174.5563,0,0,16958.2812,6529238,28009384,17013086,17310446,309255.109918755,1.44133333333333,"Canada"
"América del Norte","Canada",2012,633.4961,682.5224,3416.1372,2188.61421875472,37545.925,1716,19077.3884,22975.7406,92546.3974,8029.4107,5403.4168,1501.3752,3589.4379,6171.4993,3966.9133,8330.6932,64349.5877,1403.9996,4319.642,7225.4849,0,0,16608.0448,6583389,28317316,17202163,17489715,311681.726718755,1.90991666666667,"Canada"
"América del Norte","Canada",2013,1754.6096,608.2364,4283.0223,2188.61421875472,37562.9603,1881,19470.6907,22975.7406,92546.3974,8149.5703,5560.6582,1534.6946,3400.6891,6221.125,3856.1248,19309.6623,66379.1932,1407.905,4323.1672,7224.5368,0,0,17409.3824,6635934,28619561,17393361,17670329,328047.980418755,0.853666666666667,"Canada"
"América del Norte","Canada",2014,1545.8694,627.4669,3497.4144,2188.61421875472,37572.5802,1717,19302.6552,22975.7406,92546.3974,8298.4741,5939.0246,1478.1702,3360.2026,6052.8889,3656.189,19331.5586,66477.4396,1405.1827,4253.6399,7232.4596,0,0,18487.2516,6687150,28917578,17565866,17838742,327946.219718755,0.736583333333333,"Canada"
"América del Norte","Canada",2015,1107.531,1545.7496,3578.2153,2211.00920675472,37591.4777,1594,19170.6517,22975.7406,92546.3974,7894.9711,5918.9304,1505.7418,3323.7258,6057.0501,3514.9828,19690.3184,67478.8114,1400.4404,4105.4712,7286.463,0,0,18817.4245,6737308,29212401,17728892,18003234,329315.103406755,1.29858333333333,"Canada"
"América del Norte","Canada",2016,337.7363,812.7646,3876.2419,2230.11945029169,37665.7858,1909,19074.0663,-80719.7361,96117.2071,7481.1816,6081.0822,1393.4587,3349.5549,6107.7407,5403.0967,21395.4406,67597.6332,1413.6602,4094.4874,7434.4291,0,0,18974.1614,6786280,29503542,17919272,18194260,232029.112050292,2.12458333333333,"Canada"
"América del Norte","Canada",2017,1129.4447,1248.7836,3838.6631,2220.34576399169,37718.9179,2147,19778.5506,-80719.7361,96117.2071,7684.242,6882.3552,1385.5611,3540.9256,6120.3535,5586.7539,20668.5838,66335.6586,1425.2513,4067.1653,7534.7179,0,0,19550.707,6830253,29793946,18142843,18411504,234261.451863992,1.58766666666667,"Canada"
"América del Norte","Canada",2018,501.0706,3236.4746,3943.5181,2220.34576399169,38006.9739,1843,20336.3376,-80719.7361,96117.2071,7767.5072,7442.4096,1369.3959,3481.826,6134.3368,5662.2672,16357.6031,69643.6115,1441.2979,4071.4639,7658.0399,0,0,20398.6565,6869269,30084496,18390730,18644524,236913.607063992,0.608083333333333,"Canada"
"América del Norte","Canada",2019,413.0994,1336.7596,4031.4766,2220.34576399169,38145.9341,1671,19186.8575,-80719.7361,96117.2071,7362.2943,7458.2024,1369.1354,3554.1349,6137.6992,5708.9176,16346.9446,69862.7688,1438.2606,4046.6075,7599.5574,0,0,19395.9737,6903530,30376281,18641142,18881443,232683.440363992,1.23341666666667,"Canada"
"América del Norte","Canada",2020,48.6691,222.2592,4246.3211,1387.83211622843,38215.5516,1671,17448.9744,-80719.7361,96117.2071,7181.9268,7616.112,838.5298,3441.489,6137.5389,5677.0547,23023.1519,67410.2051,1434.005,3959.5972,7580.2227,0,0,19231.7986,6933141,30670064,18826542,19062163,232169.710216228,1.317,"Canada"
"América del Norte","Cayman Islands",1990,0,0,NA,2433.62197494725,0,11.481084565897,9.1641,0.0481,4.5012,4.3822,1.7483,17.0046627850269,77.3936507615048,0.9052,451.196291182732,2005.79212907803,NA,NA,2128.60372548703,NA,0,0,3.2197,0,25010,12781,13246,7149.06231880747,0.816666666666667,"Cayman Islands"
"América del Norte","Cayman Islands",1991,0,0,NA,2433.62197494725,0,11.481084565897,11.2996,0.0481,4.5012,2.9216,1.8414,17.0046627850269,77.3936507615048,0.9493,451.196291182732,2005.79212907803,NA,NA,2128.60372548703,NA,0,0,4.9296,0,26213,13422,13919,7151.58431880747,0.837833333333333,"Cayman Islands"
"América del Norte","Cayman Islands",1992,0,0,NA,2433.62197494725,0,11.481084565897,12.0068,0.0481,4.5012,4.3822,1.9312,17.0046627850269,77.3936507615048,0.9938,451.196291182732,2005.79212907803,NA,NA,2128.60372548703,NA,0,0,4.6649,0,27404,14075,14601,7153.62171880747,0.564666666666667,"Cayman Islands"
"América del Norte","Cayman Islands",1993,0,0,NA,2433.62197494725,0,11.481084565897,12.3764,0.0481,4.5012,4.3822,1.078,17.0046627850269,77.3936507615048,1.0397,451.196291182732,2005.79212907803,NA,NA,2128.60372548703,NA,0,0,3.9945,0,28646,14745,15293,7152.51361880747,1.08516666666667,"Cayman Islands"
"América del Norte","Cayman Islands",1994,0,0,NA,2433.62197494725,0,11.481084565897,12.0308,0.0481,4.5012,4.3822,1.1904,17.0046627850269,77.3936507615048,1.0917,451.196291182732,2005.79212907803,NA,NA,2128.60372548703,NA,0,0,3.6188,0,30055,15422,15995,7151.95671880747,1.33866666666667,"Cayman Islands"
"América del Norte","Cayman Islands",1995,0,0,NA,2433.62197494725,0,11.481084565897,10.9734,0.0481,4.5012,4.3822,1.5555,17.0046627850269,77.3936507615048,1.1504,451.196291182732,2005.79212907803,NA,NA,2128.60372548703,NA,0,0,4.4406,0,31672,16100,16702,7152.14491880747,1.3633,"Cayman Islands"
"América del Norte","Cayman Islands",1996,0,0,NA,2433.62197494725,0,11.481084565897,10.9758,0.0481,4.5012,4.3822,1.8742,17.0046627850269,77.3936507615048,1.2184,451.196291182732,2005.79212907803,NA,NA,2128.60372548703,NA,0,0,4.4816,0,33536,16779,17414,7152.57501880747,0.707083333333333,"Cayman Islands"
"América del Norte","Cayman Islands",1997,0,0,NA,2433.62197494725,0,11.481084565897,11.3297,0.0481,4.5012,4.3822,2.3042,17.0046627850269,77.3936507615048,1.2932,451.196291182732,2005.79212907803,NA,NA,2128.60372548703,NA,0,0,3.8046,0,35597,17458,18121,7152.75671880747,1.3617,"Cayman Islands"
"América del Norte","Cayman Islands",1998,0,0,NA,2433.62197494725,0,11.481084565897,12.3908,0.0481,4.5012,4.3822,1.596,17.0046627850269,77.3936507615048,1.371,451.196291182732,2005.79212907803,NA,NA,2128.60372548703,NA,0,0,5.0705,0,37740,18127,18820,7154.45331880747,1.23609090909091,"Cayman Islands"
"América del Norte","Cayman Islands",1999,0,0,NA,2433.62197494725,0,11.481084565897,12.3858,0.0481,4.5012,4.3822,2.4413,17.0046627850269,77.3936507615048,1.4459,451.196291182732,2005.79212907803,NA,NA,2128.60372548703,NA,0,0,5.0056,0,39808,18787,19509,7155.30361880747,0.679583333333333,"Cayman Islands"
"América del Norte","Cayman Islands",2000,0,0,NA,2433.62197494725,0,11.481084565897,13.0908,0.0481,4.5012,4.3822,3.6157,17.0046627850269,77.3936507615048,1.5132,451.196291182732,2005.79212907803,NA,NA,2148.25169285071,NA,0,0,5.5957,0,41687,19468,20191,7177.48838617116,0.838003445379317,"Cayman Islands"
"América del Norte","Cayman Islands",2001,0,0,NA,2433.62197494725,0,11.481084565897,13.44,-2.795,4.7254,4.3802,4.3275,17.0046627850269,77.3936507615048,1.5714,451.196291182732,2005.79212907803,NA,NA,2148.25169285071,NA,0,0,6.2327,0,43316,20176,20878,7176.62368617116,0.837164942311616,"Cayman Islands"
"América del Norte","Cayman Islands",2002,0,0,NA,2433.62197494725,0,11.481084565897,13.7833,-2.795,4.7254,4.4487,5.0565,17.0046627850269,77.3936507615048,1.622,451.196291182732,2005.79212907803,NA,NA,2148.25169285071,NA,0,0,5.9952,0,44738,20890,21567,7177.57758617115,0.843064761907433,"Cayman Islands"
"América del Norte","Cayman Islands",2003,0,0,NA,2433.62197494725,0,11.481084565897,14.4815,-2.795,4.7254,4.3999,5.822,17.0046627850269,77.3936507615048,1.6677,451.196291182732,2005.79212907803,NA,NA,2148.25169285071,NA,0,0,6.2097,0,46028,21605,22258,7179.25268617115,0.843064761907433,"Cayman Islands"
"América del Norte","Cayman Islands",2004,0,0,NA,2433.62197494725,0,11.481084565897,14.8502,-2.795,4.7254,2.8993,6.6798,17.0046627850269,77.3936507615048,1.7133,451.196291182732,2005.79212907803,NA,NA,2148.25169285071,NA,0,0,6.3184,0,47299,22323,22964,7179.13288617116,0.843064761907433,"Cayman Islands"
"América del Norte","Cayman Islands",2005,0,0,NA,2433.62197494725,0,11.481084565897,15.5531,-2.795,4.7254,2.921,7.7895,17.0046627850269,77.3936507615048,1.762,451.196291182732,2005.79212907803,NA,NA,2148.25169285071,NA,0,0,7.1791,0,48622,23046,23681,7181.87658617116,1.05125,"Cayman Islands"
"América del Norte","Cayman Islands",2006,0,0,NA,1746.10551106157,0,11.481084565897,16.258,-2.795,4.7254,2.922,8.2265,17.0046627850269,77.3936507615048,17.7162,451.196291182732,2005.79212907803,NA,NA,2148.25169285071,NA,0,0,8.629,0,50031,23777,24400,6512.90712228547,0.952083333333333,"Cayman Islands"
"América del Norte","Cayman Islands",2007,0,0,NA,1680.01052542212,0,11.481084565897,19.4425,-2.795,4.7254,2.9287,8.5144,17.0046627850269,77.3936507615048,26.3849,451.196291182732,2005.79212907803,NA,NA,2148.25169285071,NA,0,0,15.0081,0,51483,24523,25123,6465.33903664602,0.992083333333333,"Cayman Islands"
"América del Norte","Cayman Islands",2008,0,0,NA,1680.01052542212,0,11.481084565897,21.1948,-2.795,4.7254,4.444,8.8953,17.0046627850269,77.3936507615048,32.2314,451.196291182732,2005.79212907803,NA,NA,2148.25169285071,NA,0,0,11.7539,0,52926,25274,25849,6471.57983664602,0.85375,"Cayman Islands"
"América del Norte","Cayman Islands",2009,0,0,NA,1746.10551106157,0,11.481084565897,19.4316,-2.795,4.7254,3.0247,9.2293,17.0046627850269,77.3936507615048,36.1188,451.196291182732,2005.79212907803,NA,NA,2148.25169285071,NA,0,0,10.4171,0,54279,26033,26569,6537.37692228547,0.92875,"Cayman Islands"
"América del Norte","Cayman Islands",2010,0,0,NA,1746.10551106157,0,11.481084565897,18.3815,-2.795,4.7254,2.8569,9.2044,17.0046627850269,77.3936507615048,38.7261,451.196291182732,2005.79212907803,NA,NA,2148.25169285071,NA,0,0,8.658,0,55507,26797,27277,6536.98232228547,0.720416666666667,"Cayman Islands"
"América del Norte","Cayman Islands",2011,0,0,NA,1746.10551106157,0,11.481084565897,20.143,-1.7112,0,5.9019,9.4427,17.0046627850269,77.3936507615048,40.4962,451.196291182732,2005.79212907803,NA,NA,2148.25169285071,NA,0,0,9.5724,0,56579,27569,27924,6541.07002228547,0.83875,"Cayman Islands"
"América del Norte","Cayman Islands",2012,0,0,NA,1746.10551106157,0,11.481084565897,17.6785,-1.7112,0,4.4436,9.9216,17.0046627850269,77.3936507615048,41.7133,451.196291182732,2005.79212907803,NA,NA,2148.25169285071,NA,0,0,8.6651,0,57523,28348,28512,6537.93592228547,0.78125,"Cayman Islands"
"América del Norte","Cayman Islands",2013,0,0,NA,1746.10551106157,0,11.481084565897,18.0299,-1.7112,0,5.9559,10.3733,17.0046627850269,77.3936507615048,42.5583,451.196291182732,2005.79212907803,NA,NA,2148.25169285071,NA,0,0,9.3941,0,58371,29112,29100,6541.82532228547,0.929583333333333,"Cayman Islands"
"América del Norte","Cayman Islands",2014,0,0,NA,1746.10551106157,0,11.481084565897,18.3652,-1.7112,0,4.5247,11.3355,17.0046627850269,77.3936507615048,43.1604,451.196291182732,2005.79212907803,NA,NA,2148.25169285071,NA,0,0,9.1965,0,59172,29853,29706,6542.09612228547,1.05458333333333,"Cayman Islands"
"América del Norte","Cayman Islands",2015,0,0,NA,1746.10551106157,0,11.481084565897,18.3812,-1.7112,0,6.0589,12.3396,17.0046627850269,77.3936507615048,43.5965,451.196291182732,2005.79212907803,NA,NA,2148.25169285071,NA,0,0,9.029,0,59963,30572,30339,6544.91902228547,1.42125,"Cayman Islands"
"América del Norte","Cayman Islands",2016,0,0,NA,1746.10551106157,0,11.481084565897,17.6767,-3.7005,0,7.6,13.9259,17.0046627850269,77.3936507615048,43.9287,451.196291182732,2005.79212907803,NA,NA,2148.25169285071,NA,0,0,8.5054,0,60765,31270,30984,6545.16122228547,1.29041666666667,"Cayman Islands"
"América del Norte","Cayman Islands",2017,0,0,NA,1746.10551106157,0,11.481084565897,19.0884,-3.7005,0,7.7078,15.8303,17.0046627850269,77.3936507615048,44.1967,451.196291182732,2005.79212907803,NA,NA,2148.25169285071,NA,0,0,9.7564,0,61559,31954,31627,6550.10412228547,1.19958333333333,"Cayman Islands"
"América del Norte","Cayman Islands",2018,0,0,NA,1680.01052542212,0,11.481084565897,21.7448,-3.7005,0,6.1846,17.7273,17.0046627850269,77.3936507615048,44.4328,451.196291182732,2005.79212907803,NA,NA,2148.25169285071,NA,0,0,11.8087,0,62348,32627,32258,6489.32773664602,0.92375,"Cayman Islands"
"América del Norte","Cayman Islands",2019,0,0,NA,1680.01052542212,0,11.481084565897,23.2634,-3.7005,0,12.5453,19.5737,17.0046627850269,77.3936507615048,44.6485,451.196291182732,2005.79212907803,NA,NA,2148.25169285071,NA,0,0,13.4926,0,63129,33285,32849,6500.95303664602,1.16208333333333,"Cayman Islands"
"América del Norte","Cayman Islands",2020,0,0,NA,1680.01052542212,0,11.481084565897,19.9489,-3.7005,0,6.2054,21.5157,17.0046627850269,77.3936507615048,44.7583,451.196291182732,2005.79212907803,NA,NA,2148.25169285071,NA,0,0,14.3991,0,63890,33941,33370,6494.25693664602,1.25708333333333,"Cayman Islands"
"América del Sur","Chile",1990,29.9029,186.2412,189.1434,201.8494,995.0727,124,950.9331,-20763.102,3010.0184,1137.5575,156.2376,41.3413,184.9606,2840.5397,359.302819636906,9.6683,1433.1181,322.8999,1755.531,283.3113,0,0,575.3585,2215333,11026799,6636684,6706184,-5976.11428036309,0.1675,"Chile"
"América del Sur","Chile",1991,29.9029,186.2412,181.6918,184.2596,995.0727,110,984.0478,-20763.102,3010.0184,923.1225,139.8167,29.492,202.1709,2994.602,351.839915720361,27.1042,1579.3348,337.1835,1767.5967,285.4787,0,0,975.1093,2234221,11223023,6744934,6817011,-5469.01638427964,0.0396666666666667,"Chile"
"América del Sur","Chile",1992,29.9029,186.2412,181.8512,196.7087,995.0727,91,1061.4948,-20763.102,3010.0184,820.9356,141.2407,24.1808,210.6189,3154.9734,389.143433887357,65.1545,1787.3104,361.1156,1790.4413,297.3333,0,0,929.6168,2246943,11424090,6854273,6928025,-5038.74736611264,-0.0195,"Chile"
"América del Sur","Chile",1993,29.9029,186.2412,162.8103,180.1099,995.0727,94,1169.8575,-20763.102,3010.0184,868.0274,153.8119,9.9008,203.52,3302.5132,389.143433887357,102.3601,1838.0313,393.8536,1828.9689,316.2588,0,0,830.0659,2235639,11647029,6961685,7036702,-4698.63376611264,0.219,"Chile"
"América del Sur","Chile",1994,29.9029,186.2412,159.2817,188.0377,995.0727,101,1293.207,-20763.102,3010.0184,1074.7162,179.5229,29.4804,255.561,3441.3584,393.18286444624,142.9896,1933.3336,479.7566,1934.3129,352.9269,0,0,819.5209,2223173,11868216,7066850,7143824,-3763.67813555376,0.34925,"Chile"
"América del Sur","Chile",1995,29.9029,186.2412,168.2123,210.1488,995.1951,91,1414.4712,-20763.102,3010.0184,1161.608,193.8786,30.176,284.8612,3614.6468,401.092080253678,181.1742,2130.7616,513.7221,1939.743,358.8329,0,0,581.908,2209577,12087036,7168506,7248291,-3265.50761974632,0.02975,"Chile"
"América del Sur","Chile",1996,22.5377,133.1366,157.4623,198.381,995.3167,88,1532.6424,-20763.102,3010.0184,1499.8949,224.8813,49.4638,422.4826,3733.3956,401.092080253678,222.4212,2100.1019,553.4114,1974.2058,384.8404,0,0,1137.129,2194771,12303055,7266190,7349292,-1922.28691974632,0.21225,"Chile"
"América del Sur","Chile",1997,32.2026,263.8217,189.7861,149.2348,994.8565,66,1602.9245,-20763.102,3010.0184,1370.8576,519.4404,66.9514,417.9615,3848.7744,401.092080253678,265.8671,2238.7515,579.5585,2018.3875,400.4295,0,0,1163.6319,2178978,12515857,7361319,7447971,-1162.55401974632,0.722416666666667,"Chile"
"América del Sur","Chile",1998,25.5971,200.1846,186.6449,165.3815,996.0008,91,1692.6997,-20763.102,3010.0184,1514.0883,497.9585,46.2221,418.2041,3969.0783,401.092080253678,308.785,2307.5292,576.4866,2049.0573,380.7657,0,0,695.212,2162092,12725664,7453481,7543261,-1231.09581974632,0.695083333333333,"Chile"
"América del Sur","Chile",1999,38.6271,223.425,137.8837,91.0211,1003.3873,105,1745.6765,-20763.102,3010.0184,1701.1959,600.3521,67.9142,424.9295,4047.5745,401.092080253678,355.0774,2390.5976,590.5352,2083.1946,403.1192,0,0,601.4123,2144288,12932664,7541838,7634572,-741.068319746324,0.227833333333333,"Chile"
"América del Sur","Chile",2000,17.6147,100.361,162.8126,159.5967,1005.9547,80,1789.9733,-20763.102,3010.0184,1520.7495,592.2249,54.2732,440.9437,4687.3342,471.896926971746,395.0746,3398.1849,524.1029,2161.8965,400.0541,0,0,676.9677,2125607,13137147,7627655,7724143,886.932526971748,-0.1785,"Chile"
"América del Sur","Chile",2001,3.4288,29.2381,192.6756,176.8273,1003.4412,43,1671.7588,-36480.1254,0,1462.5542,609.6842,38.4679,400.792,5299.0969,478.726452595581,438.3582,3553.1981,573.1676,2130.5133,459.5974,0,0,552.3119,2106259,13338710,7711571,7812408,-17363.2874474044,0.170416666666667,"Chile"
"América del Sur","Chile",2002,15.1949,116.0536,204.1453,173.2969,1001.1744,40,1741.0774,-36480.1254,0,1433.5672,657.9585,55.3356,456.0604,5915.3562,484.54624136423,484.1945,4150.4897,578.5588,2096.0917,467.8602,0,0,655.756,2092618,13531017,7794228,7899562,-15753.4078586358,0.0438333333333333,"Chile"
"América del Sur","Chile",2003,23.4317,88.2483,215.1006,174.8453,1000.1643,13,1734.704,-36480.1254,0,1462.2818,805.1292,50.2241,460.2148,6517.6091,4.078,533.6265,4750.7502,577.8594,2079.6601,456.6891,0,0,480.3948,2106807,13692735,7874834,7984277,-15052.1141,0.255,"Chile"
"América del Sur","Chile",2004,17.9906,70.6968,228.675,154.2206,1001.8337,17,1770.2938,-36480.1254,0,1685.1286,994.6667,43.8618,505.5065,7130.5648,8.2959,700.6457,4354.3331,621.8146,2128.9889,485.3225,0,0,815.5797,2120588,13853190,7952250,8065716,-13744.7061,0.646166666666667,"Chile"
"América del Sur","Chile",2005,39.9536,118.6557,224.4863,155.0258,1002.0263,2,1919.6989,-36480.1254,0,1710.1474,1075.3724,39.7669,486.9228,7849.8914,43.9141,952.8422,4079.358,652.7671,2117.2551,515.0143,0,0,458.3501,2134099,14012965,8028913,8146398,-13036.677,0.259833333333333,"Chile"
"América del Sur","Chile",2006,9.0441,77.4352,200.9403,173.2969,1001.5417,2,1898.4982,-36480.1254,0,1720.757,1186.4034,55.7483,591.3193,8143.0165,82.4109,903.8619,4114.8122,675.0419,2092.7198,542.7355,0,0,439.6553,2147356,14172436,8107283,8227292,-12568.887,0.554833333333333,"Chile"
"América del Sur","Chile",2007,22.6803,89.529,156.1854,134.8037,1001.1736,160,2045.0455,-36480.1254,0,2079.9002,1475.27,93.8184,796.2334,6776.4943,119.4683,673.938,4498.4654,594.8972,2134.9611,545.7959,0,0,457.3708,2160337,14331350,8186994,8308544,-12624.0949,-0.22825,"Chile"
"América del Sur","Chile",2008,17.124,221.6309,179.0911,129.8179,1003.3443,164,2122.157,-36480.1254,0,2102.2943,1731.0935,76.4974,767.553,7155.1634,156.7776,718.9168,4712.4083,678.8293,2103.2527,539.207,0,0,527.0544,2172928,14489014,8268938,8392523,-11373.9125,0.619833333333333,"Chile"
"América del Sur","Chile",2009,31.5878,104.2204,169.6995,146.6644,1000.5421,159,2173.1367,-36480.1254,0,2059.5123,1799.2157,61.6306,828.8081,6817.142,194.0869,792.6513,3687.4397,550.2539,2206.174,522.7659,0,0,562.2128,2185026,14644416,8353799,8479648,-12613.3813,0.386083333333333,"Chile"
"América del Sur","Chile",2010,31.1763,63.8056,194.0127,151.9104,1000.2056,166,2246.6042,-36480.1254,0,2282.9041,2251.1863,32.5183,728.5939,6971.0815,231.3961,798.3881,3819.9632,687.2043,2099.4355,536.231,0,0,958.7626,2196490,14796864,8437983,8566180,-11228.7457,-0.0425,"Chile"
"América del Sur","Chile",2011,26.3101,161.7402,215.4928,155.5894,1000.474,172,2324.4482,-81741.4793,0,2444.8746,2706.572,53.4787,834.9789,7929.5893,268.7054,864.3195,4038.0447,706.5908,2080.3991,550.8838,0,0,1236.8696,2207299,14946058,8521805,8651769,-53970.1182,0.365916666666667,"Chile"
"América del Sur","Chile",2012,35.4785,131.5208,184.0339,148.5907,997.941,179,2403.8304,-81741.4793,0,2735.4877,2935.7572,64.9311,1241.082,7797.4019,306.0144,892.0974,4152.5495,747.5453,2075.055,601.6948,0,0,962.235,2217485,15092261,8605184,8736586,-53149.2327,0.550416666666667,"Chile"
"América del Sur","Chile",2013,7.2329,50.8269,212.0733,130.0656,998.0019,178,2604.4757,-81741.4793,0,2852.9119,3230.3954,71.1336,1230.9507,5243.9066,301.6047,906.6911,4114.1324,668.9474,1777.331,522.7566,0,0,741.6784,2227155,15235827,8688160,8821764,-55898.3632,0.5405,"Chile"
"América del Sur","Chile",2014,40.8847,143.9854,189.3621,138.7243,995.014,166,2518.1221,-81741.4793,0,2624.5227,3375.5208,41.5109,887.8365,5091.2203,335.1899,943.2889,4343.9155,696.2738,1775.3174,516.3354,0,0,676.2999,2236368,15377430,8775549,8911559,-56242.1547,0.414166666666667,"Chile"
"América del Sur","Chile",2015,53.6772,543.4102,199.6422,146.875,995.014,170,2635.7381,-81741.4793,0,2702.185,3727.9527,45.7705,870.6968,5111.8657,335.5652,934.9755,4599.183,706.6823,1659.5543,535.8212,0,0,731.5757,2245203,15517478,8865948,9004176,-55035.2947,0.893583333333333,"Chile"
"América del Sur","Chile",2016,25.5883,98.6268,211.5669,164.3781,1004.1223,171,2779.955,-58269.1025,0,3192.2049,4185.4615,37.7996,1061.4834,5225.8644,384.3525,994.7539,5265.0562,693.5117,1674.8097,525.246,0,0,892.1719,2252605,15657149,8971935,9111944,-29681.1494,1.04233333333333,"Chile"
"América del Sur","Chile",2017,153.0556,1286.5958,190.023,129.6754,1008.3324,169,2872.538,-58269.1025,0,3020.3649,4602.3874,800.6649,1034.5725,5293.9258,422.5808,1047.358,5295.5161,630.9166,1718.3533,510.842,0,0,1498.8097,2258558,15796168,9114379,9254199,-26583.5903,0.8625,"Chile"
"América del Sur","Chile",2018,8.8595,40.4186,196.9467,182.8475,1022.9931,163,2964.3783,-58269.1025,0,1994.7346,4937.6709,1026.3778,1118.8083,5378.8336,319.066,1066.1243,5848.3276,683.6425,1717.1844,525.0578,0,0,1584.7329,2262995,15934214,9281300,9420150,-27489.0981,0.54825,"Chile"
"América del Sur","Chile",2019,35.4821,142.4491,179.2192,162.5325,1034.4856,171,2992.3565,-58269.1025,0,2159.5216,4883.5599,1062.0427,1392.1974,5452.1497,270.2374,1080.2169,5159.7409,683.6555,1845.2216,541.6013,0,0,1520.551,2265846,16070807,9450404,9589082,-27500.8816,0.688583333333333,"Chile"
"América del Sur","Chile",2020,24.3844,198.269,158.2068,163.4739,1035.6147,171,2721.0656,-58269.1025,0,2306.6971,4913.3992,385.9245,1379.2988,5519.8462,253.4017,1173.9188,5369.0616,703.3308,1870.6072,559.3494,0,0,1519.803,2267065,16205574,9579957,9720358,-27842.4498,0.927166666666667,"Chile"
"América del Sur","Colombia",1990,1420.5829,362.5278,312.3966,3023.2138,403.2156,386,1779.0058,-2843.1953,94828.6335,2100.9905,398.9408,12.8039,598.7016,9403.1192,2383.5493,43.341,3601.3151,1213.9412,10140.7323,1238.8283,0,332.7137,2687.5131,10459380,23812185,16281573,16319819,133828.8707,0.297416666666667,"Colombia"
"América del Sur","Colombia",1991,1420.5829,362.5278,281.892,2524.2762,403.2156,426,1815.0657,-2843.1953,94828.6335,2242.9826,429.6352,12.9282,705.2197,9504.9299,2587.8789,82.2322,3632.1182,1278.5282,10121.9094,1258.3403,0,332.7137,2217.5638,10492669,24424097,16605752,16666875,133625.9787,0.477416666666667,"Colombia"
"América del Sur","Colombia",1992,1420.5829,362.5278,256.9215,2457.3895,403.2156,457,1992.9602,-2843.1953,94828.6335,2393.5836,492.6493,16.4341,635.7048,9572.7471,2809.4394,118.9917,3789.6738,1289.4678,10318.0425,1279.684,0,332.7137,2279.8107,10520182,25038500,16926884,17012155,134664.9782,0.60025,"Colombia"
"América del Sur","Colombia",1993,1420.5829,362.5278,255.4324,2238.9245,403.2156,412,2209.0385,-2843.1953,94828.6335,2688.7751,464.9803,79.8506,678.2573,9640.7301,2671.5693,153.8231,4275.4422,1312.7882,10560.6548,1307.0363,0,332.7137,3618.3834,10542121,25653047,17252549,17362186,137072.1643,0.26225,"Colombia"
"América del Sur","Colombia",1994,1420.5829,362.5278,263.8167,2368.7005,403.2156,463,2246.1436,-2843.1953,94828.6335,2775.875,457.4949,66.2551,626.9183,9693.5323,2653.0701,193.9753,4999.5241,1371.2656,10696.8974,1334.074,0,332.7137,2914.7221,10557927,26265610,17580991,17714470,137629.7432,0.248666666666667,"Colombia"
"América del Sur","Colombia",1995,1420.5829,362.5278,250.6563,2359.8646,438.9085,580,2334.4664,-2843.1953,94828.6335,3025.0429,507.3421,83.7604,723.6045,9791.3041,2715.38,230.683,4987.7116,1417.0684,10678.7381,1340.5648,0,332.7137,2956.5143,10567153,26874824,17906602,18063500,138522.8726,0.503416666666667,"Colombia"
"América del Sur","Colombia",1996,626.8803,247.1006,231.3283,2362.7132,438.9085,503,2377.6912,-2843.1953,94828.6335,2895.6116,459.6843,185.2447,766.5863,10066.9614,2685.1214,271.2336,4863.6265,1496.824,10783.8686,1341.1804,0,204.0154,3039.8075,10569066,27479972,18226168,18406405,137832.826,0.11775,"Colombia"
"América del Sur","Colombia",1997,639.6145,634.6541,229.6185,2286.2887,438.9085,508,2517.5376,-2843.1953,94828.6335,3231.3583,574.2742,249.7348,808.1217,10360.4283,2925.5562,314.2116,4945.8342,1504.457,10595.8403,1328.9605,0,546.1248,3275.3312,10564799,28080612,18544061,18747884,139900.2932,0.618333333333333,"Colombia"
"América del Sur","Colombia",1998,861.8749,660.417,210.1212,2336.7742,449.1113,1349,2481.261,-2843.1953,94828.6335,2612.9408,597.7091,404.1536,592.4798,11181.9597,2252.2571,356.3538,4902.6271,1533.6365,10591.3976,1307.1171,0,552.2259,2443.9631,10554690,28679372,18858347,19086068,139662.819,0.817416666666667,"Colombia"
"América del Sur","Colombia",1999,626.7783,404.477,236.7312,2640.7491,460.5914,1166,2169.4297,-2843.1953,94828.6335,2815.0548,284.7897,126.3516,514.6851,11147.6978,1228.5679,402.1935,3783.5811,1537.2493,10051.0435,1260.3864,0,367.9364,2163.2192,10540299,29278980,19166664,19418369,135372.9512,-0.05275,"Colombia"
"América del Sur","Colombia",2000,854.9206,801.6618,232.5056,2742.7586,498.4408,1520,2154.8457,-2843.1953,94828.6335,3112.0059,296.7779,210.7867,598.925,11223.5609,1518.0354,440.8088,4337.6795,1640.244,10026.3109,1298.5462,0,751.3694,2118.9123,10522282,29881676,19469885,19745251,138364.5342,0.03,"Colombia"
"América del Sur","Colombia",2001,1856.9303,122.1888,234.8906,2751.1477,521.1694,1983,2014.4192,-8922.7497,88702.3132,3789.4091,323.1752,216.8498,639.93,11253.825,1477.4797,483.0744,4331.8831,1701.336,10071.5286,1339.2015,0,88.5602,3115.1722,10501653,30487256,19769644,20068231,128094.7343,0.452166666666667,"Colombia"
"América del Sur","Colombia",2002,1499.9296,60.2598,233.5849,2493.4697,532.1003,1951,2039.7536,-8922.7497,88702.3132,3327.2959,482.4289,204.5451,455.7673,11298.1818,1607.6449,528.0711,4424.0774,1746.1496,10119.9395,1337.9026,0,52.8878,3088.3542,10477378,31095113,20066543,20387506,127262.9075,0.700916666666667,"Colombia"
"América del Sur","Colombia",2003,2400.8157,307.0336,272.3285,2889.3302,549.8662,1860,2053.7784,-8922.7497,88702.3132,3271.4004,591.9127,144.832,656.3705,11274.2912,1561.475,576.8652,4751.3372,1778.7463,10147.7872,1338.7315,0,270.2971,3265.7647,10449169,31702982,20357979,20699708,129742.5271,0.671916666666667,"Colombia"
"América del Sur","Colombia",2004,2917.6022,957.8322,279.801,3015.3004,587.8598,2003,2353.0639,-8922.7497,88702.3132,3233.5897,524.4172,155.2311,164.8075,11323.3655,711.9596,598.5294,4862.0608,1778.3987,10184.6439,1325.3964,0,914.3825,2869.646,10416017,32308146,20643488,21004780,130540.4513,0.581166666666667,"Colombia"
"América del Sur","Colombia",2005,1616.7738,72.8337,256.2032,2645.5586,587.8598,2253,2267.2674,-8922.7497,88702.3132,3438.0078,678.1559,117.7865,209.7425,11371.8794,979.1552,843.4931,5667.4103,1796.6478,10466.5905,1333.9407,0,64.6862,2920.3981,10378127,32907507,20920388,21300552,129366.954,0.655833333333333,"Colombia"
"América del Sur","Colombia",2006,1223.5814,173.9271,239.5792,2494.1717,587.8598,2109,2360.8089,-8922.7497,88702.3132,3921.5075,782.7998,114.6487,233.9422,11412.3033,1243.3506,1176.5481,5558.9612,1608.3995,10785.4873,1414.9927,0,158.7943,2620.1618,10335155,33500567,21186610,21586300,130000.3886,0.57525,"Colombia"
"América del Sur","Colombia",2007,2730.1437,772.7287,260.0184,2505.6994,593.8227,1538,2511.3345,-8922.7497,88702.3132,3974.9313,894.3579,117.3789,292.179,11442.767,1479.2155,1285.6838,6094.8771,1469.5157,11214.7834,1553.1491,0,695.5239,3013.6705,10287615,34086957,21442913,21863668,134219.344,0.588416666666667,"Colombia"
"América del Sur","Colombia",2008,2001.9486,216.7937,272.7964,2863.4029,608.9239,957,2489.2997,-8922.7497,88702.3132,3548.5759,1071.3885,97.8932,376.3806,11491.8499,2295.6252,942.3649,5892.5013,1479.3494,11311.4997,1608.6748,0,210.9731,2523.6267,10235594,34665950,21686623,22128690,132040.4319,0.41225,"Colombia"
"América del Sur","Colombia",2009,1344.2545,105.4017,266.8746,3064.0454,610.7559,990,2549.8429,-8922.7497,88702.3132,3903.9308,1391.4702,306.2857,426.2973,11525.1862,2850.3256,1067.4777,5521.7378,1738.8932,10966.2697,1618.2,0,96.6071,3084.5453,10179227,35236954,21925966,22387951,133207.9651,0.953333333333333,"Colombia"
"América del Sur","Colombia",2010,1429.7116,79.8995,230.9152,2798.0943,624.3412,921,2628.8113,-8922.7497,88702.3132,4189.4745,1656.9334,343.0994,486.3011,11541.1177,3253.013,1067.8748,5833.826,1837.656,11204.6695,1696.5877,0,60.2421,3137.739,10118665,35799432,22167933,22648175,134800.8708,0.920666666666667,"Colombia"
"América del Sur","Colombia",2011,1143.5906,113.7039,243.7025,2945.5245,642.444,989,3132.7617,-3534.3359,59250.2035,3559.7372,1618.863,215.8209,477.1756,11601.8872,2963.091,1265.914,6471.3224,1873.4105,10228.333,1622.3516,0,110.3417,4046.6691,10054003,36352643,22405198,22903701,110981.512,0.505666666666667,"Colombia"
"América del Sur","Colombia",2012,1076.7376,122.4488,262.3182,2797.5199,642.444,885,3268.4872,-3534.3359,59250.2035,3691.4081,1906.1133,292.1259,511.1083,11650.3818,3355.9536,1244.5408,7145.3616,1973.6122,9247.6603,1555.8333,0,90.6387,4074.5113,9985405,36896070,22632420,23149997,111510.0725,0.7015,"Colombia"
"América del Sur","Colombia",2013,1293.8177,166.8435,250.6276,3018.7871,652.6865,1187,2855.0859,-3534.3359,59250.2035,4021.9158,2295.6468,106.3703,738.8731,11691.4137,3218.7607,1193.3564,7148.6184,1976.1024,8901.606,1513.2067,0,149.9008,4052.195,9913190,37429791,22850386,23387544,112148.682,0.8225,"Colombia"
"América del Sur","Colombia",2014,1821.0788,359.8208,251.399,2676.1214,652.6865,1383,3432.6228,-3534.3359,59250.2035,4506.3175,2715.2066,119.7648,634.0294,11634.392,3322.4409,1130.0498,8008.6591,2022.9692,8838.5461,1564.5331,0,337.7022,3581.6891,9837737,37954174,23060580,23617367,114708.8967,0.8935,"Colombia"
"América del Sur","Colombia",2015,1023.5458,370.7663,256.7681,2964.02,652.6865,794,3725.6303,-3534.3359,59250.2035,4559.7422,2942.783,130.1091,721.1811,11592.7825,3104.1952,425.9515,8492.0829,1297.2489,9366.0424,1498.6048,0,345.9332,3072.5859,9759346,38469351,23272374,23847355,113052.5273,1.30833333333333,"Colombia"
"América del Sur","Colombia",2016,1449.7164,391.8133,282.8118,3309.4183,652.6865,766,3883.9087,-281.4225,82452.6637,4670.2128,3739.3265,132.3855,748.3898,11603.678,3329.7988,439.6281,9117.766,1648.6703,9190.454,1489.0892,0,376.1639,3088.4398,9678238,38975181,23517966,24107989,142481.5989,0.976583333333333,"Colombia"
"América del Sur","Colombia",2017,940.7876,226.7051,296.9042,3465.0346,656.9638,813,3857.1527,-281.4225,82452.6637,3925.6194,3559.1284,83.2674,698.1202,11624.5001,3276.3629,1070.7564,9008.5735,1407.931,10143.9774,1548.1091,0,223.6014,3274.1797,9594518,39471097,23874571,24477100,142271.9161,0.857083333333333,"Colombia"
"América del Sur","Colombia",2018,1694.029,1126.815,271.7646,3055.5171,656.9638,852,3961.5099,-281.4225,82452.6637,4441.8372,3908.0886,124.085,729.1584,11647.9756,4367.1651,1087.8976,9369.9901,1533.9268,10846.2479,1636.3428,0,1110.7759,3431.328,9508270,39956413,24331054,24945907,148024.6596,1.13033333333333,"Colombia"
"América del Sur","Colombia",2019,1223.3528,234.2218,275.8197,3081.5663,701.2562,1545,3961.4613,-281.4225,82452.6637,4726.5476,3992.8006,161.5967,597.4356,11651.1227,4658.2933,1100.3511,9401.4207,1576.3271,11493.1082,1791.022,0,208.2235,2811.7051,9419540,40430278,24779301,25408106,147363.8735,1.436,"Colombia"
"América del Sur","Colombia",2020,1714.2445,434.0292,300.1873,3460.1613,705.5352,933,3419.0306,-281.4225,82452.6637,5021.634,4104.8463,161.5967,737.9302,11637.0405,5333.1846,1193.8466,9114.6907,1625.1973,11933.0027,1874.3034,0,409.0646,2811.7051,9328416,40891996,25139588,25791075,149095.472,1.54625,"Colombia"
"América del Norte","Costa Rica",1990,11.1555,27.6785,20.9658,39.846,121.5115,7,177.7546,-909.3333,3190.8507,34.25,14.4249,0.3522,0.3758,1297.3354,7.7901,356.491016867166,411.574,108.5505,877.8178,112.0561,0,21.8876,46.8739,1547893,1548102,1591754,1566500,5977.20861686717,0.631333333333333,"Costa Rica"
"América del Norte","Costa Rica",1991,11.1555,27.6785,19.9008,37.9683,121.5115,7,184.6173,-909.3333,3190.8507,52.9571,9.7007,0.8952,0.4499,1312.9404,20.2,356.491016867166,446.606,114.1807,867.2631,114.619,0,21.8876,134.4775,1558692,1616957,1632684,1606731,6144.01751686717,0.562181818181818,"Costa Rica"
"América del Norte","Costa Rica",1992,11.1555,27.6785,19.0878,41.3286,121.5115,7,202.4319,-909.3333,3190.8507,90.342,10.2656,2.2801,2.6988,1324.0448,121.1539,356.491016867166,492.9954,118.0314,849.7414,116.0756,0,21.8876,134.1648,1569055,1688411,1674268,1647671,6351.88361686717,0.454727272727273,"Costa Rica"
"América del Norte","Costa Rica",1993,11.1555,27.6785,16.3133,32.8261,121.5115,6,213.483,-909.3333,3190.8507,80.0499,14.2002,6.7411,12.4757,1335.9388,209.7123,356.491016867166,581.5058,126.6299,843.0667,119.9238,0,21.8876,177.661,1578860,1762144,1716205,1689167,6596.76911686717,0.305363636363636,"Costa Rica"
"América del Norte","Costa Rica",1994,11.1555,27.6785,17.7083,35.1099,121.5115,10,305.2113,-909.3333,3190.8507,166.8636,17.8672,3.8595,13.4931,1348.5267,303.8421,356.491016867166,632.0805,129.2524,751.0276,114.926,0,21.8876,209.3268,1587694,1837996,1758226,1730927,6879.33651686717,0.4643,"Costa Rica"
"América del Norte","Costa Rica",1995,11.1555,27.6785,16.0487,32.26,121.5115,4,296.1677,-909.3333,3190.8507,136.4892,18.4629,3.7679,13.6431,1373.5476,332.1132,356.491016867166,558.8214,133.0653,652.354,109.5358,0,21.8876,192.9971,1595322,1915604,1800079,1772777,6693.51541686717,0.5575,"Costa Rica"
"América del Norte","Costa Rica",1996,5.1987,13.6591,18.815,45.1161,121.5115,77,296.6509,-909.3333,3190.8507,105.5581,30.0262,2.1144,1.1744,1382.9579,51.1415,356.491016867166,627.1442,131.9949,628.2603,103.8976,0,8.4285,236.4863,1601720,1995012,1841732,1814502,6525.14401686717,0.00883333333333333,"Costa Rica"
"América del Norte","Costa Rica",1997,3.1008,27.724,19.5702,44.6363,121.5115,2,319.1038,-909.3333,3190.8507,79.127,23.5005,0.8919,1.7553,1389.3364,93.0477,356.491016867166,769.7975,140.5426,599.1067,103.8952,0,24.2175,265.8828,1606869,2075856,1883219,1856202,6666.75611686717,0.895666666666667,"Costa Rica"
"América del Norte","Costa Rica",1998,4.2813,54.3181,18.6341,43.915,121.5115,32,337.4701,-909.3333,3190.8507,113.8549,34.7683,0.6139,2.6192,1402.1893,148.3008,356.491016867166,787.5928,153.9233,594.3602,110.3845,0,51.8889,277.709,1610006,2157367,1924069,1897353,6928.34361686717,1.02775,"Costa Rica"
"América del Norte","Costa Rica",1999,4.9132,26.5759,20.6617,50.6974,121.5115,101,351.8975,-909.3333,3190.8507,96.1294,32.6393,0.609,3.0693,1412.1282,181.5291,356.491016867166,762.7714,153.0326,554.3248,99.8726,0,21.8892,332.6825,1610428,2238295,1963914,1937516,6965.94301686717,-0.1945,"Costa Rica"
"América del Norte","Costa Rica",2000,4.7483,25.8806,20.4706,53.5919,121.5115,173,339.0069,-909.3333,3190.8507,96.8782,39.1266,0.2838,3.5914,1419.8814,221.5898,356.491016867166,601.165,155.9359,524.4672,99.2399,0,23.8868,436.478,1607403,2318040,2002605,1976587,6998.74221686717,0.0355,"Costa Rica"
"América del Norte","Costa Rica",2001,16.4228,32.4223,16.8738,44.6621,121.5115,66,360.8296,-909.3333,273.7093,104.7081,52.2062,0.7452,4.3626,1426.2034,272.1394,356.491016867166,619.7268,159.9582,494.9924,99.8039,0,25.8254,472.4368,1582349,2414449,2039504,2013719,4112.69751686717,0.674,"Costa Rica"
"América del Norte","Costa Rica",2002,9.6292,14.121,14.7266,37.5481,115.9346,59,401.3193,-909.3333,273.7093,134.0031,57.1543,0.5929,4.7543,1431.9782,314.4316,356.491016867166,642.3347,166.5337,466.3837,100.4904,0,11.6633,372.0761,1554034,2509170,2074083,2048540,4075.54211686717,0.910583333333333,"Costa Rica"
"América del Norte","Costa Rica",2003,17.2517,28.0659,15.2069,42.3705,113.0417,50,408.6426,-909.3333,273.7093,121.0893,68.6772,2.5693,5.4331,1431.214,362.4404,356.491016867166,617.8075,171.0564,439.0431,100.5515,0,22.6329,389.0213,1523324,2602647,2106901,2081709,4126.98231686717,0.807833333333333,"Costa Rica"
"América del Norte","Costa Rica",2004,15.098,12.6051,16.0906,48.6982,113.0417,40,444.1653,-909.3333,273.7093,65.7638,74.2385,1.763,6.1554,1439.6504,398.4757,356.491016867166,746.5533,173.1983,410.8235,100.845,0,6.5259,164.0344,1491084,2695954,2138782,2114018,3998.59311686717,0.846818181818182,"Costa Rica"
"América del Norte","Costa Rica",2005,8.9385,4.2533,14.8659,43.3152,113.0417,91,428.2763,-909.3333,273.7093,105.2617,95.4424,8.7638,6.6839,1447.5805,460.2605,356.491016867166,959.437,173.97,439.6355,104.3705,0,1.6662,169.4042,1458203,2789638,2170068,2145820,4397.03411686717,0.536166666666667,"Costa Rica"
"América del Norte","Costa Rica",2006,6.3799,1.2211,14.4329,38.3204,113.0417,72,451.319,-909.3333,273.7093,129.1644,112.4562,18.526,6.741,1456.0448,494.733,356.491016867166,781.2489,185.6362,420.1497,108.166,0,0.8331,172.6178,1424705,2884089,2200829,2177342,4303.89911686717,0.84375,"Costa Rica"
"América del Norte","Costa Rica",2007,10.0557,48.1173,13.961,37.0456,113.0417,182,488.7183,-909.3333,273.7093,154.0375,122.5199,24.4964,9.0981,1468.8976,529.7729,356.491016867166,1079.9417,203.5193,456.7507,120.4665,0,43.4606,152.947,1390626,2978843,2231315,2208704,4979.71481686717,0.70125,"Costa Rica"
"América del Norte","Costa Rica",2008,7.4884,0.8331,15.9256,42.3776,113.0417,191,500.8443,-909.3333,273.7093,148.3839,127.9908,21.3237,10.4154,1476.8289,499.1729,356.491016867166,1013.2167,202.2759,490.9855,123.5269,0,0.8331,129.2172,1355892,3073616,2261818,2240104,4836.54861686717,0.379090909090909,"Costa Rica"
"América del Norte","Costa Rica",2009,8.0038,10.7525,19.1773,49.6499,113.0417,160,507.4859,-909.3333,273.7093,125.0211,120.8219,13.1486,10.6507,1485.569,424.667,356.491016867166,1018.3732,205.4758,490.3341,122.2936,0,4.0264,123.865,1320650,3167613,2291917,2271211,4733.22451686717,1.15127272727273,"Costa Rica"
"América del Norte","Costa Rica",2010,9.761,13.9671,20.9266,62.6949,113.0417,204,527.5589,-909.3333,273.7093,144.6284,140.5026,17.6086,28.6136,1496.0143,433.5696,356.491016867166,704.3858,178.8662,533.7146,122.9699,0,13.1909,130.4051,1284690,3260590,2321021,2301231,4617.28681686717,0.82175,"Costa Rica"
"América del Norte","Costa Rica",2011,3.4213,0.5554,21.4248,61.78,113.0417,195,538.4951,-7441.0747,0,155.5064,145.7829,20.135,28.4282,1504.1021,400.0453,356.491016867166,752.2428,214.7417,505.8411,124.5453,0,0.5554,146.655,1248208,3352266,2349468,2330459,-2152.28418313283,0.666090909090909,"Costa Rica"
"América del Norte","Costa Rica",2012,10.2438,38.5983,16.6424,44.3156,113.0417,185,554.1192,-7441.0747,0,149.8732,147.7408,17.6314,30.4227,1515.7536,429.8007,356.491016867166,750.0168,215.6107,488.281,125.8525,0,17.7726,152.7291,1212562,3441560,2377400,2359193,-2081.13758313283,0.816845397721781,"Costa Rica"
"América del Norte","Costa Rica",2013,23.1969,46.7783,17.7207,52.056,113.0417,187,563.0265,-7441.0747,0,182.2401,171.3181,25.9206,38.1204,1526.4594,406.3619,356.491016867166,781.7909,231.6356,475.9962,126.4002,0,39.0171,153.6854,1178012,3528389,2404428,2387107,-1922.81768313283,0.813574857724477,"Costa Rica"
"América del Norte","Costa Rica",2014,17.2343,17.0183,15.8418,36.013,99.5768,178,575.3307,-7441.0747,0,183.1179,174.9987,22.9083,16.6611,1524.7168,384.7638,356.491016867166,803.5649,234.5792,476.3049,129.235,0,14.3018,154.5536,1144604,3612971,2430257,2414032,-2025.86278313283,1.24450476556856,"Costa Rica"
"América del Norte","Costa Rica",2015,15.2314,71.0077,15.0803,38.336,99.5768,152,613.811,-7441.0747,0,117.8808,140.5271,2.1835,13.6585,1514.8279,359.8189,356.491016867166,852.3389,238.8159,476.189,131.0435,0,56.65,156.3447,1112422,3695430,2455070,2440173,-2019.26178313283,1.41215003524163,"Costa Rica"
"América del Norte","Costa Rica",2016,24.3566,68.9992,15.4233,37.7998,99.5768,148,656.4776,-7441.984,0,135.1546,149.6,4.0745,15.5236,1521.1881,299.8283,356.491016867166,859.113,241.4557,507.9915,130.1569,0,53.7354,172.4585,1081494,3775780,2479289,2465916,-1944.57958313283,1.39396636589378,"Costa Rica"
"América del Norte","Costa Rica",2017,13.036,20.7255,11.8831,30.0507,99.1089,139,669.8302,-7441.984,0,128.0237,150.9541,0.9279,20.3108,1526.4833,281.9564,356.491016867166,944.8588,240.5653,541.9505,130.1562,0,15.5514,182.636,1051813,3853956,2502859,2490983,-1937.48418313284,1.31839799574723,"Costa Rica"
"América del Norte","Costa Rica",2018,16.3969,31.0169,12.8773,30.3251,94.3995,115,674.4737,-7441.984,0,144.1165,163.5429,3.1406,23.0247,1531.2614,261.5721,356.491016867166,990.6328,238.0831,583.37,128.7049,0,14.7183,150.5102,1023354,3929845,2525472,2515262,-1878.32608313283,1.30725783805634,"Costa Rica"
"América del Norte","Costa Rica",2019,14.6603,51.516,11.5478,27.2707,68.7554,121,682.5203,-7441.984,0,144.244,170.4573,2.0053,21.8858,1532.9428,258.1848,356.491016867166,999.6188,244.1887,604.1707,137.578,0,47.7646,140.2611,996082,4003302,2546376,2538156,-1804.92058313283,1.33617176898121,"Costa Rica"
"América del Norte","Costa Rica",2020,11.2664,51.5873,10.7976,29.3733,68.7554,144,573.8743,-7441.984,0,151.8927,173.9142,1.9421,17.964,1533.1934,255.9401,356.491016867166,1007.4459,239.8867,522.5261,127.0744,0,41.239,136.3211,969965,4074214,2564622,2558483,-1986.49898313283,1.44738325940932,"Costa Rica"
"América del Norte","Cuba",1990,52.6404,57.2901,43.0999,1214.3846,0,140.348788617268,1036.5388,-10946.034,120.835,751.332,784.0613,230.0524,4.894,3194.8908,253.355144973315,6.4609,2686.2153,277.3474,2291.4653,366.5937,0,51.8669,3870.1894,2818688,7763393,5375743,5250938,6487.82813359058,0.901666666666667,"Cuba"
"América del Norte","Cuba",1991,52.6404,57.2901,40.5827,1192.8482,0,137.494558792497,817.3003,-10946.034,120.835,670.1699,785.8804,195.5257,5.2155,3166.8981,259.969359459189,9.625,1947.902,301.3662,2266.0766,403.5147,0,51.8669,2948.985,2807128,7856457,5418165,5295647,4485.95261825169,0.905333333333333,"Cuba"
"América del Norte","Cuba",1992,52.6404,57.2901,43.0961,1347.0766,0,106.96346284299,526.8216,-10946.034,120.835,713.8777,764.6065,164.025,3.9814,3129.5862,221.395060508608,12.5703,1572.0972,336.391,2294.897,442.3896,0,51.8669,1026.0042,2809254,7924109,5451717,5332032,2042.3773233516,0.57625,"Cuba"
"América del Norte","Cuba",1993,52.6404,57.2901,28.5574,761.311,0,81.8720417941878,479.784,-10946.034,120.835,737.2339,413.6399,165.9207,3.5267,3036.2118,18.0679,16.6526,1552.6906,338.9074,2216.7632,448.3466,0,51.8669,883.2395,2808930,7985205,5478723,5362211,519.323641794188,0.65975,"Cuba"
"América del Norte","Cuba",1994,52.6404,57.2901,45.14,1307.1867,0,81.8720417941878,471.5258,-10946.034,120.835,931.9206,421.9255,135.108,4.527,3036.5563,36.1356,22.3552,1636.0641,346.8712,2234.4379,463.9659,0,51.8669,1037.7155,2807344,8043241,5498467,5388739,1549.90574179419,1.05125,"Cuba"
"América del Norte","Cuba",1995,52.6404,57.2901,44.0167,1212.848,0,108.927397806191,543.8987,-10946.034,120.835,783.8555,428.4608,167.4629,4.7544,3084.0522,54.2035,27.6701,1812.4133,328.2384,2074.2006,431.4733,0,51.8669,1873.8467,2805394,8100649,5513090,5413614,2316.92089780619,1.22516666666667,"Cuba"
"América del Norte","Cuba",1996,20.7805,63.8886,61.377,1827.7235,0,116.325487275333,556.1808,-10946.034,120.835,785.0582,434.9373,166.3557,4.5785,3133.6051,72.2712,33.45,1855.9575,314.8163,2047.4543,412.0392,0,54.9987,1570.8528,2803194,8157818,5526101,5436930,2707.45168727533,0.527333333333333,"Cuba"
"América del Norte","Cuba",1997,18.0065,54.3703,64.7237,1673.0717,0,78.3051517000637,486.5648,-10946.034,120.835,755.7402,443.6908,162.3491,4.8797,3129.2106,90.3392,39.5498,2074.4469,260.7675,2072.088,333.4532,0,44.6513,1208.8401,2795530,8218453,5538332,5459797,2169.84955170006,1.11466666666667,"Cuba"
"América del Norte","Cuba",1998,20.6476,105.4673,53.4194,1520.325,0,80.4794583431191,466.7837,-10946.034,120.835,783.7739,70.0128,147.44,5.2928,3089.6893,108.4071,45.5617,1984.1024,282.3405,2081.6182,355.8694,0,94.4537,1078.4345,2782107,8281990,5550561,5483197,1548.91975834312,1.20558333333333,"Cuba"
"América del Norte","Cuba",1999,27.93,117.0586,59.1642,1341.3299,0,81.8720417941878,446.7511,-10946.034,120.835,773.8928,69.7439,152.3279,5.4371,3134.4595,126.4748,52.0632,2029.712,296.1891,2032.6098,378.9934,0,95.7235,999.5225,2767563,8342441,5562926,5507169,1396.05634179419,0.7275,"Cuba"
"América del Norte","Cuba",2000,28.0058,140.2618,64.6069,1568.8624,0,81.4978857076042,514.6843,-10946.034,120.835,843.283,98.8215,157.8831,5.303,3156.2564,144.5427,57.6374,1938.732,293.1407,1965.6936,366.5283,0,133.509,943.2899,2751655,8399081,5574842,5530949,1677.3406857076,0.491333333333333,"Cuba"
"América del Norte","Cuba",2001,41.1473,33.3217,65.5336,1441.4232,0,83.8583245807757,509.8233,-10253.7563,0,788.718,118.2177,130.3904,4.75,3146.4883,162.6106,63.6904,1879.0262,264.3793,1935.7898,329.2736,0,32.674,886.3506,2734588,8451954,5585454,5553672,1663.71002458078,0.634833333333333,"Cuba"
"América del Norte","Cuba",2002,46.2661,52.2264,70.7234,1551.8888,0,82.4657411297071,500.9224,-10253.7563,0,1078.404,159.3157,160.9406,5.291,3149.194,180.6783,75.0911,2093.7781,278.7546,1926.1439,351.7871,0,51.4492,3439.5819,2716433,8501565,5595307,5574743,5001.14604112971,0.942333333333333,"Cuba"
"América del Norte","Cuba",2003,33.7842,17.6488,75.0999,1604.064,0,78.3051517000637,486.8956,-10253.7563,0,1163.1793,190.1149,197.9406,4.7209,3082.7605,150.2516,79.7451,2090.367,289.1865,1953.7867,367.0035,0,17.5192,3334.1369,2704756,8540129,5606222,5592995,4962.75405170007,1.04025,"Cuba"
"América del Norte","Cuba",2004,139.2839,60.3749,63.8853,1237.3558,0,81.8720417941878,470.0586,-10253.7563,0,1155.1294,216.0796,219.7544,4.7331,3112.2412,215.1829,130.3353,1929.2975,268.3027,1934.0655,355.7908,0,57.0072,3352.1718,2699495,8567446,5616987,5608307,4749.16564179419,0.884,"Cuba"
"América del Norte","Cuba",2005,94.4751,99.0814,53.604,997.2245,0,85.1900536252412,506.1125,-10253.7563,0,1179.0336,248.1239,214.2217,4.513,3063.7204,197.9308,95.9794,2012.6195,255.806,1853.2403,353.1943,0,96.3611,3318.4836,2693118,8591135,5625118,5620997,4475.15885362524,0.791916666666667,"Cuba"
"América del Norte","Cuba",2006,86.9618,65.492,53.0897,1119.7794,0,81.8720417941878,474.7753,-10253.7563,0,1123.3766,256.5542,214.0608,4.6173,3065.4625,150.2516,124.1806,2364.3199,268.789,1916.3739,373.9359,0,56.0351,3223.7976,2685454,8610779,5630144,5630486,4769.96894179419,0.964416666666667,"Cuba"
"América del Norte","Cuba",2007,58.9541,34.3448,55.2752,1067.0162,0,81.8720417941878,473.2623,-10253.7563,0,1126.4524,252.2518,227.3604,4.7185,3081.0318,132.9994,108.2611,2441.9702,282.356,1926.2307,387.24,0,34.3448,2681.7654,2676725,8626962,5632650,5637238,4203.95084179419,0.82275,"Cuba"
"América del Norte","Cuba",2008,46.7004,25.2905,55.8027,1219.2298,0,81.8720417941878,479.5919,-10253.7563,0,1142.9065,259.0531,244.3149,5.3184,3117.6889,228.9849,116.0798,2346.8488,284.2879,1947.6945,390.7117,0,21.2746,2755.9517,2667669,8642085,5633996,5642613,4515.84674179419,0.621,"Cuba"
"América del Norte","Cuba",2009,90.5896,104.8778,70.6912,1691.4878,0,78.3051517000637,472.9385,-10253.7563,0,1190.2778,259.6539,243.5519,5.6852,3117.1159,237.454,62.2193,1940.2265,283.4735,1975.6704,384.7946,0,101.6393,3015.9753,2659312,8659290,5635364,5647821,5072.87135170006,1.04766666666667,"Cuba"
"América del Norte","Cuba",2010,34.4454,28.8801,60.6625,1383.2034,0,81.8720417941878,480.1402,-10253.7563,0,1247.1549,260.4134,222.855,5.8975,3106.658,275.7228,86.0522,1856.0766,275.0068,1990.101,369.842,0,28.362,2969.0904,2652264,8680787,5637179,5653239,4508.67994179419,0.7125,"Cuba"
"América del Norte","Cuba",2011,93.1613,83.8708,69.0398,1631.0806,0,78.3051517000637,473.2843,-12709.8107,0,1307.8387,298.6588,259.5743,4.4038,3126.3057,193.5393,131.9027,1910.9352,262.1996,2010.9498,365.7768,0,67.1591,2924.0038,2646885,8707766,5639643,5659068,2582.17885170006,0.694583333333333,"Cuba"
"América del Norte","Cuba",2012,32.8029,32.6601,71.6499,1589.2307,0,78.3051517000637,485.9647,-12709.8107,0,1366.5294,280.0811,255.2709,4.2482,3151.3892,188.2065,147.0186,1969.3983,260.0991,2006.2577,366.699,0,30.5878,2791.9741,2642849,8739297,5643060,5666230,2398.56265170006,0.629166666666667,"Cuba"
"América del Norte","Cuba",2013,46.4864,47.3173,75.3335,1550.9323,0,82.4657411297071,500.0664,-12709.8107,0,1397.692,293.598,253.5698,3.9755,3165.2758,193.5393,142.3416,1967.8614,272.5767,2013.1221,377.794,0,46.0219,2761.3032,2644532,8767635,5647146,5674433,2481.46224112971,0.961083333333333,"Cuba"
"América del Norte","Cuba",2014,35.3214,18.0374,69.5134,1345.1245,0,83.8583245807757,502.5168,-12709.8107,0,1457.2486,309.6929,252.7649,3.6129,3172.423,195.1076,139.0071,1726.3245,274.5745,2051.5986,386.749,0,17.5192,1653.3614,2647001,8792766,5650315,5681712,984.545324580775,1.05791666666667,"Cuba"
"América del Norte","Cuba",2015,67.6798,64.407,53.1753,879.3814,0,84.100029717086,508.3736,-12709.8107,0,1531.0279,441.5488,261.1109,4.4809,3128.8855,192.9119,132.1925,1678.7875,280.0974,2027.0563,391.2464,0,51.5826,1907.7501,2648084,8813348,5652022,5687872,975.985129717085,1.58991666666667,"Cuba"
"América del Norte","Cuba",2016,32.3788,17.1373,62.9655,1097.7254,0,82.1137469304981,491.5211,-3049.2,0,1602.6312,396.8197,252.5747,4.5498,3141.7691,201.6949,135.1609,1643.2507,290.7381,2039.3865,415.5319,0,15.7123,2670.2955,2647509,8828473,5650455,5691556,11544.7571469305,1.34533333333333,"Cuba"
"América del Norte","Cuba",2017,58.2769,47.653,54.537,880.871,0,83.8583245807757,501.2994,-3049.2,0,1465.0087,492.3937,211.5612,4.2964,3289.2085,200.7537,148.5529,1593.7137,287.9692,1974.8959,420.5142,0,45.1917,2574.0202,2644108,8840528,5644544,5691861,11285.3756245808,1.17316666666667,"Cuba"
"América del Norte","Cuba",2018,23.071,13.6671,59.0987,1048.3334,0,83.8583245807757,503.0629,-3049.2,0,1410.9323,502.7027,225.1848,4.412,3434.6263,166.5628,151.1258,1686.1769,308.2648,1953.5636,443.3777,0,10.4283,2438.7164,2638265,8850817,5637159,5691084,11417.9658245808,1.23416666666667,"Cuba"
"América del Norte","Cuba",2019,21.9413,3.7161,49.876,918.1346,0,82.5515159381796,505.8072,-3049.2,0,1382.1277,530.2108,196.818,4.3261,3579.4525,191.4784,153.0399,1579.5399,345.8322,1932.5305,490.6514,0,3.1978,3292.6104,2630623,8861423,5628282,5688414,12214.6423159382,1.64291666666667,"Cuba"
"América del Norte","Cuba",2020,113.8904,110.2583,36.1506,584.8326,0,81.8720417941878,476.0873,-3049.2,0,1392.1703,534.9977,196.818,4.3606,3724.066,179.4238,166.2302,1570.8031,210.8098,1898.7192,320.181,0,100.6721,3292.6104,2621644,8873848,5616818,5683880,11945.7534417942,1.63816666666667,"Cuba"
"América del Norte","Dominica",1990,0,0,0.0102,448.357467007391,0,11.481084565897,4.2263,0.1781,54.9141,3.7074,0.1372,0.543,128.200388812342,15.6308,209.587728357542,1815.53849779649,0.8173,2.0401,6.0744,1.1746,0,0,0.5004,26187,44739,34472,35009,2703.11906653966,0.379166666666667,"Dominica"
"América del Norte","Dominica",1991,0,0,0.0102,448.357467007391,0,11.481084565897,4.2263,0.1781,54.9141,3.8953,0.1486,0.6116,128.200388812342,15.7306,209.587728357542,1823.35706535034,0.8455,2.047,5.9921,1.1716,0,0,0.5004,25162,45680,34285,34856,2711.25513409351,0.412583333333333,"Dominica"
"América del Norte","Dominica",1992,0,0,0.0104,448.357467007391,0,11.481084565897,4.2263,0.1781,54.9141,3.6759,0.1357,0.5567,128.200388812342,15.8338,209.587728357542,1823.35706535034,0.8487,2.0207,6.0756,1.214,0,0,0.5004,25145,45825,34286,34825,2711.17413409351,0.508833333333333,"Dominica"
"América del Norte","Dominica",1993,0,0,0.0103,448.357467007391,0,11.481084565897,4.5821,0.1781,54.9141,4.2296,0.1428,0.5856,128.200388812342,15.9119,209.587728357542,1823.35706535034,18.6031,2.1271,6.0335,1.2545,0,0,0.7506,25168,46042,34336,34833,2730.30703409351,0.543,"Dominica"
"América del Norte","Dominica",1994,0,0,0.011,448.357467007391,0,11.481084565897,4.9292,0.1781,54.9141,4.6453,0.1327,0.6037,128.200388812342,16.0095,209.587728357542,1823.35706535034,24.5036,2.1701,6.0535,1.2961,0,0,0.5004,25164,46209,34377,34822,2736.93103409351,0.537083333333333,"Dominica"
"América del Norte","Dominica",1995,0,0,0.0108,448.357467007391,0,11.481084565897,4.9335,0.1781,54.9141,6.8803,0.7811,1.1876,128.200388812342,16.0937,209.587728357542,1823.35706535034,25.5041,2.0838,6.1129,1.2887,0,0,0.7506,25100,46268,34411,34789,2741.70303409351,0.7465,"Dominica"
"América del Norte","Dominica",1996,0,0,0.011,448.357467007391,0,11.481084565897,3.8838,0.1781,54.9141,6.8603,3.6539,1.2212,128.200388812342,16.2366,209.587728357542,1828.94322189517,31.3047,2.1703,6.051,1.2958,0,0,0.9771,24959,46186,34425,34741,2755.32779063834,0.346416666666667,"Dominica"
"América del Norte","Dominica",1997,0,0,0.011,448.357467007391,0,11.481084565897,5.2849,0.1781,54.9141,7.2863,3.912,1.3856,128.200388812342,16.2377,209.587728357542,1828.94322189517,29.9052,2.1711,6.0504,1.2959,0,0,0.7506,24760,45993,34414,34666,2755.95279063834,0.6895,"Dominica"
"América del Norte","Dominica",1998,0,0,0.0108,448.161962340724,0,11.481084565897,5.6364,0.1781,54.9141,7.429,4.1963,1.4159,128.200388812342,16.2375,209.587728357542,1828.94322189517,2.6458,2.1717,6.05,1.296,0,0,0.7506,24537,45753,34380,34558,2729.30658597167,1.00933333333333,"Dominica"
"América del Norte","Dominica",1999,0,0,0.0111,448.357467007391,0,11.481084565897,5.9924,0.1781,54.9141,7.4099,5.0776,1.3969,128.200388812342,16.2795,209.587728357542,1847.05607918064,29.1063,2.1726,6.0494,1.296,0,0,0.9771,24341,45562,34292,34406,2775.54374792381,0.4185,"Dominica"
"América del Norte","Dominica",2000,0,0,0.0112,246.40727646444,0,11.481084565897,8.4612,0.1781,54.9141,7.3812,3.7145,1.249,128.200388812342,16.3221,209.587728357542,1847.05607918064,30.1056,2.1732,6.049,1.2961,0,0,1.4776,24202,45474,34133,34213,2576.06545738086,0.256583333333333,"Dominica"
"América del Norte","Dominica",2001,0,0,0.0112,246.40727646444,0,11.481084565897,9.1641,-10.5184,0,7.5411,3.6912,1.2599,128.200388812342,16.3356,209.587728357542,713.044986817695,26.8061,2.174,6.0484,1.2961,0,0,1.4776,24118,45552,34059,34093,1374.00836501791,0.6065,"Dominica"
"América del Norte","Dominica",2002,0,0,0.0113,246.40727646444,0,11.481084565897,6.704,-10.5184,0,8.1672,3.8775,1.3899,128.200388812342,16.3446,209.587728357542,713.044986817695,23.5022,2.1758,6.0494,1.2966,0,0,1.4776,23957,45867,34159,34103,1369.19916501791,0.645416666666667,"Dominica"
"América del Norte","Dominica",2003,0,0,0.0117,246.40727646444,0,11.481084565897,8.1187,-10.5184,0,7.8429,3.5744,1.2912,128.200388812342,16.3563,209.587728357542,713.044986817695,25.0024,2.1766,6.0489,1.2967,0,0,1.978,23836,46257,34296,34147,1371.90086501791,0.7855,"Dominica"
"América del Norte","Dominica",2004,0,0,0.0116,246.40727646444,0,11.481084565897,6.8886,-10.5184,0,7.4407,5.4987,1.9623,128.200388812342,16.389,209.587728357542,730.200171884361,24.1034,2.176,6.0469,1.2963,0,0,2.4717,23719,46660,34414,34160,1389.64345008458,0.470416666666667,"Dominica"
"América del Norte","Dominica",2005,0,0,0.0121,246.40727646444,0,11.481084565897,6.9033,-10.5184,0,7.3773,5.5787,1.8764,128.200388812342,16.3979,209.587728357542,730.200171884361,22.8036,2.1775,6.0471,1.2966,0,0,2.1001,23589,47038,34519,34154,1387.92885008458,0.838583333333333,"Dominica"
"América del Norte","Dominica",2006,0,0,0.0124,246.40727646444,0,11.481084565897,6.3396,-10.5184,0,6.9885,5.3775,1.8773,128.200388812342,16.444,209.587728357542,739.065976051028,23.3492,2.0942,6.1456,1.2924,0,0,2.8168,23435,47372,34590,34152,1396.96155425125,0.732083333333333,"Dominica"
"América del Norte","Dominica",2007,0,0,0.0128,246.40727646444,0,11.481084565897,7.7211,-10.5184,0,7.489,6.3932,2.2299,128.200388812342,16.5084,209.587728357542,739.065976051028,20.1655,2.1875,6.079,1.3001,0,0,2.8168,23270,47680,34630,34145,1397.12735425125,0.842833333333333,"Dominica"
"América del Norte","Dominica",2008,0,0,0.0118,246.40727646444,0,11.481084565897,6.9953,-10.5184,0,7.5266,6.6658,2.3609,128.200388812342,16.5489,209.587728357542,739.065976051028,21.3702,2.1883,6.0784,1.3002,0,0,3.1648,23098,47976,34663,34119,1398.43525425125,0.3555,"Dominica"
"América del Norte","Dominica",2009,0,0,0.0115,246.40727646444,0,11.481084565897,8.3742,-10.5184,0,7.6452,7.0484,2.2875,128.200388812342,16.5824,209.587728357542,739.065976051028,17.2573,2.1889,6.0779,1.3002,0,0,3.5099,22937,48292,34697,34089,1396.50745425125,0.611416666666667,"Dominica"
"América del Norte","Dominica",2010,0,0,0.0107,246.40727646444,0,11.481084565897,5.8718,-10.5184,0,8.3114,9.1836,2.6141,128.200388812342,16.5705,209.587728357542,739.065976051028,11.1538,2.3302,5.9794,1.3122,0,0,2.0682,22793,48647,34717,34038,1389.62995425125,1.17583333333333,"Dominica"
"América del Norte","Dominica",2011,0,0,0.0091,246.40727646444,0,11.481084565897,5.7405,-6.4398,0,8.7675,9.4404,2.6984,128.200388812342,16.5825,209.587728357542,739.065976051028,11.1527,2.3104,6.1083,1.3185,0,0,3.3187,22671,49047,34718,34025,1395.74965425125,0.580666666666667,"Dominica"
"América del Norte","Dominica",2012,0,0,0.0119,246.40727646444,0,11.481084565897,5.5849,-6.4398,0,8.7682,9.4582,2.6581,128.200388812342,16.5821,209.587728357542,739.065976051028,4.632,2.3636,6.201,1.3393,0,0,3.3506,22561,49483,34761,34127,1389.25255425125,0.718333333333333,"Dominica"
"América del Norte","Dominica",2013,0,0,0.0119,246.40727646444,0,11.481084565897,5.945,-6.4398,0,9.368,8.9648,2.4763,128.200388812342,16.5652,209.587728357542,739.065976051028,4.6339,2.2513,6.2812,1.33,0,0,3.9453,22457,49943,34742,34077,1390.07555425125,0.732,"Dominica"
"América del Norte","Dominica",2014,0,0,0.0116,246.40727646444,0,11.481084565897,6.1852,-6.4398,0,9.7466,9.394,2.6225,128.200388812342,16.5421,209.587728357542,739.065976051028,4.6597,2.2521,6.2877,1.3305,0,0,4.0727,22358,50420,34926,34444,1391.40735425125,0.6645,"Dominica"
"América del Norte","Dominica",2015,0,0,0.0114,246.40727646444,0,11.481084565897,6.0792,-6.4398,0,10.1426,9.1849,2.56,128.200388812342,16.5764,209.587728357542,739.065976051028,4.6674,2.2503,6.2803,1.3302,0,0,4.009,22256,50906,35144,34863,1391.39435425125,0.994166666666667,"Dominica"
"América del Norte","Dominica",2016,0,0,0.0114,246.40727646444,0,11.481084565897,6.2347,-13.9262,0,10.5305,9.3478,2.4683,128.200388812342,16.6127,209.587728357542,739.065976051028,4.6674,2.2484,6.2713,1.33,0,0,4.0727,22151,51392,35179,34895,1384.61145425125,1.04133333333333,"Dominica"
"América del Norte","Dominica",2017,0,0,0.0116,246.40727646444,0,11.481084565897,6.0297,-13.9262,0,8.6262,7.9235,2.2887,128.200388812342,16.591,209.587728357542,739.065976051028,4.7239,2.2686,6.3195,1.3415,0,0,3.9771,22044,51881,35299,35104,1380.91755425125,0.797666666666667,"Dominica"
"América del Norte","Dominica",2018,0,0,0.0116,246.40727646444,0,11.481084565897,6.8828,-13.9262,0,6.8139,7.0069,2.2747,128.200388812342,16.6122,209.587728357542,739.065976051028,4.7637,2.2769,6.3497,1.3442,0,0,6.5157,21933,52375,35452,35370,1381.66855425125,0.522666666666667,"Dominica"
"América del Norte","Dominica",2019,0,0,0.0116,246.40727646444,0,11.481084565897,6.1371,-13.9262,0,8.7204,7.3789,2.5062,128.200388812342,16.6519,209.587728357542,739.065976051028,0.077,2.2838,6.3714,1.347,0,0,3.9293,21816,52863,35673,35755,1376.23085425125,0.85575,"Dominica"
"América del Norte","Dominica",2020,0,0,0.0116,246.40727646444,0,11.481084565897,5.3361,-13.9262,0,8.412,7.6296,2.5783,128.200388812342,16.6125,209.587728357542,739.065976051028,0.0804,2.2907,6.3932,1.35,0,0,3.5099,21697,53355,35883,36112,1375.02055425125,0.971583333333333,"Dominica"
"América del Norte","Dominican Republic",1990,7.993,13.8152,32.7387,686.5784,0,207,296.2607,-7268.415,0,659.3361,511.2726,477.3617,67.6313660738584,3638.9273,365.146544535793,356.491016867166,481.0209,127.2104,1070.5356,169.6403,0,3.3463,169.4536,3216409,3967238,3552383,3576621,2073.34472747682,0.51025,"Dominican Republic"
"América del Norte","Dominican Republic",1991,7.993,13.8152,34.5132,744.7556,0,215,293.4784,-7268.415,0,759.2367,519.8834,534.3828,67.6313660738584,3686.7063,365.146544535793,356.491016867166,557.0214,151.0965,1114.8804,204.4922,0,3.3463,175.3388,3260144,4065478,3626593,3651809,2536.79412747682,0.402,"Dominican Republic"
"América del Norte","Dominican Republic",1992,7.993,13.8152,34.9723,484.1415,0,193,387.4003,-7268.415,0,758.9413,536.5137,621.5619,67.6313660738584,3723.3252,365.146544535793,356.491016867166,612.0218,155.2433,1112.7926,205.3265,0,3.3463,200.6456,3303529,4165022,3700622,3726718,2571.89442747682,0.53375,"Dominican Republic"
"América del Norte","Dominican Republic",1993,7.993,13.8152,32.1587,678.7108,0,188,311.6986,-7268.415,0,808.3145,296.7503,572.7481,67.6313660738584,3758.6874,365.146544535793,356.491016867166,571.0222,166.1486,1119.1927,217.0332,0,3.3463,190.2377,3346216,4265249,3774635,3801439,2456.71122747682,0.561916666666667,"Dominican Republic"
"América del Norte","Dominican Republic",1994,7.993,13.8152,28.1812,619.7653,0,206,322.495,-7268.415,0,919.9932,313.7431,699.7619,67.6313660738584,3785.2659,365.146544535793,356.491016867166,573.0226,169.472,1117.5734,222.2975,0,3.3463,200.3663,3353062,4399990,3853829,3870105,2723.94582747682,0.853666666666667,"Dominican Republic"
"América del Norte","Dominican Republic",1995,7.993,13.8152,36.1034,783.648,0,144,481.7873,-7268.415,0,941.7214,328.6504,701.173,67.6313660738584,3826.4119,320.211465993836,356.491016867166,649.023,179.9333,1085.8006,225.9962,0,3.3463,237.0396,3346565,4545858,3937354,3932399,3122.36144893486,0.92125,"Dominican Republic"
"América del Norte","Dominican Republic",1996,4.5777,23.7376,34.6037,791.7922,0,138,526.4291,-7268.415,0,1021.6401,318.1563,781.5858,67.6313660738584,3862.1702,320.211465993836,356.491016867166,754.0234,193.1853,1151.2187,239.2687,0,3.8692,253.3622,3336858,4692255,4019019,3993294,3573.53904893486,0.549416666666667,"Dominican Republic"
"América del Norte","Dominican Republic",1997,9.3788,56.6625,35.8207,810.4086,0,144,565.6865,-7268.415,0,908.9576,335.9492,830.3032,67.6313660738584,3886.3683,363.781201358965,356.491016867166,827.0238,194.0573,1166.9734,241.4508,0,7.5518,267.7342,3324487,4838985,4098186,4051890,3807.81528429999,1.20766666666667,"Dominican Republic"
"América del Norte","Dominican Republic",1998,6.7012,32.8131,34.2479,853.7802,0,173,634.5685,-7268.415,0,1091.0078,86.9705,850.1466,186.9683,3903.8745,927.7031,356.491016867166,860.0242,184.3165,1177.9014,237.2251,0,13.5332,281.5518,3309638,4986737,4174323,4107802,4624.40991686717,1.34958333333333,"Dominican Republic"
"América del Norte","Dominican Republic",1999,5.6777,35.0552,38.9356,958.2487,0,192,693.4909,-7268.415,0,1135.0103,354.2995,895.7801,195.9795,3919.0085,974.285,356.491016867166,1030.0246,167.4774,1020.8713,188.8299,0,13.2628,340.89,3293001,5136111,4248886,4162488,5247.20301686717,0.73675,"Dominican Republic"
"América del Norte","Dominican Republic",2000,11.1761,36.381,38.8554,963.3273,0,177,753.7318,-7268.415,0,1241.5301,438.497,921.1451,204.6318,3937.6419,1029.9622,356.491016867166,1120.025,172.5018,976.09,189.1433,0,20.2948,347.7909,3274904,5287718,4323440,4217351,5667.80151686717,0.737083333333333,"Dominican Republic"
"América del Norte","Dominican Republic",2001,9.1276,5.6972,48.5703,1132.7342,0,217,694.0643,-1937.5125,0,1230.1678,564.1369,647.4473,204.0752,3963.5285,1045.3668,356.491016867166,1250.0254,176.8602,1017.9507,196.5703,0,0,337.8775,3255760,5441366,4397423,4271617,11160.1787168672,0.928,"Dominican Republic"
"América del Norte","Dominican Republic",2002,2.0704,0,48.5172,1155.3535,0,100,672.5265,-1937.5125,0,1091.2822,617.6524,678.5664,216.804,3954.9691,133.9214,356.491016867166,1340.0258,298.4235,1156.77,283.7317,0,0,336.2986,3235194,5597091,4464921,4330181,10505.8912168672,0.989083333333333,"Dominican Republic"
"América del Norte","Dominican Republic",2003,10.4863,2.2582,42.1006,1007.4826,0,8,600.5457,-1937.5125,0,1030.4106,597.9276,677.9924,220.001,3941.5001,235.1092,356.491016867166,1270.0261,256.2008,1175.8478,270.6898,0,0.8339,276.9534,3174168,5793592,4526492,4393360,10043.3446168672,1.20508333333333,"Dominican Republic"
"América del Norte","Dominican Republic",2004,4.7128,3.4615,40.3322,1029.2492,0,118,635.2894,-1937.5125,0,1065.6181,622.5092,725.2361,126.3916,3960.9574,361.6635,356.491016867166,1170.0265,274.5375,1332.8301,288.6521,0,1.3897,278.8312,3094744,6008254,4587454,4455672,10458.6666168672,0.78825,"Dominican Republic"
"América del Norte","Dominican Republic",2005,28.3683,76.2918,44.6327,1178.4953,0,59,606.3296,-1937.5125,0,1114.7948,745.9424,710.8666,152.4337,4006.7687,476.9352,356.491016867166,1210.027,336.3219,1261.1171,326.2167,0,4.1696,274.8966,3014191,6223375,4647506,4517262,11032.5865168672,0.905333333333333,"Dominican Republic"
"América del Norte","Dominican Republic",2006,5.6765,1.8508,47.2399,1170.2512,0,88,613.8156,-1937.5125,0,1235.5283,796.2037,717.8325,157.7061,4040.9421,589.5276,356.491016867166,1590.0273,370.8971,1282.1189,356.7744,0,0.5559,296.3188,2932247,6439091,4706176,4577992,11780.2452168672,1.129,"Dominican Republic"
"América del Norte","Dominican Republic",2007,10.6399,2.6181,48.8968,1196.0822,0,182,584.772,-1937.5125,0,1163.1434,816.0667,686.2857,163.1484,4068.6703,702.539,356.491016867166,1710.0278,379.6552,1458.4361,368.6601,0,0.4169,245.5603,2849396,6654957,4763782,4638424,12206.5974168672,1.16333333333333,"Dominican Republic"
"América del Norte","Dominican Republic",2008,12.5541,4.8479,50.014,1239.208,0,189,561.8032,-1937.5125,0,1278.923,862.5925,482.9476,186.8936,4086.4986,839.2285,363.146065794665,1730.0281,362.8351,1452.6089,350.3813,0,0.8339,211.7796,2765725,6870795,4822328,4700619,12328.6114657947,0.639,"Dominican Republic"
"América del Norte","Dominican Republic",2009,5.092,5.9117,52.9718,1398.4346,0,193,628.9124,-1937.5125,0,1252.3804,868.3258,6.6771,224.5348,4097.2407,925.687,363.146065794665,1580.0284,364.356,1492.6452,352.7514,0,1.2508,240.5491,2681990,7085768,4882666,4765395,12116.3827657947,0.805166666666667,"Dominican Republic"
"América del Norte","Dominican Republic",2010,16.2048,4.5699,55.5882,1370.9134,0,210,639.2494,-1937.5125,0,1182.0565,892.5568,7.7869,64.8764,4133.5545,1031.6939,363.146065794665,1670.0289,363.228,1543.4311,362.1928,0,0.556,255.0252,2597931,7300054,4943959,4831796,12229.1462657947,1.05091666666667,"Dominican Republic"
"América del Norte","Dominican Republic",2011,12.5866,1.8318,56.4408,1342.547,0,213,689.4046,-1175.405,0,1092.5578,905.6627,325.971,89.5501,4160.2441,1145.2353,363.146065794665,1620.0292,357.5344,1561.7661,363.4641,0,0.278,247.8676,2524085,7503010,5005175,4898563,13373.7122657947,0.638666666666667,"Dominican Republic"
"América del Norte","Dominican Republic",2012,5.4306,2.7666,47.0045,1236.2499,0,208,728.8084,-1175.405,0,1100.9482,931.3659,325.2227,111.4013,4163.6269,1197.3567,363.146065794665,1660.0297,348.3601,1575.6202,346.197,0,0.6949,264.0544,2457254,7697696,5065869,4965013,13440.8790657947,0.818,"Dominican Republic"
"América del Norte","Dominican Republic",2013,12.7579,8.4543,49.989,1232.1548,0,202,658.4993,-1175.405,0,1054.7034,906.6445,639.772,151.4191,4182.7475,1373.1173,363.146065794665,1710.0299,357.3829,1563.7284,345.065,0,0.5559,253.1982,2390521,7890775,5126060,5030991,13889.9604657947,1.2335,"Dominican Republic"
"América del Norte","Dominican Republic",2014,7.4154,7.6487,56.5465,1253.5679,0,217,575.7349,-1175.405,0,1196.6456,1047.7766,525.4194,153.0159,4185.0969,1137.0032,363.146065794665,2000.0302,358.2618,1560.8638,343.8643,0,0.139,206.6164,2323582,8082262,5185752,5096363,14020.3875657947,1.04608333333333,"Dominican Republic"
"América del Norte","Dominican Republic",2015,12.6134,35.3449,55.8011,1224.8788,0,152,698.7344,-1175.405,0,1294.0027,1141.1394,537.1827,164.8728,4183.5759,1218.5435,363.146065794665,2070.0307,365.0876,1564.0363,347.9038,0,13.2038,264.0868,2256692,8271702,5244874,5160958,14530.7796657947,1.38233333333333,"Dominican Republic"
"América del Norte","Dominican Republic",2016,0.8917,0.6474,55.101,1261.4739,0,164,753.0839,-2161.005,603.68,1313.6766,1255.276,576.0734,204.74,4208.3258,1430.3872,363.146065794665,2070.031,388.5078,1562.5124,365.8612,0,0,292.3077,2189850,8458941,5303141,5224450,14708.7180657947,0.995083333333333,"Dominican Republic"
"América del Norte","Dominican Republic",2017,0.8149,1.1118,58.1588,1339.8656,0,189,746.159,-2161.005,603.68,1209.9686,1351.3963,537.9633,218.2345,4230.7815,1488.325,363.146065794665,2110.0313,408.031,1572.5697,375.7632,0,1.1118,278.5243,2123575,8643423,5360426,5286818,14923.6316657947,1.04341666666667,"Dominican Republic"
"América del Norte","Dominican Republic",2018,3.9807,0,62.4967,1479.8151,0,202,810.0165,-2161.005,603.68,1212.6789,1528.3515,614.3166,221.4732,4253.317,1363.9428,363.146065794665,2180.0318,408.1471,1574.1929,372.879,0,0,305.4178,2059693,8823303,5416994,5348537,15398.8786657947,1.12175,"Dominican Republic"
"América del Norte","Dominican Republic",2019,2.8827,5.3026,59.8619,1373.1953,0,207,850.7194,-2161.005,603.68,1313.5917,1718.0554,714.5726,256.1634,4269.0163,1534.2971,363.146065794665,2230.0321,404.9664,1577.8698,361.7951,0,1.8067,332.9299,1998330,8998444,5472410,5409472,16019.8794657947,1.33366666666667,"Dominican Republic"
"América del Norte","Dominican Republic",2020,3.2495,1.0453,61.5835,1445.2176,0,207,780.4834,-2161.005,603.68,1253.417,1752.9578,714.5726,217.402,4273.6837,1348.1536,363.146065794665,2230.0326,397.5802,1590.14,359.4654,0,0.139,332.9299,1939482,9168876,5527482,5472181,15774.8741657947,1.41641666666667,"Dominican Republic"
"América del Sur","Ecuador",1990,15.9962,10.3421,115.6013,1582.8372,16.5996,16,619.5382,-1042.183,37579.7727,671.1929,43.1657,186.1026,67.6313660738584,3687.4925,393.605740487947,356.491016867166,1128.1713,406.0441,2020.6421,456.5557,0,1.2982,460.3758,4588951,5629140,5239060,5210778,48793.273323429,0.482416666666667,"Ecuador"
"América del Sur","Ecuador",1991,15.9962,10.3421,89.0245,1217.3364,16.5996,15,648.705,-1042.183,37579.7727,801.1995,55.3678,249.8653,67.6313660738584,3703.5832,393.605740487947,356.491016867166,1158.421,419.4795,2104.6588,478.2398,0,1.2982,424.1935,4633280,5827710,5356901,5329377,48764.628223429,0.555166666666667,"Ecuador"
"América del Sur","Ecuador",1992,15.9962,10.3421,131.4765,1820.448,16.5996,8,830.8047,-1042.183,37579.7727,889.9166,73.5103,322.4855,71.2878538463945,3710.6914,406.660965278338,356.491016867166,1128.73,433.6947,2181.4129,496.6301,0,1.2982,421.1647,4686298,6019369,5470462,5443760,49865.2310359919,0.834333333333333,"Ecuador"
"América del Sur","Ecuador",1993,15.9962,10.3421,145.9163,2094.5148,16.5996,132.808120242002,796.2038,-1042.183,37579.7727,870.8683,55.1517,232.0257,67.6313660738584,3708.9783,409.010199122807,356.491016867166,1069.5919,447.1475,2230.9001,505.2278,0,1.2982,372.618,4737460,6213742,5579330,5553499,50076.9107023058,0.606833333333333,"Ecuador"
"América del Sur","Ecuador",1994,15.9962,10.3421,159.0381,2234.1648,16.5996,136.26199146735,880.7451,-1042.183,37579.7727,927.0134,58.9439,236.2346,71.2878538463945,3708.5535,415.12144515513,356.491016867166,1101.0342,462.306,2295.5784,521.3555,0,1.2982,335.5792,4786069,6410410,5686302,5661350,50481.534807336,0.379416666666667,"Ecuador"
"América del Sur","Ecuador",1995,15.9962,10.3421,147.7552,2326.128,16.5996,137.800638496392,931.6214,-1042.183,37579.7727,1137.4424,102.8887,447.0976,71.2878538463945,3719.526,427.070091521451,356.491016867166,1303.4353,471.8195,2306.7382,530.6173,0,1.2982,299.7758,4831842,6608741,5792883,5768799,51299.3208007314,0.688583333333333,"Ecuador"
"América del Sur","Ecuador",1996,3.7242,17.8036,153.6648,2308.3116,16.5996,137.800638496392,1045.7035,-1042.183,37579.7727,1181.0959,112.2348,438.2543,71.2878538463945,3765.1482,427.070091521451,356.491016867166,1486.6986,506.2193,2417.014,559.4042,0,1.0767,282.5279,4874725,6808754,5899241,5875980,51825.7205007314,0.0306666666666667,"Ecuador"
"América del Sur","Ecuador",1997,4.432,9.2094,153.1018,2412.2112,16.5996,21,1001.3284,-1042.183,37579.7727,1307.6885,142.8728,533.3322,71.2878538463945,3790.1141,418.609611644659,356.491016867166,1430.0813,539.4067,2543.5218,592.1449,0,0.8206,249.5994,4914933,7010060,6005171,5982667,52131.4428823582,1.40358333333333,"Ecuador"
"América del Sur","Ecuador",1998,6.8244,14.3671,113.1882,1912.9345,16.5996,65,1053.7532,-1042.183,37579.7727,1411.642,161.7193,609.7613,71.2878538463945,3831.0938,418.609611644659,356.491016867166,1314.0566,566.3212,2397.087,585.2964,0,0.9612,255.283,4951762,7212123,6110733,6088961,51699.8669823582,1.19783333333333,"Ecuador"
"América del Sur","Ecuador",1999,3.0062,8.0943,138.2642,2152.8444,16.5996,42,997.8132,-1042.183,37579.7727,1255.829,131.83,448.0148,71.2878538463945,3848.7534,418.609611644659,356.491016867166,1175.9914,442.6944,2414.2537,433.1358,0,0.755,276.9166,4984773,7413918,6216530,6195516,51170.7741823582,0.186083333333333,"Ecuador"
"América del Sur","Ecuador",2000,15.2087,1.7297,133.8087,1991.2738,16.5996,61,1008.2263,-1042.183,37579.7727,1290.5918,140.3729,430.4729,71.2878538463945,3855.1105,418.609611644659,356.491016867166,1411.6187,468.408,2107.1537,460.8491,0,0.7148,189.735,5013641,7614955,6323386,6303121,50966.8523823582,0.245916666666667,"Ecuador"
"América del Sur","Ecuador",2001,12.4944,17.4935,129.3218,2051.4497,17.6771,137.800638496392,1219.9109,-594.4333,29052.2686,1342.2746,190.3237,568.6338,71.2878538463945,3887.2588,427.070091521451,356.491016867166,1468.8981,553.5288,2247.7224,482.365,0,0.5552,200.6775,5038399,7814356,6432559,6412962,43841.0702007314,0.518583333333333,"Ecuador"
"América del Sur","Ecuador",2002,2.5984,4.4057,145.5418,2174.4122,17.6771,132.644747621325,1186.7778,-594.4333,29052.2686,1471.6494,219.9603,590.1143,71.2878538463945,3894.9484,427.070091521451,356.491016867166,1516.6368,516.8718,2320.5919,485.775,0,0.1388,190.9373,5082637,7989423,6544813,6525796,44184.3660098563,0.777333333333333,"Ecuador"
"América del Sur","Ecuador",2003,11.3979,2.3465,143.891,2102.4763,17.6771,764,1222.9426,-594.4333,29052.2686,1521.8458,245.7253,652.4903,343.618462013018,3906.6521,799.005687023017,356.491016867166,1554.5964,511.6658,2305.2003,482.1335,0,0.2776,207.6335,5140934,8148667,6659818,6641367,45609.9024659032,0.81175,"Ecuador"
"América del Sur","Ecuador",2004,15.4275,2.4603,173.3549,2478.7022,81.2958,373,1172.6624,-594.4333,29052.2686,1713.8998,288.3569,761.7484,183.623086525289,3946.5667,597.59755889715,356.491016867166,1688.1657,514.8519,2342.5725,472.4228,0,1.9431,184.5949,5199348,8310299,6776204,6758388,45807.5727622896,0.848416666666667,"Ecuador"
"América del Sur","Ecuador",2005,27.9499,20.7398,151.35,2218.524,81.2958,266,1189.8562,-594.4333,29052.2686,1970.4374,357.5856,1047.6028,74.3391712865318,3967.4879,480.265556454193,356.491016867166,1780.4981,480.5742,2288.4447,456.8144,0,2.637,199.1547,5259140,8476093,6893501,6876511,45875.8835446079,0.815833333333333,"Ecuador"
"América del Sur","Ecuador",2006,11.9082,4.0309,146.5245,2102.441,81.2958,71,1272.1973,-594.4333,29052.2686,2058.3486,424.0723,1243.213,72.0686398828499,4010.1137,418.609611644659,356.491016867166,1959.0408,506.3173,2253.8574,493.138,0,2.2207,209.3019,5320597,8646883,7012450,6996611,46154.0259683947,0.844583333333333,"Ecuador"
"América del Sur","Ecuador",2007,17.2315,16.129,169.4112,2341.1279,81.2958,173,1114.0065,-594.4333,29052.2686,1497.4836,426.018,1209.8506,72.0686398828499,4042.9644,462.997272760658,356.491016867166,2069.041,444.4983,2121.1258,419.8808,0,1.3879,235.2767,5383366,8822087,7133070,7118765,45729.1212295107,0.762666666666667,"Ecuador"
"América del Sur","Ecuador",2008,2.3631,0.5457,146.797,2086.4651,81.2958,367,1124.679,-594.4333,29052.2686,1514.511,420.2538,1049.5048,166.21110839282,4076.8118,566.372118154543,356.491016867166,2488.6791,488.4163,2226.4327,441.3125,0,0.4164,262.2774,5446778,9000784,7254593,7242204,46324.6710434145,0.736416666666667,"Ecuador"
"América del Sur","Ecuador",2009,22.6694,5.9765,157.9646,2321.5004,81.2958,264,1154.9816,-594.4333,29052.2686,1714.2645,503.3133,1593.7982,74.3391712865318,4071.8247,480.265556454193,475.822368298054,2388.5822,530.5294,2359.574,489.8855,0,0.4164,291.9496,5509980,9181295,7376503,7366263,47440.7884960388,1.00558333333333,"Ecuador"
"América del Sur","Ecuador",2010,4.6956,7.993,170.5881,2311.6456,81.2958,850,1380.3663,-594.4333,29052.2686,1751.2524,558.7538,1956.5529,348.648862135367,4259.0521,799.005687023017,475.822368298054,2377.5135,592.7834,2423.3145,534.6287,0,7.2172,325.0973,5572140,9362550,7498852,7490733,49674.0624174564,1.00625,"Ecuador"
"América del Sur","Ecuador",2011,34.1474,2.0534,158.4307,1940.1472,81.2958,435,1491.5106,-3409.3808,20347.6906,1775.2989,539.1131,1706.1192,337.381995002131,4155.5725,777.281574479836,475.822368298054,2550.6143,569.0789,2373.4438,523.1936,0,1.6655,355.333,5638262,9539093,7622056,7615672,37220.81363778,0.821833333333333,"Ecuador"
"América del Sur","Ecuador",2012,22.997,38.1282,173.8456,2182.4796,81.2958,275,1567.3193,-3409.3808,20347.6906,1824.3149,575.2842,1724.4894,74.9611963307153,4172.4036,485.771411717126,475.822368298054,2659.5722,516.5037,2351.4455,463.822,0,1.6655,395.1688,5707115,9712551,7744557,7739326,37000.6000763459,0.633166666666667,"Ecuador"
"América del Sur","Ecuador",2013,19.2246,1.5801,171.3001,2333.0076,81.2958,131,1665.5716,-3409.3808,20347.6906,1943.919,634.0323,2012.5218,72.0686398828499,4190.8732,432.575946784383,495.181705688792,2937.5318,555.2247,2316.484,481.2559,0,0.4164,407.1099,5775237,9886310,7863795,7859194,37820.484892356,0.53425,"Ecuador"
"América del Sur","Ecuador",2014,6.9451,6.1247,175.7675,2082.3197,81.2958,829,1795.1831,-3409.3808,20347.6906,2059.6409,677.4054,2166.0469,348.648862135367,4187.8475,804.511542285949,640.872928252168,2936.4631,580.7772,2089.3427,529.7172,0,0.694,437.872,5842585,10060527,7981215,7976779,39374.7859326735,1.02758333333333,"Ecuador"
"América del Sur","Ecuador",2015,10.2997,19.0925,193.4786,2205.688,81.2958,697,1874.5058,-3409.3808,20347.6906,2091.038,679.7987,2163.4732,348.648862135367,4181.6959,804.511542285949,640.872928252168,2654.4227,530.4907,1891.6099,480.5927,0,1.2491,433.8605,5909194,10235174,8100227,8095675,38921.9349326735,1.44325,"Ecuador"
"América del Sur","Ecuador",2016,48.6135,11.2627,157.5392,2153.2207,81.2958,717,1825.1112,0,26042.4182,2065.8232,520.4933,1841.5468,348.648862135367,4636.7245,779.577767584607,475.822368298054,2543.3805,495.217,1884.6373,429.1112,0,2.0819,358.9218,5974947,10410121,8222126,8217460,47418.447798018,1.48891666666667,"Ecuador"
"América del Sur","Ecuador",2017,9.3822,1.681,151.8699,2105.628,81.2958,661,1947.6957,0,26042.4182,1966.7828,443.1788,1293.9107,355.523462913458,4620.4596,779.577767584607,394.361149123861,2601.3401,484.3794,1906.9267,426.8808,0,0,402.6214,6039811,10585047,8350700,8346245,46676.9134796219,1.14858333333333,"Ecuador"
"América del Sur","Ecuador",2018,13.2882,9.4963,150.2787,1753.9922,81.2958,671,1974.9558,0,26042.4182,1966.7537,541.2978,1412.8045,348.648862135367,4609.1991,779.577767584607,475.822368298054,2640.2714,489.951,1843.8913,436.2451,0,0.8328,428.0897,6101055,10762370,8509651,8506021,46670.110598018,0.942166666666667,"Ecuador"
"América del Sur","Ecuador",2019,35.2,22.2537,142.2958,1512.7652,81.0195,563,2006.2733,0,26042.4182,1955.0014,479.9277,1086.6187,337.381995002131,4592.9634,779.577767584607,356.491016867166,2868.231,516.8033,1935.4156,436.8412,0,2.0819,462.2826,6158510,10941934,8672767,8670974,46214.8432794539,1.3245,"Ecuador"
"América del Sur","Ecuador",2020,28.2384,13.6817,151.5159,1839.7109,81.0195,563,1645.0231,0,26042.4182,2002.2853,466.3191,1092.1666,337.381995002131,4571.9396,779.577767584607,356.491016867166,2877.1889,501.1165,1941.4416,424.1685,0,1.5267,417.6158,6212001,11123641,8790148,8798448,46133.8270794539,1.50375,"Ecuador"
"América del Norte","El Salvador",1990,3.2127,6.6338,49.3135,11.1775,0,43,141.6819,-61.5014,1142.5814,89.077,7.7057,2.5053,67.6313660738584,1582.3645,209.587728357542,2393.11789623122,337.0161,93.347,485.3168,82.812,0,2.6273,78.7346,2665664,2589320,2604746,2762433,6767.94269066261,0.561083333333333,"El Salvador"
"América del Norte","El Salvador",1991,3.2127,6.6338,47.0102,12.787,0,82,154.4473,-61.5014,1142.5814,136.9912,33.9012,10.5649,67.6313660738584,1595.6833,209.587728357542,2393.11789623122,354.0172,96.3242,493.6759,83.4607,0,2.6273,91.0191,2674308,2652349,2649076,2811994,6955.77299066262,0.586916666666667,"El Salvador"
"América del Norte","El Salvador",1992,3.2127,6.6338,58.5006,12.9517,0,68,178.8103,-61.5014,1142.5814,149.3394,35.5602,10.7293,67.6313660738584,1607.5906,209.587728357542,2393.11789623122,241.0198,97.8029,499.6997,85.1097,0,2.6273,106.1424,2683160,2717171,2692416,2859789,6915.14739066262,0.600333333333333,"El Salvador"
"América del Norte","El Salvador",1993,3.2127,6.6338,54.0866,12.4029,0,74,195.4349,-61.5014,1142.5814,177.416,47.7462,12.6947,0.0589,1616.2403,131.569123523694,2393.11789623122,432.0302,99.0234,477.9167,86.078,0,2.6273,113.7172,2659423,2814577,2728859,2902128,7017.08681975491,0.2675,"El Salvador"
"América del Norte","El Salvador",1994,3.2127,6.6338,46.6219,11.6894,0,71,208.1538,-61.5014,1142.5814,224.9256,68.52,17.0914,0.0589,1624.7801,131.569123523694,2393.11789623122,438.0511,90.9849,503.1248,76.5233,0,2.6273,120.951,2622523,2922422,2756166,2936872,7120.71701975491,0.72075,"El Salvador"
"América del Norte","El Salvador",1995,3.2127,6.6338,52.0193,7.5186,0,44,236.8579,-61.5014,1142.5814,273.4491,81.7156,19.2037,0.0589,1648.1803,131.569123523694,2393.11789623122,450.0943,78.5128,456.7285,68.9965,0,2.6273,138.2599,2581801,3029314,2780097,2968099,7173.83621975491,0.553416666666667,"El Salvador"
"América del Norte","El Salvador",1996,1.2345,0.165,50.315,8.3966,0,45,234.688,-61.5014,1142.5814,214.6302,59.0452,13.0648,0.0589,1639.3374,131.569123523694,2393.11789623122,489.7958,91.1629,514.1737,75.1654,0,0.0571,132.6119,2537182,3134743,2801044,2996095,7174.66941975491,0.04475,"El Salvador"
"América del Norte","El Salvador",1997,0.9937,1.7495,48.792,11.6589,0,53,239.1209,-61.5014,1142.5814,299.8734,96.5516,20.0751,0.0589,1660.097,131.569123523694,2393.11789623122,504.9939,92.6716,463.9498,71.1588,0,1.6694,153.0713,2489440,3238315,2820521,3022117,7325.25281975491,0.766333333333333,"El Salvador"
"América del Norte","El Salvador",1998,1.1303,5.3825,47.0436,8.0948,0,65,257.0956,-61.5014,1142.5814,321.3601,103.3821,20.6746,0.0589,1665.8976,131.569123523694,2393.11789623122,537.2327,97.6078,411.671,67.8958,0,1.7879,165.6677,2438614,3340092,2838747,3046336,7382.75001975491,0.847416666666667,"El Salvador"
"América del Norte","El Salvador",1999,1.3342,5.203,49.5159,8.5613,0,31,292.7433,-61.5014,1142.5814,300.2706,84.2474,16.3765,0.0589,1681.2734,131.569123523694,2293.56544805139,561.6871,92.9826,461.8044,77.784,0,0.0783,170.7185,2425799,3399388,2855297,3068555,7341.85397157509,0.261166666666667,"El Salvador"
"América del Norte","El Salvador",2000,2.1602,5.8491,45.7686,6.3935,0,69,284.8878,-61.5014,1142.5814,350.0707,80.0972,19.728,0.0589,1697.8973,131.569123523694,2293.56544805139,562.4952,98.8372,427.4247,81.6956,0,1.9384,166.9444,2410885,3456741,2869807,3088675,7407.46137157509,0.346916666666667,"El Salvador"
"América del Norte","El Salvador",2001,2.2313,4.3993,46.2069,4.9055,0,64,287.3577,-61.7417,1142.8217,350.3767,90.3852,19.4985,0.0589,1704.5857,131.569123523694,2293.56544805139,619.8524,103.228,488.428,84.2814,0,0,166.9444,2394061,3511901,2881789,3106305,7542.95447157509,0.611166666666667,"El Salvador"
"América del Norte","El Salvador",2002,1.0254,0.2588,46.2107,3.8416,0,16,278.8281,-61.7417,1142.8217,328.1339,98.2239,21.7212,0.0533,1710.7018,131.569123523694,2293.56544805139,734.4039,112.3443,518.9966,90.0463,0,0,164.7322,2375312,3564991,2890463,3120812,7631.73657157508,0.701916666666667,"El Salvador"
"América del Norte","El Salvador",2003,2.7255,1.4233,45.4164,2.6029,0,11,303.8227,-61.7417,1142.8217,399.7409,114.7333,27.9371,0.0589,1707.9397,131.569123523694,2293.56544805139,748.1781,107.5606,505.7552,92.6662,0,0,168.1917,2355110,3616425,2895077,3131771,7745.96707157508,0.807,"El Salvador"
"América del Norte","El Salvador",2004,4.3255,2.3517,47.0129,3.1297,0,7,321.2958,-61.7417,1142.8217,426.2952,120.2687,26.3794,0.0589,1716.1498,131.569123523694,2293.56544805139,709.4663,107.7273,516.41,96.5777,0,2.2223,171.9659,2333904,3666871,2896010,3139645,7784.85167157508,0.654416666666667,"El Salvador"
"América del Norte","El Salvador",2005,2.5165,6.5837,49.3392,2.8248,0,44.1808699899541,346.059,-61.7417,1142.8217,408.4963,125.4588,24.9041,0.0589,1726.0391,131.569123523694,2293.56544805139,665.4348,111.1911,513.5681,97.1013,0,1.6668,189.925,2312232,3716729,2893341,3144476,7821.56294156504,0.532666666666667,"El Salvador"
"América del Norte","El Salvador",2006,3.4475,1.1112,51.5781,3.2881,0,41.8440035769279,333.9772,-61.7417,1142.8217,482.3133,130.3853,22.3301,0.0589,1730.6515,131.569123523694,2293.56544805139,764.9298,117.6927,539.7138,107.3362,0,1.1112,191.1752,2290130,3766348,2887716,3146720,8029.15867515201,0.530166666666667,"El Salvador"
"América del Norte","El Salvador",2007,1.126,0.1389,47.7524,3.3124,0,58,361.953,-61.7417,1142.8217,480.4058,129.7311,24.3376,0.0601,1737.5427,131.569123523694,2293.56544805139,735.9955,126.1363,556.9135,110.8653,0,0.1389,202.8361,2264614,3818861,2890138,3153993,8083.46017157509,0.379583333333333,"El Salvador"
"América del Norte","El Salvador",2008,0.8539,0.2588,57.1425,3.4786,0,111,340.6173,-61.7417,1142.8217,472.4123,136.8377,21.4061,0.0609,1746.0606,131.569123523694,2293.56544805139,730.7413,127.5443,564.6485,112.9089,0,0,188.6776,2219385,3890916,2901244,3166854,8120.86387157508,0.20675,"El Salvador"
"América del Norte","El Salvador",2009,1.0264,0.1389,54.9962,4.5652,0,91,352.2772,-61.7417,1142.8217,497.9466,152.3685,23.5698,0.0617,1749.8302,131.569123523694,2293.56544805139,695.4872,113.8718,550.0337,106.1644,0,0.1389,188.6776,2174461,3962815,2911996,3179191,8088.36887157508,0.831166666666667,"El Salvador"
"América del Norte","El Salvador",2010,0.2978,0.5366,53.6678,3.8541,0,95,347.8289,-61.7417,1142.8217,486.3401,162.7423,18.9852,0.0625,1757.9867,131.569123523694,2293.56544805139,731.2331,107.0949,520.5348,104.6194,0,0.2778,189.3013,2129728,4034898,2922675,3191359,8086.57787157508,0.35125,"El Salvador"
"América del Norte","El Salvador",2011,0.0534,0.1294,51.9944,3.6621,0,90,360.0066,-61.5014,1142.5814,450.5955,170.2837,20.224,0.0633,1764.174,0.0324,2293.56544805139,754.8942,120.4439,419.0841,100.6887,0,0,188.3658,2085360,4107200,2933557,3203792,7869.34094805139,0.614583333333333,"El Salvador"
"América del Norte","El Salvador",2012,1.6333,1.6821,60.8382,3.4716,0,69,318.8069,-61.5014,1142.5814,439.764,240.954,21.0031,0.064,1776.5917,0.0741,2293.56544805139,790.6118,111.2192,465.6913,96.1073,0,0,180.1645,2041361,4179885,2944707,3216582,7952.32254805139,0.64325,"El Salvador"
"América del Norte","El Salvador",2013,10.8285,33.4971,58.87,4.6131,0,139,323.9162,-61.5014,1142.5814,469.7294,245.7239,23.7375,0.0648,1783.3206,0.1167,2293.56544805139,715.3295,92.7402,382.0079,80.0485,0,16.8056,175.4282,1997999,4252778,2955948,3229694,7930.42314805139,0.6125,"El Salvador"
"América del Norte","El Salvador",2014,2.4534,0.3977,57.7933,5.5656,0,150,326.7066,-61.5014,1142.5814,528.1246,253.8124,25.2966,0.0656,1786.6308,0.1572,2293.56544805139,656.0754,94.2044,437.0368,76.6202,0,0.1389,171.6541,1955077,4326112,2966755,3242771,7947.37904805139,0.653,"El Salvador"
"América del Norte","El Salvador",2015,9.6229,33.0922,50.7142,4.7518,0,35,382.9119,-61.5014,1142.5814,550.7821,266.4357,26.5912,0.0664,1766.1024,0.1973,2293.56544805139,667.793,87.6152,433.6158,73.611,0,12.7778,203.1479,1912681,4399797,2976076,3254990,7979.47424805139,1.42766666666667,"El Salvador"
"América del Norte","El Salvador",2016,0.5484,0.7858,60.2262,3.1242,0,28,399.9992,-61.5014,1142.5814,443.1078,266.3409,26.1485,0.0672,1772.2573,0.4023,2293.56544805139,635.5106,83.1738,409.5418,77.0364,0,0.1389,205.9866,1871635,4473087,2983896,3266614,7787.04134805139,1.17741666666667,"El Salvador"
"América del Norte","El Salvador",2017,9.3661,31.5431,55.6571,3.5123,0,65,392.0203,-61.5014,1142.5814,338.1105,245.7838,17.359,0.055,1775.9345,0.7609,2293.56544805139,653.2565,92.0904,382.9736,78.6796,0,14.7224,210.0991,1832049,4545804,2989691,3276963,7741.56964805139,0.695,"El Salvador"
"América del Norte","El Salvador",2018,7.1228,9.7877,47.3071,2.7895,0,66,414.6543,-61.5014,1142.5814,500.6741,247.4729,16.4737,0.0597,1780.007,0.7361,2293.56544805139,738.9742,86.9375,328.7925,74.183,0,5.0002,218.583,1793751,4617807,2992279,3284064,7920.20074805139,0.720416666666667,"El Salvador"
"América del Norte","El Salvador",2019,7.5556,18.2989,51.0253,2.7095,0,59,447.2766,-61.5014,1142.5814,684.7724,264.3428,19.3379,0.0586,1783.7879,0.9012,2293.56544805139,772.6918,85.512,314.1066,73.1853,0,4.5834,226.2839,1756617,4688788,2992539,3287678,8190.07514805139,1.016,"El Salvador"
"América del Norte","El Salvador",2020,4.5986,7.1582,56.1383,2.8687,0,75,390.8223,-61.5014,1142.5814,569.9318,267.7922,18.262,0.0549,1784.9768,1.0509,2293.56544805139,780.4377,84.8425,311.3455,72.6846,0,2.5001,226.2839,1720558,4758508,2997430,3295300,8031.39444805139,1.4535,"El Salvador"
"América del Sur","Falkland Islands (Malvinas)",1990,1.0965,0.0143,NA,3293.63880638965,5527.9397,12.2328706489185,1.7751,0,0,NA,37.8386307227124,1.0629,1073.2412364429,65.0723473790681,1710.56495298505,2005.79212907803,NA,NA,2098.25252021315,NA,0,0,1.4098,514,1475,1172,1160,15829.9317938595,0.604685779157091,"Falkland Islands (Malvinas)"
"América del Sur","Falkland Islands (Malvinas)",1991,1.0965,0.0143,NA,3293.63880638965,5527.9397,12.2328706489185,1.633,0,0,NA,37.8386307227124,0.5314,1073.2412364429,65.0723473790681,1710.56495298505,2005.79212907803,NA,NA,2098.25252021315,NA,0,0,1.4098,503,1560,1202,1175,15829.2581938595,0.273636976144132,"Falkland Islands (Malvinas)"
"América del Sur","Falkland Islands (Malvinas)",1992,1.0965,0.0143,NA,3293.63880638965,5527.9397,12.2328706489185,1.6335,0,0,NA,37.8386307227124,0.5314,1073.2412364429,65.0723473790681,1710.56495298505,2005.79212907803,NA,NA,2098.25252021315,NA,0,0,1.4098,570,1572,1256,1200,15829.2586938595,0.273636976144132,"Falkland Islands (Malvinas)"
"América del Sur","Falkland Islands (Malvinas)",1993,1.0965,0.0143,NA,3210.06391242299,5527.9397,11.481084565897,1.6344,0,0,0.0195,37.8386307227124,0.5314,77.3936507615048,65.0723473790681,451.196291182732,2005.79212907803,NA,NA,2098.25252021315,NA,0,0,1.4098,648,1588,1318,1228,13489.7361663261,0.265770334281945,"Falkland Islands (Malvinas)"
"América del Sur","Falkland Islands (Malvinas)",1994,1.0965,0.0143,NA,3210.06391242299,5527.9397,11.481084565897,1.5643,0,0,0.039,37.8386307227124,0.5314,77.3936507615048,65.0723473790681,451.196291182732,2005.79212907803,NA,NA,2098.25252021315,NA,0,0,1.4098,733,1600,1385,1256,13489.6855663261,0.587609152911451,"Falkland Islands (Malvinas)"
"América del Sur","Falkland Islands (Malvinas)",1995,1.0965,0.0143,NA,2523.40194691713,5527.9397,11.481084565897,1.7788,0,0,0.0585,37.8386307227124,0.5314,77.3936507615048,65.0723473790681,451.196291182732,2005.79212907803,NA,NA,2098.25252021315,NA,0,0,1.755,828,1607,1448,1286,12803.6028008202,0.578536954048774,"Falkland Islands (Malvinas)"
"América del Sur","Falkland Islands (Malvinas)",1996,0.9279,0.0742,NA,2523.40194691713,5528.277,11.481084565897,1.3524,0,0,0.078,37.8386307227124,0.5314,77.3936507615048,65.0723473790681,451.196291182732,1946.97219618373,NA,NA,2098.25252021315,NA,0,0,1.755,914,1624,1496,1317,12744.6045679259,0.298469210615611,"Falkland Islands (Malvinas)"
"América del Sur","Falkland Islands (Malvinas)",1997,1.3373,0.0934,NA,2523.40194691713,5528.277,11.481084565897,1.6381,0,0,0.0975,37.8386307227124,0.5314,77.3936507615048,65.0723473790681,451.196291182732,1946.97219618373,NA,NA,2098.25252021315,NA,0,0,1.755,925,1712,1529,1351,12745.3383679259,0.632417683613735,"Falkland Islands (Malvinas)"
"América del Sur","Falkland Islands (Malvinas)",1998,1.1296,0.0731,NA,2523.40194691713,5528.4451,11.481084565897,1.0697,0,0,0.117,37.8386307227124,0.6643,77.3936507615048,65.0723473790681,451.196291182732,1946.97219618373,NA,NA,2098.25252021315,NA,0,0,1.755,935,1801,1563,1387,12744.8624679259,0.815414146834055,"Falkland Islands (Malvinas)"
"América del Sur","Falkland Islands (Malvinas)",1999,1.2286,0.0815,NA,3210.06391242299,5526.7607,11.481084565897,1.106,0,0,0.1365,37.8386307227124,0.6643,77.3936507615048,65.0723473790681,451.196291182732,1946.97219618373,NA,NA,2098.25252021315,NA,0,0,1.4098,937,1878,1597,1421,13429.6580334318,0.799540397220385,"Falkland Islands (Malvinas)"
"América del Sur","Falkland Islands (Malvinas)",2000,0.0372,0.0495,NA,3908.75756143021,5525.9228,11.481084565897,1.1421,0,0,0.156,37.8386307227124,0.6749,77.3936507615048,65.0723473790681,451.196291182732,1981.13649400039,NA,NA,2098.25252021315,NA,0,0,1.0647,934,1948,1627,1454,14160.1757802557,0.799540397220385,"Falkland Islands (Malvinas)"
"América del Sur","Falkland Islands (Malvinas)",2001,1.9727,0,NA,3879.04358865467,5519.3223,11.481084565897,1.3205,0,0,0.1752,37.8386307227124,0.6962,77.3936507615048,65.0723473790681,451.196291182732,2005.79212907803,NA,NA,2098.25252021315,NA,0,0,0.3451,923,2001,1646,1479,14149.9022425578,0.802158154183223,"Falkland Islands (Malvinas)"
"América del Sur","Falkland Islands (Malvinas)",2002,0.8697,0,NA,3879.04358865467,5517.7971,11.481084565897,1.7208,0,0,0.1986,37.8386307227124,0.7121,77.3936507615048,65.0723473790681,451.196291182732,2005.79212907803,NA,NA,2098.25252021315,NA,0,0,0.406,913,2034,1652,1500,14147.7745425578,0.812326949080059,"Falkland Islands (Malvinas)"
"América del Sur","Falkland Islands (Malvinas)",2003,0,0,NA,3879.04358865467,5517.46,11.481084565897,1.5971,0,0,0.196,37.8386307227124,0.7174,77.3936507615048,65.0723473790681,451.196291182732,2005.79212907803,NA,NA,2098.25252021315,NA,0,0,0.3768,896,2055,1647,1523,14146.4175425578,0.812326949080059,"Falkland Islands (Malvinas)"
"América del Sur","Falkland Islands (Malvinas)",2004,0.3076,0,NA,3879.04358865467,5517.7959,11.481084565897,1.566,0,0,0.1933,37.8386307227124,0.7228,77.3936507615048,65.0723473790681,451.196291182732,2005.79212907803,NA,NA,2098.25252021315,NA,0,0,0.3695,879,2075,1640,1547,14147.0253425578,0.812326949080059,"Falkland Islands (Malvinas)"
"América del Sur","Falkland Islands (Malvinas)",2005,0,0,NA,3918.13498034698,5513.9702,11.481084565897,1.4444,0,0,0.1676,37.8386307227124,0.744,77.3936507615048,65.0723473790681,451.196291182732,2005.79212907803,NA,NA,2098.25252021315,NA,0,0,0.3493,857,2082,1639,1566,14181.8371342501,0.812326949080059,"Falkland Islands (Malvinas)"
"América del Sur","Falkland Islands (Malvinas)",2006,0.3182,0,NA,3918.13498034698,5513.9702,11.481084565897,1.6428,0,0,0.1773,37.8386307227124,0.76,77.3936507615048,65.0723473790681,451.196291182732,2005.79212907803,NA,NA,2098.25252021315,NA,0,0,0.3961,835,2086,1638,1577,14182.4262342501,0.81515190434592,"Falkland Islands (Malvinas)"
"América del Sur","Falkland Islands (Malvinas)",2007,0,0,NA,3917.87082012475,5513.1334,11.481084565897,1.8107,0,0,0.1915,44.3894236950661,0.7653,77.3936507615048,65.0723473790681,451.196291182732,2005.79212907803,NA,NA,2098.25252021315,NA,0,0,0.4582,814,2093,1631,1584,14187.8073670002,0.81515190434592,"Falkland Islands (Malvinas)"
"América del Sur","Falkland Islands (Malvinas)",2008,0.0106,0,NA,3917.67807784698,5513.1334,11.481084565897,1.4719,0,0,0.1723,44.3894236950661,0.7759,77.3936507615048,65.0723473790681,451.196291182732,2005.79212907803,NA,NA,2098.25252021315,NA,0,0,0.3633,792,2093,1617,1588,14187.1829247224,0.81515190434592,"Falkland Islands (Malvinas)"
"América del Sur","Falkland Islands (Malvinas)",2009,0,0,NA,3917.67807784698,5512.9654,11.481084565897,1.392,0,0,0.1401,44.3894236950661,0.7759,77.3936507615048,65.0723473790681,451.196291182732,2005.79212907803,NA,NA,2098.25252021315,NA,0,0,0.3372,771,2096,1603,1591,14186.8661247224,0.816977089281552,"Falkland Islands (Malvinas)"
"América del Sur","Falkland Islands (Malvinas)",2010,0,0,NA,3917.67807784698,5513.1332,11.481084565897,1.5227,0,0,0.1953,44.3894236950661,0.7759,77.3936507615048,65.0723473790681,451.196291182732,2005.79212907803,NA,NA,2098.25252021315,NA,0,0,0.3681,751,2101,1591,1595,14187.2507247224,0.816977089281552,"Falkland Islands (Malvinas)"
"América del Sur","Falkland Islands (Malvinas)",2011,0,0,NA,3917.67807784698,5513.1332,11.481084565897,1.6353,0,0,0.1755,44.3894236950661,0.7812,77.3936507615048,65.0723473790681,451.196291182732,2005.79212907803,NA,NA,2098.25252021315,NA,0,0,0.3947,737,2119,1578,1597,14187.3754247224,0.816977089281552,"Falkland Islands (Malvinas)"
"América del Sur","Falkland Islands (Malvinas)",2012,0.8909,0,NA,3917.67807784698,5513.1332,11.481084565897,1.5302,0,0,0.188,44.3894236950661,0.7812,77.3936507615048,65.0723473790681,451.196291182732,2005.79212907803,NA,NA,2098.25252021315,NA,0,0,0.3741,722,2136,1585,1609,14188.1531247224,0.816977089281552,"Falkland Islands (Malvinas)"
"América del Sur","Falkland Islands (Malvinas)",2013,0,0,NA,3917.67807784698,5514.1447,11.481084565897,1.5899,0,0,0.1892,44.3894236950661,0.7812,77.3936507615048,65.0723473790681,451.196291182732,2005.79212907803,NA,NA,2098.25252021315,NA,0,0,0.3872,710,2160,1621,1639,14188.3477247224,0.816977089281552,"Falkland Islands (Malvinas)"
"América del Sur","Falkland Islands (Malvinas)",2014,0,0,NA,3917.65257162475,5514.1447,11.481084565897,1.6317,0,0,0.2125,44.3894236950661,0.7812,77.3936507615048,65.0723473790681,451.196291182732,2005.79212907803,NA,NA,2098.25252021315,NA,0,0,0.396,699,2188,1658,1676,14188.3961185002,1.21615773725395,"Falkland Islands (Malvinas)"
"América del Sur","Falkland Islands (Malvinas)",2015,0,0,NA,3917.65257162475,5514.1447,11.481084565897,1.6661,0,0,0.2298,44.3894236950661,0.7812,77.3936507615048,65.0723473790681,451.196291182732,2005.79212907803,NA,NA,2098.25252021315,NA,0,0,0.4045,688,2210,1697,1710,14188.4563185002,1.33044709802551,"Falkland Islands (Malvinas)"
"América del Sur","Falkland Islands (Malvinas)",2016,0,0,NA,3917.65257162475,5514.1447,11.481084565897,1.7398,0,0,0.2183,44.3894236950661,0.7972,77.3936507615048,65.0723473790681,451.196291182732,2005.79212907803,NA,NA,2098.25252021315,NA,0,0,0.4461,677,2233,1750,1758,14188.5761185002,1.34549511102856,"Falkland Islands (Malvinas)"
"América del Sur","Falkland Islands (Malvinas)",2017,0,0,NA,3917.65257162475,5514.1447,11.481084565897,1.7535,0,0,0.2263,44.3894236950661,0.7838,77.3936507615048,65.0723473790681,451.196291182732,2005.79212907803,NA,NA,2098.25252021315,NA,0,0,0.4484,663,2247,1798,1801,14188.5867185002,1.34549511102856,"Falkland Islands (Malvinas)"
"América del Sur","Falkland Islands (Malvinas)",2018,0,0,NA,3917.38841140253,5513.9769,11.481084565897,1.8371,0,0,0.2104,44.3894236950661,0.7972,77.3936507615048,65.0723473790681,451.196291182732,2005.79212907803,NA,NA,2098.25252021315,NA,0,0,0.469,653,2269,1831,1824,14188.256458278,1.34923278977253,"Falkland Islands (Malvinas)"
"América del Sur","Falkland Islands (Malvinas)",2019,0,0,NA,3917.38841140253,5514.117,11.481084565897,1.8831,0,0,0.2145,44.3894236950661,0.7972,77.3936507615048,65.0723473790681,451.196291182732,2005.79212907803,NA,NA,2098.25252021315,NA,0,0,0.483,640,2281,1865,1845,14188.460658278,1.37785565921741,"Falkland Islands (Malvinas)"
"América del Sur","Falkland Islands (Malvinas)",2020,0,0,NA,3917.38841140253,5513.6247,11.481084565897,2.0589,0,0,0.2104,44.3894236950661,0.8057,77.3936507615048,65.0723473790681,451.196291182732,2005.79212907803,NA,NA,2098.25252021315,NA,0,0,0.5254,629,2296,1884,1863,14188.190958278,1.41674443005074,"Falkland Islands (Malvinas)"
"América del Norte","Greenland",1990,0.0784,0,NA,1123.93823223171,0,11.481084565897,5.5504,-0.1356,0,6.7205,1.3686,0.1605,0.109,2.6563,25.5739,2005.79212907803,NA,NA,2128.60372548703,NA,0,0,43.488,11289,44315,30078,25521,5355.38517136266,-0.44325,"Greenland"
"América del Norte","Greenland",1991,0.0784,0,NA,1123.93823223171,0,11.481084565897,5.546,-0.1356,0,6.5677,1.3687,0.1568,0.109,2.6718,25.5739,2005.79212907803,NA,NA,2128.60372548703,NA,0,0,41.6322,11140,44649,30016,25642,5353.38407136266,-0.225,"Greenland"
"América del Norte","Greenland",1992,0.0784,0,NA,1123.93823223171,0,11.481084565897,7.0483,-0.1356,0,6.6055,1.1768,0.1576,0.1084,2.6788,22.3773,2005.79212907803,NA,NA,2128.60372548703,NA,0,0,44.7861,11004,44857,29945,25742,5354.69677136266,-1.3845,"Greenland"
"América del Norte","Greenland",1993,0.0784,0,NA,1123.93823223171,0,11.481084565897,7.0169,-0.1356,0,7.6748,1.2093,0.184,0.1078,2.69,22.3773,2005.79212907803,NA,NA,2128.60372548703,NA,0,0,41.2762,10889,44959,29869,25838,5352.29427136266,-1.41583333333333,"Greenland"
"América del Norte","Greenland",1994,0.0784,0,NA,1123.93823223171,0,11.481084565897,7.1248,-0.1356,0,7.7162,1.2628,0.1862,0.1044,2.7157,22.3773,2005.79212907803,NA,NA,2128.60372548703,NA,0,0,44.7861,10770,45045,29782,25919,5356.03147136266,-0.4795,"Greenland"
"América del Norte","Greenland",1995,0.0784,0,NA,1123.93823223171,0,11.481084565897,7.2339,-0.1356,0,7.7567,1.8508,0.1877,0.1078,2.7423,23.0234,2005.79212907803,NA,NA,2128.60372548703,NA,0,0,48.296,10659,45152,29800,25987,5360.95657136266,-0.0921666666666667,"Greenland"
"América del Norte","Greenland",1996,0,0,NA,1123.93823223171,0,11.481084565897,7.9197,-0.1356,0,7.7966,2.0948,0.1884,0.1146,2.7415,23.6696,2005.79212907803,NA,NA,2128.60372548703,NA,0,0,49.9738,10553,45284,29913,26047,5364.17857136266,0.825416666666667,"Greenland"
"América del Norte","Greenland",1997,0,0,NA,1123.93823223171,0,11.481084565897,8.3787,-0.1356,0,7.8369,2.5588,0.1891,0.1111,2.8767,24.3156,2005.79212907803,NA,NA,2128.60372548703,NA,0,0,58.6714,10491,45390,29990,26082,5374.61787136266,0.48825,"Greenland"
"América del Norte","Greenland",1998,0,0,NA,1123.93823223171,0,11.481084565897,8.5112,-0.1356,0,7.8773,3.172,0.1899,0.083,2.9381,24.9623,2005.79212907803,NA,NA,2128.60372548703,NA,0,0,58.6714,10434,45514,30026,26096,5376.08477136266,1.22925,"Greenland"
"América del Norte","Greenland",1999,0,0,NA,1123.93823223171,0,11.481084565897,9.6022,-0.1356,0,7.9037,3.3251,0.1899,0.0851,2.8922,25.6086,2005.79212907803,NA,NA,2096.19783980802,NA,0,0,58.4944,10382,45664,30020,26087,5345.37488568365,0.32,"Greenland"
"América del Norte","Greenland",2000,0,0,NA,1123.93823223171,0,11.481084565897,8.3439,-0.1356,0,7.9829,3.8057,0.192,0.09,2.8822,26.2552,2005.79212907803,NA,NA,2148.25169285071,NA,0,0,63.6821,10336,45839,30049,26134,5402.56153872635,0.955916666666667,"Greenland"
"América del Norte","Greenland",2001,0,0,NA,1123.93823223171,0,11.481084565897,8.6308,-0.0219,0,7.9382,4.4938,0.1928,0.0968,2.8418,26.9018,2005.79212907803,NA,NA,2148.25169285071,NA,0,0,63.6821,10224,46103,30137,26249,5404.21933872635,1.01025,"Greenland"
"América del Norte","Greenland",2002,0,0,NA,1123.93823223171,0,11.481084565897,8.6921,-0.0219,0,7.6312,5.0327,0.1942,0.1001,2.889,27.5482,2005.79212907803,NA,NA,2148.25169285071,NA,0,0,63.6821,10120,46398,30206,26360,5405.21083872635,1.37325,"Greenland"
"América del Norte","Greenland",2003,0,0,NA,1123.93823223171,0,11.481084565897,7.8132,-0.0219,0,7.3863,5.3693,0.1957,0.1043,2.9435,28.1948,2005.79212907803,NA,NA,2148.25169285071,NA,0,0,58.6925,10016,46692,30259,26470,5400.14083872635,1.96475,"Greenland"
"América del Norte","Greenland",2004,0,0,NA,1123.93823223171,0,11.481084565897,7.4219,-0.0219,0,2.5601,6.3936,0.1795,0.0794,2.9351,32.0379,2005.79212907803,NA,NA,2148.25169285071,NA,0,0,107.6571,9905,46956,30300,26566,5448.70583872635,1.34083333333333,"Greenland"
"América del Norte","Greenland",2005,0,0,NA,1123.93823223171,0,11.481084565897,7.2512,-0.0219,0,2.5663,6.9494,0.1863,0.0804,2.9174,32.2735,2005.79212907803,NA,NA,2148.25169285071,NA,0,0,124.4698,9763,47188,30291,26596,5466.13553872635,2.21158333333333,"Greenland"
"América del Norte","Greenland",2006,0,0,NA,1123.93823223171,0,11.481084565897,7.7665,-0.0219,0,2.5599,7.3852,0.1846,0.0813,2.8924,32.2083,2005.79212907803,NA,NA,2148.25169285071,NA,0,0,95.7159,9587,47384,30232,26579,5438.23533872635,1.48616666666667,"Greenland"
"América del Norte","Greenland",2007,0,0,NA,1123.93823223171,0,11.481084565897,6.5166,-0.0219,0,2.2636,9.4309,0.1392,0.1242,2.8672,28.5852,2005.79212907803,NA,NA,2148.25169285071,NA,0,0,154.7541,9403,47524,30151,26558,5494.12223872635,1.36758333333333,"Greenland"
"América del Norte","Greenland",2008,0,0,NA,1123.93823223171,0,11.481084565897,6.9176,-0.0219,0,2.458,10.2193,0.1154,0.1027,2.839,32.001,2005.79212907803,NA,NA,2148.25169285071,NA,0,0,150.764,9215,47626,30061,26516,5494.85823872635,1.02925,"Greenland"
"América del Norte","Greenland",2009,0,0,NA,1123.93823223171,0,11.481084565897,6.6449,-0.0219,0,2.0062,9.4434,0.085,0.0758,2.8209,26.1676,2005.79212907803,NA,NA,2148.25169285071,NA,0,0,135.9547,9027,47701,29971,26471,5472.63973872635,1.11191666666667,"Greenland"
"América del Norte","Greenland",2010,0,0,NA,1123.93823223171,0,11.481084565897,6.4949,-0.0219,0,1.7238,8.8433,0.075,0.0576,2.8273,22.5237,2108.17162743752,NA,NA,2148.25169285071,NA,0,0,131.04,8845,47793,29894,26457,5565.40633708584,3.143,"Greenland"
"América del Norte","Greenland",2011,0,0,NA,1123.93823223171,0,11.481084565897,6.7388,-0.0992,0,1.3094,9.0905,0.0562,0.0528,2.8082,18.5748,2005.79212907803,NA,NA,2148.25169285071,NA,0,0,135.1649,8621,47931,29825,26463,5463.15953872635,1.19683333333333,"Greenland"
"América del Norte","Greenland",2012,0,0,NA,1123.93823223171,0,11.481084565897,6.721,-0.0992,0,1.2428,9.4613,0.0523,0.0508,2.7861,17.6492,2005.79212907803,NA,NA,2148.25169285071,NA,0,0,151.8343,8357,48113,29745,26453,5479.16173872635,1.8225,"Greenland"
"América del Norte","Greenland",2013,0,0,NA,1123.93823223171,0,11.481084565897,8.0054,-0.0992,0,0.9907,9.3032,0.0382,0.0543,2.7536,16.8885,2005.79212907803,NA,NA,2148.25169285071,NA,0,0,158.92,8151,48263,29663,26426,5486.31783872635,1.277,"Greenland"
"América del Norte","Greenland",2014,0,0,NA,1123.93823223171,0,11.481084565897,7.6806,-0.0992,0,0.9157,9.1842,0.0323,0.0534,2.7148,15.4521,2005.79212907803,NA,NA,2148.25169285071,NA,0,0,144.3741,7999,48383,29567,26385,5469.77113872635,1.34691666666667,"Greenland"
"América del Norte","Greenland",2015,0,0,NA,1123.93823223171,0,11.481084565897,7.6079,-0.0992,0,1.8626,9.802,0.0745,0.0234,2.6886,17.8608,2005.79212907803,NA,NA,2148.25169285071,NA,0,0,134.8164,7853,48524,29517,26377,5464.10013872635,0.112166666666667,"Greenland"
"América del Norte","Greenland",2016,0,0,NA,1123.93823223171,0,11.481084565897,8.1627,-0.0926,0,1.5305,9.7389,0.0589,0.0278,2.6739,18.0147,2005.79212907803,NA,NA,2148.25169285071,NA,0,0,148.8864,7714,48698,29517,26398,5478.46433872635,2.53266666666667,"Greenland"
"América del Norte","Greenland",2017,1.8267,0,NA,1123.93823223171,0,11.481084565897,8.1859,-0.0926,0,0.9161,9.3669,0.0323,0.0265,2.6558,15.4719,2005.79212907803,NA,NA,2148.25169285071,NA,0,0,157.0745,7583,48897,29515,26413,5484.92713872635,1.47166666666667,"Greenland"
"América del Norte","Greenland",2018,0,0,NA,1123.93823223171,0,11.481084565897,8.4161,-0.0926,0,1.008,10.1714,0.0374,0.0232,2.6314,20.5145,2005.79212907803,NA,NA,2148.25169285071,NA,0,0,157.6672,7458,49107,29512,26419,5489.83973872635,0.794083333333333,"Greenland"
"América del Norte","Greenland",2019,0.2128,0,NA,1123.93823223171,0,11.481084565897,9.6337,-0.0926,0,0.9851,9.9097,0.0348,0.0249,2.6449,15.1757,2005.79212907803,NA,NA,2148.25169285071,NA,0,0,166.8502,7338,49335,29507,26424,5494.84233872635,2.2,"Greenland"
"América del Norte","Greenland",2020,0,0,NA,1123.93823223171,0,11.481084565897,9.5159,-0.0926,0,0.9843,10.3056,0.0379,0.0249,2.6554,16.0073,2005.79212907803,NA,NA,2148.25169285071,NA,0,0,169.1985,7220,49552,29531,26496,5498.10033872635,1.32441666666667,"Greenland"
"América del Norte","Grenada",1990,0,0.0043,0.0243,246.40727646444,0,11.481084565897,4.5731,0,0,9.186,1.7103,17.0046627850269,128.200388812342,30.2323,209.587728357542,658.540603536344,2.5969,0.821,3.8459,0.9647,0,0.0043,6.3302,64099,32184,49267,49780,1331.51504452159,0.234666666666667,"Grenada"
"América del Norte","Grenada",1991,0,0.0043,0.0252,246.40727646444,0,11.481084565897,4.5731,0,0,10.9267,1.7485,17.0046627850269,128.200388812342,30.4819,209.587728357542,658.540603536344,2.692,0.8043,3.7766,0.9588,0,0.0043,6.3302,64139,32315,49700,50057,1333.54764452159,0.363833333333333,"Grenada"
"América del Norte","Grenada",1992,0,0.0043,0.0283,246.40727646444,0,11.481084565897,4.5731,0,0,11.9833,1.7804,17.0046627850269,98.4287398069922,30.6594,209.587728357542,658.540603536344,2.7456,0.8035,3.7146,0.9783,0,0.0043,6.3302,64400,32798,50392,50648,1305.05539551624,0.39125,"Grenada"
"América del Norte","Grenada",1993,0,0.0043,0.0301,246.40727646444,0,11.481084565897,4.5731,0,0,12.7451,1.8141,17.0046627850269,98.4287398069922,30.8138,209.587728357542,658.540603536344,2.8177,0.8153,3.6775,1.0085,0,0.0043,6.3302,64896,33409,51013,51160,1306.08409551624,0.474416666666667,"Grenada"
"América del Norte","Grenada",1994,0,0.0043,0.0272,246.40727646444,0,11.481084565897,5.276,0,0,12.2304,1.8485,17.0046627850269,128.200388812342,30.9882,209.587728357542,658.540603536344,2.8963,0.8922,3.7207,1.0867,0,0.0043,6.3302,65382,34023,51570,51604,1336.52674452159,0.435083333333333,"Grenada"
"América del Norte","Grenada",1995,0,0.0043,0.0277,246.40727646444,0,11.481084565897,5.632,0,0,11.18,2.5325,17.0046627850269,128.200388812342,31.1416,209.587728357542,658.540603536344,2.8462,0.9427,3.734,1.1418,0,0.0043,5.2677,65697,34558,52066,51993,1335.67654452159,0.760833333333333,"Grenada"
"América del Norte","Grenada",1996,0,0.0256,0.0254,246.40727646444,0,11.481084565897,7.3893,0,0,11.1346,6.7578,17.0046627850269,128.200388812342,31.0955,209.587728357542,658.540603536344,2.9094,0.8751,3.6512,1.0893,0,0.0256,6.3302,65805,34991,52513,52333,1342.53074452159,0.44475,"Grenada"
"América del Norte","Grenada",1997,0,0.0305,0.0237,246.40727646444,0,11.481084565897,8.0922,0,0,13.2329,7.3407,17.0046627850269,128.200388812342,31.1919,209.587728357542,658.540603536344,3.003,0.8317,3.5977,1.0573,0,0.0305,4.229,65771,35351,52918,52630,1343.88284452159,0.66025,"Grenada"
"América del Norte","Grenada",1998,0,0.0084,0.0232,246.40727646444,0,11.481084565897,8.4736,0,0,12.8718,9.077,17.0046627850269,128.200388812342,31.3415,209.587728357542,658.540603536344,3.0028,0.7945,3.5519,1.0302,0,0.0084,5.8277,65644,35665,53294,52906,1347.23274452159,1.18591666666667,"Grenada"
"América del Norte","Grenada",1999,0,0.0265,0.0225,246.40727646444,0,11.481084565897,8.8203,0,0,13.0167,9.2416,17.0046627850269,128.200388812342,31.4427,209.587728357542,658.540603536344,3.0704,0.8802,3.6109,1.1211,0,0.0265,6.3267,65480,35962,53663,53160,1348.82784452159,0.567833333333333,"Grenada"
"América del Norte","Grenada",2000,0,0.0208,0.0242,246.40727646444,0,11.481084565897,8.502,0,0,14.0363,10.4594,17.0046627850269,128.200388812342,31.5463,209.587728357542,658.540603536344,3.0203,0.6172,3.6102,0.7491,0,0.0208,6.4488,65343,36276,54035,53397,1350.27714452159,0.455916666666667,"Grenada"
"América del Norte","Grenada",2001,0,0,0.0245,246.40727646444,0,11.481084565897,8.9365,0,0,14.4485,11.1309,17.0046627850269,128.200388812342,31.6532,209.587728357542,658.540603536344,3.1032,0.6446,3.6677,0.7703,0,0,6.5126,65265,36584,54340,53596,1352.11374452159,0.7585,"Grenada"
"América del Norte","Grenada",2002,0,0,0.0251,246.40727646444,0,11.481084565897,9.3909,0,0,15.6779,12.3932,17.0046627850269,128.200388812342,31.8033,209.587728357542,658.540603536344,3.1527,0.7215,3.7594,0.8291,0,0,6.6081,65432,36668,54535,53697,1355.58294452159,0.6015,"Grenada"
"América del Norte","Grenada",2003,0,0,0.0252,246.40727646444,0,11.481084565897,9.9375,0,0,16.122,12.8777,17.0046627850269,128.200388812342,31.9038,209.587728357542,658.540603536344,3.2353,0.7382,3.8137,0.8447,0,0,6.9879,65615,36760,54821,53919,1357.70774452159,0.884,"Grenada"
"América del Norte","Grenada",2004,0,0,0.025,246.40727646444,0,11.481084565897,9.6471,0,0,14.1562,11.9288,17.0046627850269,128.200388812342,31.9899,209.587728357542,658.540603536344,3.2739,0.7165,3.787,0.8287,0,0,6.794,65801,36855,55220,54297,1354.36884452159,0.453916666666667,"Grenada"
"América del Norte","Grenada",2005,0,0,0.0251,246.40727646444,0,11.481084565897,10.151,0,0,14.6857,12.3945,17.0046627850269,128.200388812342,32.1687,209.587728357542,658.540603536344,3.4125,0.6867,3.7503,0.8065,0,0,7.1419,65995,36954,55599,54654,1356.44464452159,0.9725,"Grenada"
"América del Norte","Grenada",2006,0,0,0.0242,246.40727646444,0,11.481084565897,10.5044,0,0,15.8409,12.9993,17.0046627850269,128.200388812342,32.2689,209.587728357542,658.540603536344,3.4514,0.7953,3.884,0.8872,0,0,7.3914,66200,37059,55973,55015,1359.26874452159,0.768333333333333,"Grenada"
"América del Norte","Grenada",2007,0,0,0.0255,246.40727646444,0,11.481084565897,11.025,0,0,18.2072,15.3087,17.0046627850269,128.200388812342,32.2946,209.587728357542,658.540603536344,3.49,0.8005,3.9132,0.8902,0,0,7.7366,66416,37170,56349,55375,1364.91324452159,0.62525,"Grenada"
"América del Norte","Grenada",2008,0,0,0.0261,448.164724729613,0,11.481084565897,10.9788,0,0,14.5287,16.0949,17.0046627850269,128.200388812342,32.4051,209.587728357542,658.540603536344,3.5586,0.8377,4.005,0.9288,0,0,0.0637,66643,37287,56743,55736,1556.40659278676,0.51575,"Grenada"
"América del Norte","Grenada",2009,0,0,0.0267,448.164724729613,0,11.481084565897,11.5615,0,0,15.3663,15.8706,17.0046627850269,128.200388812342,32.4567,209.587728357542,658.540603536344,3.6871,0.8724,4.0351,0.9543,0,0,0.0319,66884,37412,57148,56101,1557.84179278676,0.558416666666667,"Grenada"
"América del Norte","Grenada",2010,0,0,0.0273,448.139218507391,0,11.481084565897,11.8217,0,0,16.6226,18.1444,17.0046627850269,128.200388812342,32.4545,209.587728357542,658.540603536344,3.7157,0.8287,3.8807,0.9285,0,0,0.0319,67134,37543,57562,56477,1561.40968656454,1.188,"Grenada"
"América del Norte","Grenada",2011,0,0,0.028,448.164724729613,0,11.481084565897,10.8345,0,0,17.4275,18.4752,17.0046627850269,118.127160289191,32.4731,209.587728357542,658.540603536344,3.7146,0.8241,3.9041,0.9293,0,0,0.0319,67396,37679,57983,56934,1551.54826426361,0.66775,"Grenada"
"América del Norte","Grenada",2012,0,0,0.0284,448.164724729613,0,11.481084565897,10.8637,0,0,16.6652,17.0629,17.0046627850269,98.4287398069922,32.5289,209.587728357542,658.540603536344,3.7235,0.8312,3.9191,0.9318,0,0,0.0319,67646,37835,58426,57486,1529.79414378142,0.621916666666667,"Grenada"
"América del Norte","Grenada",2013,0,0,0.0312,448.164724729613,0,11.481084565897,11.1244,0,0,16.4926,17.2736,17.0046627850269,93.4827462238061,32.5999,209.587728357542,658.540603536344,3.8421,0.8306,3.9006,0.9304,0,0,0.0319,67892,38017,58897,58047,1525.31885019823,0.709916666666667,"Grenada"
"América del Norte","Grenada",2014,0,0,0.032,448.164724729613,0,11.481084565897,11.5358,0,0,15.5982,18.9046,17.0046627850269,93.4827462238061,32.6389,209.587728357542,658.540603536344,3.8407,0.8302,3.921,0.9317,0,0,0.0348,68136,38224,59367,58606,1526.52945019823,0.673083333333333,"Grenada"
"América del Norte","Grenada",2015,0,0,0.0283,448.164724729613,0,11.481084565897,11.2083,0,0,15.6331,20.1792,17.0046627850269,98.4287398069922,32.7654,209.587728357542,658.540603536344,3.8795,0.8256,3.9341,0.9262,0,0,0.0363,68370,38453,59819,59160,1532.62354378141,0.86725,"Grenada"
"América del Norte","Grenada",2016,0,0,0.0303,448.164724729613,0,11.481084565897,10.7446,0,0,16.0317,20.6915,17.0046627850269,98.4287398069922,32.8449,209.587728357542,658.540603536344,3.9281,0.8225,3.9436,0.921,0,0,0.04,68605,38712,60258,59709,1533.20574378141,0.918333333333333,"Grenada"
"América del Norte","Grenada",2017,0,0,0.0303,448.164724729613,0,11.481084565897,11.1454,0,0,15.8129,20.2818,17.0046627850269,98.4287398069922,32.9811,209.587728357542,658.540603536344,3.9767,0.8284,3.9467,0.9264,0,0,0.0415,68831,38994,60681,60239,1533.17874378141,0.905666666666667,"Grenada"
"América del Norte","Grenada",2018,0,0,0.0298,246.40727646444,0,11.481084565897,11.818,0,0,15.3403,20.9461,17.0046627850269,98.4287398069922,33.0686,209.587728357542,658.540603536344,4.0256,0.8661,3.9866,0.9427,0,0,17.8,69042,39297,61090,60748,1350.27389551624,0.54125,"Grenada"
"América del Norte","Grenada",2019,0,0,0.0302,246.40727646444,0,11.481084565897,12.0407,0,0,16.8851,21.6724,17.0046627850269,98.4287398069922,33.1398,209.587728357542,658.540603536344,4.0942,0.9051,4.0362,0.9568,0,0,21.95,69217,39608,61483,61240,1357.16059551624,1.2485,"Grenada"
"América del Norte","Grenada",2020,0,0,0.0301,246.40727646444,0,11.481084565897,10.3842,0,0,16.2668,18.7572,17.0046627850269,98.4287398069922,33.0986,209.587728357542,658.540603536344,4.1428,0.9054,4.0374,0.9567,0,0,18.921,69370,39938,61916,61746,1348.95029551624,1.15625,"Grenada"
"América del Norte","Guadeloupe",1990,0,0,NA,854.672781593177,0,11.481084565897,50.7413,0,66.66,21.9112,50.3927381766511,0.3126,77.3936507615048,66.9157099684112,396.389181287105,2005.79212907803,NA,3.6964,34.4136,6.0801,0,0,2.5248,13993,371885,191653,200298,3649.37727543077,0.384,"Guadeloupe"
"América del Norte","Guadeloupe",1991,0,0,NA,854.672781593177,0,11.481084565897,50.7413,0,66.66,21.9112,50.3927381766511,0.3456,77.3936507615048,66.9157099684112,396.389181287105,2005.79212907803,NA,3.8683,33.2768,6.2724,0,0,2.5248,12885,377184,194007,202982,3648.63767543077,0.40375,"Guadeloupe"
"América del Norte","Guadeloupe",1992,0,0,NA,854.672781593177,0,11.481084565897,52.1604,0,66.66,21.9112,50.3927381766511,0.3806,77.3936507615048,66.9157099684112,396.389181287105,2005.79212907803,NA,4.1594,32.0387,6.5093,0,0,2.7797,11835,381630,195983,205464,3649.63657543077,0.466583333333333,"Guadeloupe"
"América del Norte","Guadeloupe",1993,0,0,NA,854.672781593177,0,11.481084565897,55.3323,0,66.66,21.9112,50.3927381766511,0.4027,77.3936507615048,66.9157099684112,396.389181287105,2005.79212907803,NA,4.3918,29.0996,6.6931,0,0,2.9319,10858,385571,197841,207890,3650.45987543077,0.5575,"Guadeloupe"
"América del Norte","Guadeloupe",1994,0,0,NA,854.672781593177,0,11.481084565897,56.7424,0,66.66,21.9112,50.3927381766511,0.4224,77.3936507615048,66.9157099684112,396.389181287105,2005.79212907803,NA,4.9081,28.5889,7.3738,0,0,3.0373,9959,389511,199618,210267,3652.68137543077,0.548166666666667,"Guadeloupe"
"América del Norte","Guadeloupe",1995,0,0,NA,764.892809623296,0,11.481084565897,57.81,0,66.66,21.9112,50.3927381766511,0.4446,77.3936507615048,66.9157099684112,396.389181287105,2005.79212907803,NA,3.7038,28.7622,6.0092,0,0,3.2657,9141,393796,201326,212609,3561.82400346089,0.702083333333333,"Guadeloupe"
"América del Norte","Guadeloupe",1996,0,0,NA,764.892809623296,0,11.481084565897,59.2293,0,66.66,21.9112,50.3927381766511,0.4249,77.3936507615048,66.9157099684112,396.389181287105,2005.79212907803,NA,3.2202,36.6885,5.9699,0,0,3.5205,8399,398578,202976,214925,3570.88180346089,0.289583333333333,"Guadeloupe"
"América del Norte","Guadeloupe",1997,0,0,NA,764.892809623296,0,11.481084565897,60.9998,0,66.66,20.4502,51.9336730033915,0.4559,77.3936507615048,66.9157099684112,396.389181287105,2005.79212907803,NA,2.8885,37.7125,5.6112,0,0,3.7754,7725,403719,204583,217231,3573.35173828763,0.645916666666667,"Guadeloupe"
"América del Norte","Guadeloupe",1998,0,0,NA,764.892809623296,0,11.5764944308326,82.3803,0,66.66,14.6073,67.9106051493666,0.4958,77.3936507615048,66.9157099684112,396.389181287105,2005.79212907803,NA,2.3588,37.5727,4.9733,0,0,7.9996,7105,408984,205623,219356,3607.91838029854,1.00933333333333,"Guadeloupe"
"América del Norte","Guadeloupe",1999,0,0,NA,764.892809623296,0,11.5764944308326,84.5174,0,66.66,14.6073,67.9106051493666,0.5155,77.3936507615048,69.3503025833597,396.389181287105,2005.79212907803,NA,3.1775,29.8653,5.4019,0,0,8.5397,6729,413853,204849,220905,3606.58977291349,0.458916666666667,"Guadeloupe"
"América del Norte","Guadeloupe",2000,0,0,NA,764.892809623296,0,11.5764944308326,82.8755,0,66.66,14.6073,67.9106051493666,0.5416,77.3936507615048,69.3503025833597,396.389181287105,2005.79212907803,NA,3.2233,30.5186,5.349,0,0,8.7072,6794,417852,202995,221071,3605.78767291349,0.284833333333333,"Guadeloupe"
"América del Norte","Guadeloupe",2001,0,0,NA,764.892809623296,0,11.6854146617992,88.842,0,53.328,14.6004,161.124920311788,0.5741,77.3936507615048,69.3503025833597,396.389181287105,2005.79212907803,NA,3.5419,31.0908,5.7219,0,0,9.9081,6852,421368,201131,220057,3694.23560830688,0.607,"Guadeloupe"
"América del Norte","Guadeloupe",2002,0,0,NA,764.892809623296,0,11.6854146617992,87.4742,0,53.328,14.829,161.124920311788,0.5883,77.3936507615048,69.3503025833597,396.389181287105,2005.79212907803,NA,3.8557,41.2582,6.7776,0,0,9.9538,6902,424457,198919,218701,3704.69320830688,0.673583333333333,"Guadeloupe"
"América del Norte","Guadeloupe",2003,0,0,NA,764.892809623296,0,11.6854146617992,87.3475,0,53.328,14.6662,161.124920311788,0.6134,77.3936507615048,69.3503025833597,396.389181287105,2005.79212907803,NA,3.8235,36.5681,6.3377,0,0,10.2162,6947,427244,196359,217085,3699.52900830688,0.80825,"Guadeloupe"
"América del Norte","Guadeloupe",2004,0,0,NA,764.892809623296,0,11.5764944308326,82.7412,0,53.328,17.3949,67.9106051493666,0.6346,77.3936507615048,74.516758413399,396.389181287105,2005.79212907803,NA,3.3506,34.7465,5.7266,0,0,10.1782,6990,429895,193486,215139,3606.57222874353,0.493416666666667,"Guadeloupe"
"América del Norte","Guadeloupe",2005,0,0,NA,764.892809623296,0,11.5764944308326,85.5009,0,53.328,17.5256,81.547010659913,0.6553,77.3936507615048,74.516758413399,396.389181287105,2005.79212907803,NA,2.9245,33.1613,5.2294,0,0,11.1739,7033,432519,190349,212885,3621.60693425408,0.826333333333333,"Guadeloupe"
"América del Norte","Guadeloupe",2006,0,0,NA,764.892809623296,0,11.6854146617992,87.1741,0,53.328,17.5312,161.124920311788,0.6676,77.3936507615048,74.516758413399,396.389181287105,2005.79212907803,NA,2.4471,33.9319,4.7821,0,0,11.5657,7076,435181,188709,212216,3703.22256413692,0.734416666666667,"Guadeloupe"
"América del Norte","Guadeloupe",2007,0,0,NA,764.892809623296,0,11.6854146617992,88.7129,0,53.328,17.5718,167.675713284142,0.6991,77.3936507615048,74.516758413399,396.389181287105,2005.79212907803,NA,2.0111,32.5314,4.1386,0,0,12.0907,7114,437796,188568,213046,3709.42925710927,0.888916666666667,"Guadeloupe"
"América del Norte","Guadeloupe",2008,0,0,NA,764.892809623296,0,11.6854146617992,93.2257,0,53.328,20.4423,175.745314109559,0.7006,77.3936507615048,74.516758413399,396.389181287105,2005.79212907803,NA,2.079,33.6778,4.2678,0,0,13.6987,7145,440200,188322,213773,3727.83515793469,0.3535,"Guadeloupe"
"América del Norte","Guadeloupe",2009,0,0,NA,764.892809623296,0,11.6854146617992,89.5267,0,53.328,19.9628,167.675713284142,0.703,77.3936507615048,74.516758413399,396.389181287105,2005.79212907803,NA,2.0767,32.6934,4.2052,0,0,13.52,7163,442170,188051,214626,3714.36145710927,0.623666666666667,"Guadeloupe"
"América del Norte","Guadeloupe",2010,0,0,NA,764.892809623296,0,11.6854146617992,93.2957,0,53.328,17.9977,175.745314109559,0.7533,77.3936507615048,74.516758413399,396.389181287105,2005.79212907803,NA,2.1835,32.5635,4.3288,0,0,14.3454,7168,443550,187690,215381,3725.21115793469,1.08958333333333,"Guadeloupe"
"América del Norte","Guadeloupe",2011,0,0,NA,764.892809623296,0,11.6854146617992,94.5798,-99.2493,0,17.111,175.745314109559,0.7346,77.3936507615048,74.516758413399,396.389181287105,2005.79212907803,NA,2.1969,32.4205,4.3388,0,0,14.5241,7158,444289,187258,215885,3573.07165793469,0.55425,"Guadeloupe"
"América del Norte","Guadeloupe",2012,0,0,NA,764.892809623296,0,11.6854146617992,96.4353,-99.2493,0,17.0161,175.745314109559,0.7419,77.3936507615048,74.516758413399,396.389181287105,2005.79212907803,NA,2.2355,32.1809,4.3759,0,0,15.128,7134,444468,186694,216291,3575.27955793469,0.69375,"Guadeloupe"
"América del Norte","Guadeloupe",2013,0,0,NA,764.892809623296,0,11.8144052817643,98.2908,-99.2493,0,16.9434,175.745314109559,0.7441,77.3936507615048,74.516758413399,396.389181287105,2005.79212907803,NA,2.2541,31.9944,4.3907,0,0,20.7645,7100,444238,185803,216544,3582.67694855465,0.766333333333333,"Guadeloupe"
"América del Norte","Guadeloupe",2014,0,0,NA,764.892809623296,0,11.9733154305705,100.1465,-99.2493,0,16.9981,491.220404689761,0.8504,77.3936507615048,74.516758413399,396.389181287105,2005.79212907803,NA,2.2529,31.8732,4.384,0,0,22.5166,7059,443825,184374,216474,3901.95064928366,0.733333333333333,"Guadeloupe"
"América del Norte","Guadeloupe",2015,0,0,NA,764.892809623296,0,11.9733154305705,102.002,-99.2493,0,16.9059,491.220404689761,0.9036,77.3936507615048,74.516758413399,396.389181287105,2005.79212907803,NA,2.21,32.3015,4.3702,0,0,23.5548,7013,443405,182817,216272,3905.17694928366,1.07025,"Guadeloupe"
"América del Norte","Guadeloupe",2016,0,0,NA,764.892809623296,0,12.7004006307136,103.8578,0,44.44,16.7996,537.984252039315,0.9567,77.3936507615048,77.5260677873783,396.389181287105,2005.79212907803,NA,1.9807,32.2164,4.1869,0,0,23.2097,6964,443011,181660,216195,4100.32629120734,1.07941666666667,"Guadeloupe"
"América del Norte","Guadeloupe",2017,0,0,NA,764.892809623296,0,12.7004006307136,105.7133,0,44.44,16.87,547.224578760694,0.9567,77.3936507615048,77.5260677873783,396.389181287105,2005.79212907803,NA,1.9032,31.8011,4.125,0,0,23.2097,6911,442657,180804,216218,4110.93781792872,0.9005,"Guadeloupe"
"América del Norte","Guadeloupe",2018,0,0,NA,764.892809623296,0,12.7004006307136,107.5688,0,44.44,16.3429,547.224578760694,0.9567,77.3936507615048,77.5260677873783,396.389181287105,2005.79212907803,NA,1.8448,31.7168,4.0699,0,0,23.2097,6855,442318,180041,216221,4112.06841792872,0.573,"Guadeloupe"
"América del Norte","Guadeloupe",2019,0,0,NA,764.892809623296,0,12.7004006307136,109.4245,0,44.44,16.1748,547.224578760694,0.9567,77.3936507615048,77.5260677873783,396.389181287105,2005.79212907803,NA,1.8153,31.6818,4.0347,0,0,23.2097,6796,442002,179296,216189,4113.65631792872,0.895,"Guadeloupe"
"América del Norte","Guadeloupe",2020,0,0,NA,1410.44550601779,0,13.0229335139037,111.28,0,44.44,16.0192,547.224578760694,0.9567,174.78416465374,80.6695752095627,512.472019145155,2005.79212907803,NA,NA,2148.25169285071,NA,0,0,23.2097,6733,441694,179167,216476,7088.56819922958,1.06383333333333,"Guadeloupe"
"América del Norte","Guatemala",1990,114.3092,499.0734,85.9693,11.1955,0,183,246.2217,-366.4613,16490.76,152.5912,39.0804,0.847,67.6313660738584,2459.4995,271.243673167076,1530.0839552241,767.2097,186.9879,858.1556,193.7332,0,484.7736,98.4167,5373790,3890023,4537203,4547577,24374.321594465,0.360333333333333,"Guatemala"
"América del Norte","Guatemala",1991,114.3092,499.0734,85.7354,12.9517,0,184,261.2286,-366.4613,16490.76,185.5199,46.3584,1.1616,67.6313660738584,2508.1775,271.243673167076,1612.80912583306,663.5251,189.2829,882.9619,199.8795,0,484.7736,110.6432,5469686,4013584,4656038,4673519,24505.564765074,0.636916666666667,"Guatemala"
"América del Norte","Guatemala",1992,114.3092,499.0734,92.4014,12.1834,0,232,280.9902,-366.4613,16490.76,291.9298,75.6789,3.6757,67.6313660738584,2551.2991,271.243673167076,1152.46885469586,647.2042,195.4703,953.5267,211.1911,0,484.7736,111.1866,5567354,4141190,4775550,4801081,24372.5361939368,0.460333333333333,"Guatemala"
"América del Norte","Guatemala",1993,114.3092,499.0734,88.0215,13.6651,0,274,306.1576,-366.4613,16490.76,358.4159,83.3791,4.1677,67.6313660738584,2587.3945,271.243673167076,1430.53150704427,542.9362,203.8594,1017.1771,222.1685,0,484.7736,118.2035,5666327,4272365,4899146,4932721,24811.4075462852,0.290833333333333,"Guatemala"
"América del Norte","Guatemala",1994,114.3092,499.0734,78.881,10.1348,0,276,302.9519,-366.4613,16490.76,377.8694,97.1526,4.5626,67.6313660738584,2623.2746,271.243673167076,2080.52780485821,577.8851,213.8902,977.7818,224.3454,0,484.7736,108.1963,5765621,4406676,5027450,5067471,25514.7834440991,0.665,"Guatemala"
"América del Norte","Guatemala",1995,114.3092,499.0734,71.2314,8.6005,0,284,367.4921,-366.4613,16490.76,388.9157,115.2049,4.8046,67.6313660738584,2678.4839,271.243673167076,2080.52780485821,558.9761,230.1307,980.9609,234.2985,0,484.7736,132.2696,5864753,4543736,5159066,5204024,25697.2266440991,0.585333333333333,"Guatemala"
"América del Norte","Guatemala",1996,43.7315,975.3369,71.1928,9.2583,0,308,354.619,-366.4613,16490.76,395.6941,128.739,4.9089,67.6313660738584,2715.2902,271.243673167076,2080.52780485821,655.6345,239.0687,982.1108,239.9248,0,966.5733,121.7399,5963314,4683360,5291157,5341136,26755.5242440991,0.0649166666666667,"Guatemala"
"América del Norte","Guatemala",1997,34.9056,680.2645,64.3726,9.2747,0,317,398.2068,-366.4613,16490.76,309.2855,152.5221,5.0081,67.6313660738584,2753.4975,304.512023624311,2080.52780485821,669.1676,240.8409,996.8431,242.4695,0,669.9916,135.8032,6061866,4825768,5425167,5480215,26256.4231945564,0.701583333333333,"Guatemala"
"América del Norte","Guatemala",1998,89.8943,2724.0032,73.087,10.6561,0,328,413.9286,-366.4613,16490.76,383.3678,65.5879,7.8303,67.6313660738584,2795.0427,304.512023624311,2080.52780485821,781.1264,241.2201,998.3121,251.2645,0,2617.2165,146.9405,6161413,4972088,5561946,5622087,30504.4478945564,0.87075,"Guatemala"
"América del Norte","Guatemala",1999,32.1516,751.4976,70.8244,11.5248,0,421,431.9985,-366.4613,16490.76,434.37,77.5811,6.7722,67.6313660738584,2813.0117,409.74220797369,2080.52780485821,908.3047,234.6044,1065.921,258.2475,0,732.2565,158.9608,6263565,5123638,5699150,5764354,27091.2268789058,0.534166666666667,"Guatemala"
"América del Norte","Guatemala",2000,75.9526,1767.5909,72.1002,11.5248,0,341,459.5983,-366.4613,16490.76,471.8025,111.151,7.5228,67.6313660738584,2840.2766,304.512023624311,2080.52780485821,1085.0062,240.0378,1061.2985,263.7688,0,1751.5534,166.3958,6369284,5281459,5832845,5903049,29303.5500945564,0.312833333333333,"Guatemala"
"América del Norte","Guatemala",2001,38.4856,23.2186,82.462,11.7992,0,322,496.6998,-2105.1794,15822.109,358.5333,128.3218,8.0585,67.6313660738584,2900.8613,351.35944106515,1986.6365707047,1130.397,285.6094,1107.9171,307.4418,0,21.5362,174.5393,6479081,5445865,5967033,6042162,23520.4378778437,0.385,"Guatemala"
"América del Norte","Guatemala",2002,157.6499,133.8886,83.2208,12.5675,0,731,532.8236,-2105.1794,15822.109,398.7504,162.5248,9.4673,153.269975828509,2944.7496,482.356417040635,1986.6365707047,1301.5619,341.0382,1116.1315,360.2261,0,129.359,196.0558,6592165,5616683,6104889,6184967,24950.2075635738,0.557166666666667,"Guatemala"
"América del Norte","Guatemala",2003,336.8937,1930.1899,84.807,11.368,0,283,530.5155,-2105.1794,15822.109,492.848,185.5691,12.0992,67.6313660738584,2919.5618,372.656894473013,1612.80912583306,1299.614,384.6751,1010.2507,395.4945,0,1902.6241,199.9439,6710484,5789994,6242622,6327882,27749.4814863799,0.899333333333333,"Guatemala"
"América del Norte","Guatemala",2004,45.3171,34.5725,85.8877,6.5754,0,358,584.1377,-2105.1794,15822.109,508.0763,219.2987,13.0005,124.105574481454,2952.8932,509.433253793896,1430.53150704427,1440.2422,390.1988,1065.4666,403.6105,0,32.3724,196.3957,6831542,5965383,6380836,6471601,24117.0452353196,0.6965,"Guatemala"
"América del Norte","Guatemala",2005,297.1971,1037.2466,89.3669,7.1234,0,399,632.3037,-2105.1794,15822.109,459.5484,242.4948,12.403,162.798509299567,2964.9115,582.144030330999,1430.53150704427,1604.5032,425.7946,1100.9231,446.1821,0,1027.1522,218.0399,6952320,6143708,6518215,6614600,26856.5941466748,0.85475,"Guatemala"
"América del Norte","Guatemala",2006,76.7898,134.2699,94.012,7.1234,0,303,650.2815,-2105.1794,15822.109,507.4757,248.3915,12.6027,68.4121521103138,2985.7808,420.266060397026,1152.46885469586,1671.555,401.8236,1140.6013,411.8777,0,125.5988,221.3299,7072229,6324779,6655122,6757284,24350.5902672032,0.6215,"Guatemala"
"América del Norte","Guatemala",2007,275.9833,359.748,100.6089,6.0274,0,690,635.2251,-2105.1794,15822.109,531.2741,263.3175,13.1099,326.645790057626,3026.0833,756.904237489625,1059.57185148183,1785.4095,399.1644,1201.5883,412.6541,0,348.6178,207.7259,7191525,6508761,6794272,6902334,26116.5889790291,0.530916666666667,"Guatemala"
"América del Norte","Guatemala",2008,88.1316,158.599,109.3279,6.1372,0,490,578.7118,-2105.1794,15822.109,518.1936,262.5524,12.1485,315.378922924389,3037.987,756.904237489625,1059.57185148183,1858.2918,402.4222,1271.2339,418.24,0,151.8692,174.1574,7310395,6695971,6932767,7046684,25386.7881118958,0.204833333333333,"Guatemala"
"América del Norte","Guatemala",2009,171.257,499.0021,105.7859,7.7804,0,385,655.134,-2105.1794,15822.109,543.4195,286.9966,14.4584,162.017723263112,3077.0683,586.464390444246,1059.57185148183,1504.2025,408.2386,1343.5978,425.8533,0,486.1897,198.6615,7429485,6886723,7069856,7189555,25637.6291651892,0.750916666666667,"Guatemala"
"América del Norte","Guatemala",2010,122.6856,133.7668,107.1114,8.2187,0,373,664.7258,-2105.1794,15822.109,485.408,251.8925,11.0365,131.95061552266,3112.6679,544.505367635639,1059.57185148183,2091.1416,413.0347,1400.7604,432.2317,0,127.5545,206.1128,7548904,7081513,7208916,7334206,25394.3063346401,0.51,"Guatemala"
"América del Norte","Guatemala",2011,101.1714,97.5771,108.8948,8.3284,0,372,647.6123,-1134.3388,8846.9404,500.0661,249.1707,10.8115,131.95061552266,3131.2088,537.418050156487,1059.57185148183,2129.3233,414.4109,1393.1594,432.6723,0,94.3417,194.5956,7668633,7280286,7351421,7482033,19326.886417161,0.544166666666667,"Guatemala"
"América del Norte","Guatemala",2012,91.4305,74.5193,111.5129,8.4382,0,484,655.216,-1134.3388,8846.9404,565.9354,254.3842,12.4586,315.378922924389,3184.6563,749.816920010472,1059.57185148183,2181.5166,422.9472,1415.59,437.1417,0,69.4718,204.3583,7788239,7482817,7496331,7631975,20010.9462944167,0.556416666666667,"Guatemala"
"América del Norte","Guatemala",2013,149.1949,240.5743,115.1954,8.6028,0,466,713.4669,-1134.3388,8846.9404,631.8147,271.7096,13.8818,315.378922924389,3212.2419,749.816920010472,974.678228750821,2289.5405,429.9279,1427.4766,441.9235,0,228.2794,222.9659,7905605,7690609,7641133,7781528,20615.2717716857,0.607,"Guatemala"
"América del Norte","Guatemala",2014,61.4028,21.4491,116.7942,8.7667,0,259,769.8289,-1134.3388,8846.9404,652.5861,285.379,14.2143,68.4121521103138,3233.2138,442.706261741129,974.678228750821,2567.8466,441.8121,1491.2396,455.6713,0,20.2843,238.505,8019984,7903575,7784492,7929248,19836.3920426023,0.632333333333333,"Guatemala"
"América del Norte","Guatemala",2015,101.757,178.1611,118.6673,8.7667,0,251,829.5322,-1134.3388,8846.9404,802.2971,340.9798,19.2302,72.0686398828499,3181.3299,448.087681258271,974.678228750821,2695.8705,430.9972,1534.8917,459.5509,0,161.7251,257.7345,8130972,8121457,7926192,8074915,20579.9273498919,1.30216666666667,"Guatemala"
"América del Norte","Guatemala",2016,162.2655,250.0632,120.8126,8.8764,0,287,892.6785,-1134.3388,4404.3014,823.7125,392.6319,20.3087,72.0686398828499,3208.5938,448.087681258271,974.678228750821,2643.8941,437.5816,1571.7424,463.0829,0,240.0979,273.197,8238270,8344199,8069288,8221716,16561.3361498919,1.36116666666667,"Guatemala"
"América del Norte","Guatemala",2017,106.6133,206.8542,123.6818,8.3888,0,253,976.9001,-1134.3388,4404.3014,945.8811,351.6913,15.6229,72.0686398828499,3221.1735,452.127111817155,526.737041952538,2732.2004,441.0018,1603.8277,466.5609,0,181.8761,281.4378,8341671,8571832,8211428,8367294,16237.6070936525,0.991083333333333,"Guatemala"
"América del Norte","Guatemala",2018,51.3664,29.722,125.2663,8.5848,0,285,1016.1423,-1134.3388,4404.3014,1063.4542,432.0566,19.063,72.0686398828499,3233.8831,452.127111817155,526.737041952538,2840.2243,451.5938,1629.1742,475.1631,0,25.8396,289.3893,8440970,8804376,8345651,8504524,16296.8183936525,0.878916666666667,"Guatemala"
"América del Norte","Guatemala",2019,93.0444,147.2298,120.5074,11.0591,0,295,1116.61,-1134.3388,4404.3014,1137.1858,470.6946,21.4418,72.0686398828499,3245.1811,460.036327624592,974.678228750821,2908.5304,451.1299,1664.2424,477.8006,0,135.1938,313.5367,8535983,9041859,8472585,8633753,17385.1335962583,1.45683333333333,"Guatemala"
"América del Norte","Guatemala",2020,108.753,347.5193,121.9259,8.4672,0,295,1037.0191,-1134.3388,4404.3014,1156.6188,496.0953,20.8806,75.9207268221208,3255.2178,460.036327624592,803.172277466828,2976.554,455.0126,1693.7756,481.9996,0,325.0005,289.6458,8626519,9284293,8598279,8764440,17678.5770319135,1.70116666666667,"Guatemala"
"América del Sur","Guyana",1990,31.6367,34.7888,11.3112,382.4325,1427.401,17,27.9223,0,4015.6997,29.0329,31.8129,11.5238,67.6313660738584,158.6177,209.587728357542,4276.24018615978,3.8709,9.3145,80.9953,11.7156,0,33.5891,216.6847,523416,219893,369694,377423,11088.8088805912,0.62225,"Guyana"
"América del Sur","Guyana",1991,31.6367,34.7888,17.4209,559.9779,1427.401,20,25.4769,0,4015.6997,33.163,34.7216,7.2221,67.6313660738584,159.8499,209.587728357542,4276.24018615978,4.421,8.6554,91.749,11.9365,0,33.5891,207.7809,524773,219516,368058,376038,11278.9496805912,0.145416666666667,"Guyana"
"América del Sur","Guyana",1992,31.6367,34.7888,19.4155,606.7662,1427.401,20,24.6059,0,4015.6997,33.0378,34.4078,5.986,67.6313660738584,163.2517,209.587728357542,4374.35457323536,4.5362,10.2284,97.9753,13.25,0,33.5891,173.0674,528154,219980,368670,376329,11401.2171676668,0.0771818181818182,"Guyana"
"América del Sur","Guyana",1993,31.6367,34.7888,23.3537,754.8995,2066.4933,20,24.6542,0,4015.6997,33.4969,22.0026,7.2597,67.6313660738584,163.6532,209.587728357542,5093.86164102386,4.9989,12.6002,95.268,15.7049,0,33.5891,175.4368,532603,220881,370139,377050,12906.6169354553,0.357833333333333,"Guyana"
"América del Sur","Guyana",1994,31.6367,34.7888,25.0142,755.0633,2065.2671,12,43.39,0,4015.6997,26.5661,19.8457,146.676,67.6313660738584,164.5849,232.611115011456,4376.63183552365,4.8942,12.166,95.3131,14.9183,0,33.5891,399.3028,536712,221630,371689,377857,12577.590316609,0.440666666666667,"Guyana"
"América del Sur","Guyana",1995,31.6367,34.7888,33.9156,989.8243,2397.0367,13,45.2269,0,4015.6997,24.788,9.8332,158.7257,67.6313660738584,176.2995,232.611115011456,5091.23984140102,4.2242,13.8055,93.6741,16.019,0,33.5891,456.7666,539477,221814,373128,378561,13940.3359224863,1.04241666666667,"Guyana"
"América del Sur","Guyana",1996,4.2275,49.5369,34.8364,1008.3251,2602.6177,11,50.885,0,4015.6997,26.3105,10.6969,167.821,67.6313660738584,178.5627,232.611115011456,5091.23984140102,4.4368,18.3186,90.9758,17.5061,0,48.7992,530.9876,540558,221303,374420,379151,14263.0258224863,0.570416666666667,"Guyana"
"América del Sur","Guyana",1997,6.1073,67.3804,36.7091,1063.0158,2660.0263,5,55.1409,0,4015.6997,27.4519,12.1769,191.6157,67.6313660738584,292.2462,232.611115011456,5091.23984140102,4.3642,19.9163,88.1723,18.2931,0,66.4583,590.6646,540273,220237,375563,379647,14611.9213224863,0.898833333333333,"Guyana"
"América del Sur","Guyana",1998,11.7379,284.8034,33.4285,963.8978,2671.3048,3,54.0499,0,4015.6997,27.4252,13.1972,206.8525,67.6313660738584,177.2153,232.611115011456,5088.31821840102,4.7615,19.4366,85.2094,17.6789,0,284.0464,542.6332,539127,218825,376625,380072,14804.9388994863,1.30433333333333,"Guyana"
"América del Sur","Guyana",1999,3.3668,24.4625,36.705,1094.9454,2796.3442,1,61.9712,0,4015.6997,30.8316,14.089,165.014,67.6313660738584,182.2786,232.611115011456,5088.31821840102,5.2815,20.314,82.9801,18.3118,0,24.017,663.9582,537892,217386,377625,380389,14630.1312994863,0.44175,"Guyana"
"América del Sur","Guyana",2000,2.0646,22.0248,29.2453,864.1319,2807.8733,8,58.3231,0,4015.6997,25.0333,15.28,96.3015,67.6313660738584,178.6995,232.611115011456,5091.23984140102,4.3489,19.9845,79.2752,17.9619,0,21.7583,603.7805,537149,216152,378495,380557,14261.2686224863,0.552166666666667,"Guyana"
"América del Sur","Guyana",2001,10.2983,20.2491,31.8334,927.3877,2829.3257,8,60.2843,0,4701.7459,27.0735,19.7786,89.1733,67.6313660738584,179.4001,214.003351130085,5091.23984140102,4.5789,19.773,77.3669,17.7708,0,19.9905,618.3966,537070,215193,379218,380591,15035.301158605,0.926083333333333,"Guyana"
"América del Sur","Guyana",2002,26.9739,14.786,28.1277,802.1496,2837.203,9,57.7977,0,4701.7459,28.6819,24.3575,87.1912,67.6313660738584,183.2651,214.003351130085,5091.23984140102,4.5589,23.6918,78.9166,20.8729,0,13.8808,589.4271,537460,214424,379813,380510,14905.502158605,1.04208333333333,"Guyana"
"América del Sur","Guyana",2003,90.1068,92.6657,34.3875,962.2816,2833.1134,1,57.5838,0,4701.7459,47.4297,32.756,139.0928,67.6313660738584,175.8245,232.611115011456,5088.31821840102,4.7589,31.3534,88.0503,27.2241,0,89.95,571.3624,539030,212827,379988,380574,15369.2474994863,0.97575,"Guyana"
"América del Sur","Guyana",2004,45.0739,10.1137,31.3665,861.7336,3194.8048,12,59.7457,0,4701.7459,51.0176,37.6776,128.601,67.6313660738584,177.3717,232.611115011456,5091.23984140102,4.6789,32.1786,89.062,27.8492,0,9.8551,608.9133,540711,210941,379674,380750,15475.2714224863,0.961666666666667,"Guyana"
"América del Sur","Guyana",2005,34.3929,13.8301,27.2246,794.7016,3190.1458,2,56.9921,0,4701.7459,48.4393,43.3973,13.1379,67.6313660738584,173.3932,209.587728357542,5088.31821840102,4.9663,30.8395,87.397,26.7732,0,11.2438,569.8895,542015,208931,379057,380652,15196.0473128324,1.25825,"Guyana"
"América del Sur","Guyana",2006,25.1258,4.2747,28.7883,760.4408,3184.2209,15,52.7318,0,4701.7459,50.2483,43.6534,18.3556,67.6313660738584,175.7908,209.587728357542,5091.23984140102,4.6463,28.3519,84.3364,24.8259,0,3.8868,495.0956,542846,206755,378137,380230,15069.9781358324,1.01508333333333,"Guyana"
"América del Sur","Guyana",2007,30.4506,8.5682,28.8376,788.7432,3179.8775,12,58.5705,0,4701.7459,53.0516,48.3208,21.6898,0.1688,178.3541,150.573933424763,5073.53481956768,4.8936,33.4827,91.2542,28.9678,0,8.051,567.509,543379,204490,376976,379546,15068.6456529924,0.98225,"Guyana"
"América del Sur","Guyana",2008,16.7286,3.9019,31.9207,892.2704,3177.9023,11,58.5088,0,4701.7459,56.5777,49.597,21.8252,0.3196,177.8547,150.573933424763,5073.53481956768,4.7636,31.2238,87.967,27.0199,0,2.2208,523.9424,544026,202288,375558,378592,15101.3990529924,0.588416666666667,"Guyana"
"América del Sur","Guyana",2009,34.0286,10.2248,34.2981,929.5104,3176.4333,14,63.0768,0,4701.7459,65.0996,51.0901,23.9299,0.559,179.9783,150.573933424763,5073.53481956768,5.3236,35.4864,93.5085,30.44,0,9.5782,530.2798,545333,200360,373882,377375,15212.7000529924,1.19391666666667,"Guyana"
"América del Sur","Guyana",2010,38.7646,56.1083,35.0095,978.6672,3168.402,11,67.0273,0,4701.7459,69.0058,51.0937,23.3727,0.7153,181.1351,150.573933424763,5073.53481956768,5.3336,33.015,91.3597,28.3673,0,54.5565,490.4277,547720,198836,371984,375947,15309.2159529924,1.098,"Guyana"
"América del Sur","Guyana",2011,25.6563,5.0695,38.3741,1045.6992,3162.2426,18,71.1021,0,12376.3589,63.7568,60.2958,24.6486,0.8305,183.7589,150.573933424763,5073.53481956768,5.1662,36.3503,90.6956,29.5415,0,4.1643,552.2078,551338,197762,369890,374340,23018.0277529924,0.973916666666667,"Guyana"
"América del Sur","Guyana",2012,36.9458,8.2526,39.8393,1068.0432,3147.8593,20,72.7908,0,12376.3589,65.138,63.1508,23.2321,1.0662,185.7973,150.573933424763,5073.53481956768,5.1789,41.5629,97.3303,33.7406,0,7.2181,493.0759,554275,198816,369501,374465,23010.6897529924,0.924583333333333,"Guyana"
"América del Sur","Guyana",2013,33.7324,7.9029,48.8226,1227.4304,3146.6085,18,69.8483,0,12376.3589,70.9187,72.8078,36.3872,1.3148,187.7578,150.573933424763,5073.53481956768,5.2815,40.593,95.7714,33.2041,0,7.7735,417.8368,557948,200133,370411,377010,23122.4593529924,0.908083333333333,"Guyana"
"América del Sur","Guyana",2014,36.8988,10.1047,43.3747,1380.7773,3141.2982,17,76.3618,0,12376.3589,74.3786,67.8983,30.9659,1.715,189.2311,147.904243515351,5073.53481956768,6.0968,39.9572,94.6255,32.5621,0,9.7168,468.1967,561752,201641,370931,380184,23318.957463083,1.09383333333333,"Guyana"
"América del Sur","Guyana",2015,75.2296,38.1382,45.9973,1422.568,3132.0748,17,75.3224,0,12376.3589,71.7175,79.6523,38.1994,2.1194,182.1464,143.019747957077,5061.70738543197,44.7122,40.5221,95.4572,32.8948,0,33.8708,453.1371,565310,203204,371621,383410,23461.845533389,1.3055,"Guyana"
"América del Sur","Guyana",2016,38.6075,51.4273,35.9686,1119.0099,3132.9479,17,84.5243,0,9744.3975,78.4267,89.1563,41.1792,2.4533,182.9404,147.904243515351,5061.70738543197,163.6148,41.8592,96.2974,33.84,0,48.5823,562.8723,568513,204790,372409,386678,20774.7165289473,1.57533333333333,"Guyana"
"América del Sur","Guyana",2017,45.7486,3.5425,41.8923,1282.9552,3132.0763,17,78.7999,0,9744.3975,80.1755,98.2583,42.0903,2.017,184.5179,143.019747957077,5061.70738543197,162.6174,44.3378,97.8907,35.7339,0,2.6373,550.1904,571434,206425,373282,389970,20851.605933389,1.11541666666667,"Guyana"
"América del Sur","Guyana",2018,28.5863,9.9085,54.6052,1245.0151,3133.0904,17,86.6426,0,9744.3975,79.153,109.3999,44.7097,1.4792,186.6538,147.904243515351,5061.70738543197,166.6227,45.1729,97.5909,36.3106,0,8.7446,582.3105,574102,208123,386040,399474,20887.0050289473,1.08483333333333,"Guyana"
"América del Sur","Guyana",2019,46.2214,52.3871,44.5004,1324.3363,3107.2188,18,98.6692,0,9744.3975,89.2109,118.7382,31.2725,2.017,187.6207,143.019747957077,5061.70738543197,167.6174,46.1644,97.4158,36.9652,0,51.2232,665.5506,576594,209914,392821,405932,21134.253733389,1.26225,"Guyana"
"América del Sur","Guyana",2020,62.4857,31.3204,45.4717,1383.1085,3107.5865,22,96.9583,0,9744.3975,95.4405,126.4579,27.1689,2.017,188.5954,143.019747957077,5061.70738543197,167.6201,47.1594,97.1339,37.6099,0,28.7341,627.2807,578961,211821,389899,407303,21143.273533389,1.35958333333333,"Guyana"
"América del Norte","Haiti",1990,0.478,0.0642,33.5852,192.864,0,0,47.7789,-138.1928,207.8648,26.1907,519.6231,19.7092065306964,67.6313660738584,2486.2875,209.587728357542,356.491016867166,106.0207,70.2244,634.0781,102.0571,0,0.0493,14.2283,5075587,2024145,3424381,3500949,4956.62081782926,0.674083333333333,"Haiti"
"América del Norte","Haiti",1991,0.478,0.0642,37.2162,188.16,0,0,44.5934,-138.1928,207.8648,23.4476,531.7019,17.0046627850269,67.6313660738584,2509.8235,209.587728357542,356.491016867166,128.0211,76.244,671.1961,108.959,0,0.0493,14.2283,5096341,2147050,3495927,3570128,5054.56937408359,0.748666666666667,"Haiti"
"América del Norte","Haiti",1992,0.478,0.0642,40.746,182.2957,0,0,45.6702,-138.1928,207.8648,16.5055,541.0701,17.0046627850269,67.6313660738584,2504.9645,209.587728357542,356.491016867166,108.0215,81.6705,770.1041,120.8559,0,0.0493,14.9768,5111787,2275188,3566758,3639023,5147.85907408359,0.651666666666667,"Haiti"
"América del Norte","Haiti",1993,0.478,0.0642,37.8763,172.48,0,0,42.4894,-138.1928,207.8648,13.8394,308.1883,17.0046627850269,67.6313660738584,2500.6983,209.587728357542,356.491016867166,64.0219,76.7255,737.8857,115.0847,0,0.0493,15.1418,5166804,2363901,3637876,3708064,4805.40957408359,0.469833333333333,"Haiti"
"América del Norte","Haiti",1994,0.478,0.0642,37.4018,166.208,0,0,12.7411,-138.1928,207.8648,10.1077,327.1818,17.0046627850269,67.6313660738584,2509.0873,209.587728357542,356.491016867166,20.7224,76.4714,737.0306,116.9918,0,0.0493,3.5099,5219918,2454993,3709066,3777025,4738.43207408359,1.20941666666667,"Haiti"
"América del Norte","Haiti",1995,0.478,0.0642,35.2592,156.8,0,0,56.2891,-138.1928,207.8648,21.2283,406.3924,17.0046627850269,67.6313660738584,2526.0788,209.587728357542,356.491016867166,21.2228,76.0031,745.1166,119.738,0,0.0493,17.7382,5271308,2548498,3780740,3846577,4902.84477408359,1.14341666666667,"Haiti"
"América del Norte","Haiti",1996,0.4312,0.2247,36.1311,151.1552,0,0,63.0021,-138.1928,207.8648,19.3161,467.6441,17.0046627850269,67.6313660738584,2539.9509,209.587728357542,356.491016867166,21.5232,82.6167,756.9799,129.7128,0,0.2247,19.8925,5320989,2644564,3853209,3917385,5009.19197408359,0.609666666666667,"Haiti"
"América del Norte","Haiti",1997,0.3842,0.1555,42.6346,219.52,0,0,64.7503,-138.1928,207.8648,19.2844,555.8722,17.0046627850269,67.6313660738584,2556.1975,209.587728357542,356.491016867166,21.9236,95.8606,783.4812,143.5303,0,0.1555,24.3131,5370790,2741161,3926240,3988932,5248.44977408359,1.22766666666667,"Haiti"
"América del Norte","Haiti",1998,0.2915,0.1748,35.5573,160.4723,0,0,71.4768,-138.1928,207.8648,24.6722,375.3103,17.2759045524238,67.6313660738584,2574.64,209.587728357542,356.491016867166,21.8241,114.6612,810.631,166.8077,0,0.1748,27.0774,5418456,2840027,3999769,4061127,5104.42941585099,1.26441666666667,"Haiti"
"América del Norte","Haiti",1999,0.4825,0.1437,40.1387,188.16,0,0,73.9816,-138.1928,207.8648,39.1307,540.2406,20.3070255008299,67.6313660738584,2590.4712,209.587728357542,356.491016867166,22.2245,114.6616,810.6673,166.807,0,0.1437,29.8123,5463550,2940848,4074254,4134687,5340.7545367994,1.042,"Haiti"
"América del Norte","Haiti",2000,0.4773,0.4429,37.472,163.072,0,0,79.2798,-138.1928,207.8648,70.5208,762.6227,24.2851173111753,67.6313660738584,2626.4167,209.587728357542,356.491016867166,22.5249,131.1467,897.0691,193.6707,0,0.4429,30.7258,5505685,3043515,4150198,4210027,5743.55152860974,0.89075,"Haiti"
"América del Norte","Haiti",2001,0.2474,0,33.9784,160.5632,0,0,87.1007,-137.8356,207.2246,26.5207,887.7942,19.7092065306964,67.6313660738584,2640.3838,220.213856648185,363.146065794665,109.0253,131.8771,900.8476,194.1091,0,0,33.7908,5454493,3238074,4226169,4285558,5946.3277950474,0.813833333333333,"Haiti"
"América del Norte","Haiti",2002,0.5257,0,33.5308,167.776,0,0,91.7006,-137.8356,207.2246,44.0009,1016.7799,23.3109265967239,67.6313660738584,2651.4556,220.213856648185,363.146065794665,145.0258,132.4866,904.8785,194.6021,0,0,36.2486,5394951,3439782,4301197,4360349,6162.70231511343,0.966666666666667,"Haiti"
"América del Norte","Haiti",2003,0.0668,0,34.1392,170.2848,0,0,88.8579,-137.8356,207.2246,49.2076,1152.3336,23.9483335615977,67.6313660738584,2651.7167,220.213856648185,363.146065794665,144.0262,133.94,907.074,195.1913,0,0,38.9864,5328009,3648543,4376534,4435711,6310.15312207831,1.18116666666667,"Haiti"
"América del Norte","Haiti",2004,0.7651,0,34.7051,160.5632,0,0,86.3978,-137.8356,207.2246,12.868,1300.4265,17.0046627850269,67.6313660738584,2666.5904,220.213856648185,363.146065794665,148.0265,133.9377,900.009,194.0587,0,0,38.6828,5318404,3800774,4451252,4510238,6414.41575130174,0.915666666666667,"Haiti"
"América del Norte","Haiti",2005,0.6181,0,35.499,162.4448,0,0,87.1318,-137.8356,207.2246,13.1602,1493.6471,17.0046627850269,67.6313660738584,2684.582,220.213856648185,363.146065794665,147.027,134.0862,903.9202,194.5505,0,0,40.6721,5313686,3949718,4526364,4585537,6634.72395130173,0.997166666666667,"Haiti"
"América del Norte","Haiti",2006,0.2564,0.3884,36.108,166.208,0,0,87.1497,-137.8356,207.2246,14.7045,1555.831,17.0046627850269,67.6313660738584,2698.3191,220.213856648185,363.146065794665,142.0276,133.9461,898.8638,194.1435,0,0,41.5828,5306584,4102873,4603020,4663269,6706.91385130174,1.03266666666667,"Haiti"
"América del Norte","Haiti",2007,0.8078,0.139,46.1176,181.2608,0,0,105.9633,-137.8356,207.2246,19.8793,1590.9538,17.0046627850269,67.6313660738584,2721.8429,220.213856648185,363.146065794665,141.0278,135.7412,897.5643,194.2889,0,0.139,52.9111,5296958,4259931,4679659,4741167,6826.02175130174,1.04933333333333,"Haiti"
"América del Norte","Haiti",2008,0.5657,0,38.5751,166.208,0,0,102.8003,-137.8356,207.2246,23.3778,1638.4495,17.0046627850269,67.6313660738584,2739.6938,220.213856648185,363.146065794665,144.0284,136.0928,900.5534,194.6983,0,0,52.9111,5284322,4420707,4756176,4819071,6875.33915130174,0.627416666666667,"Haiti"
"América del Norte","Haiti",2009,0.3931,0,47.3779,180.32,0,0,105.2114,-137.8356,207.2246,27.7184,1680.6245,19.9805175987538,67.6313660738584,2758.7019,220.213856648185,363.146065794665,144.0286,136.1124,900.5406,194.7,0,0,49.8433,5268561,4584309,4833100,4897538,6965.93290611546,0.8725,"Haiti"
"América del Norte","Haiti",2010,0.3345,0,55.1153,190.3615,0,0,120.4614,-137.8356,207.2246,20.1725,1661.8839,17.0046627850269,67.6313660738584,2774.8705,220.213856648185,363.146065794665,143.0291,136.132,900.5278,194.7018,0,0,58.2718,5248935,4750682,4890743,4952137,6993.24705130174,0.987333333333333,"Haiti"
"América del Norte","Haiti",2011,0.4162,0,53.5278,188.7621,0,0,123.273,-134.3137,785.7049,29.3875,1697.5089,19.9805175987538,67.6313660738584,2787.7687,220.213856648185,363.146065794665,44.9297,141.1369,899.1527,195.3109,0,0,58.1039,5225560,4919494,4947739,5006574,7541.64130611546,0.641583333333333,"Haiti"
"América del Norte","Haiti",2012,0.631,0,42.4437,188.2384,0,0,107.8625,-134.3137,785.7049,38.8636,1782.6526,20.3070255008299,67.6313660738584,2801.0472,220.213856648185,363.146065794665,54.5299,141.3283,904.735,195.7166,0,0,38.3764,5198418,5090792,5023564,5084975,7619.11471401754,0.800083333333333,"Haiti"
"América del Norte","Haiti",2013,0.3774,0,54.2816,184.4219,0,0,100.0505,-134.3137,785.7049,69.3964,1850.1887,24.2851173111753,67.6313660738584,2815.7601,220.213856648185,363.146065794665,64.4305,141.3283,904.7704,195.7187,0,0,41.7478,5167888,5263888,5098458,5162748,7749.13990582789,1.20633333333333,"Haiti"
"América del Norte","Haiti",2014,0.1041,0,53.7638,168.4471,0,0,130.5331,-134.3137,785.7049,45.7198,2014.5757,23.3109265967239,67.6313660738584,2822.1785,220.213856648185,363.146065794665,103.0307,137.2335,922.8372,196.5225,0,0,59.9546,5133539,5438927,5172525,5240216,7980.59401511343,1.21733333333333,"Haiti"
"América del Norte","Haiti",2015,0.4637,0,48.5016,162.4699,0,0,157.0737,-134.3137,785.7049,56.7787,2188.4842,24.2851173111753,67.6313660738584,2831.8164,220.213856648185,363.146065794665,103.0313,137.971,939.7267,197.9752,0,0,62.2503,5095543,5615518,5246167,5317590,8213.21030582788,1.4565,"Haiti"
"América del Norte","Haiti",2016,0.187,0,46.6857,176.0174,0,0,159.1959,10.1875,624.4465,57.8563,2463.9279,24.2851173111753,67.6313660738584,2837.2833,220.213856648185,363.146065794665,103.0315,139.1323,970.2289,200.1731,0,0,62.9959,5055343,5791991,5319125,5394724,8526.62560582789,1.16066666666667,"Haiti"
"América del Norte","Haiti",2017,0.1922,0,47.9635,198.3959,0,0,161.2258,10.1875,624.4465,57.3702,2794.184,24.2851173111753,67.6313660738584,2847.0598,220.213856648185,363.146065794665,103.0321,139.6111,940.7003,198.8093,0,0,63.828,5013421,5967808,5391671,5471873,8862.28260582789,1.02933333333333,"Haiti"
"América del Norte","Haiti",2018,1.1021,0,49.904,177.8457,0,0,163.6183,10.1875,624.4465,53.0238,3124.2981,24.2851173111753,67.6313660738584,2858.5777,220.213856648185,363.146065794665,103.0323,138.338,891.8268,195.6869,0,0,64.7948,4969937,6143008,5463738,5548683,9131.95890582788,1.28125,"Haiti"
"América del Norte","Haiti",2019,0.4774,0,36.7031,185.532,0,0,164.34,10.1875,624.4465,53.9,3446.715,24.2851173111753,67.6313660738584,2860.3433,220.213856648185,363.146065794665,104.0329,138.8624,915.29,197.2299,0,0,65.7452,4925256,6317600,5535128,5625310,9479.08160582788,1.547,"Haiti"
"América del Norte","Haiti",2020,1.2522,0,36.6825,177.8739,0,0,158.917,10.1875,624.4465,52.0842,3783.5973,24.2851173111753,67.6313660738584,2863.5448,220.213856648185,363.146065794665,104.0334,139.285,927.4986,198.1053,0,0,65.7452,4879660,6491525,5605395,5701407,9818.52980582788,1.44216666666667,"Haiti"
"América del Norte","Honduras",1990,135.3009,426.2687,45.3722,13.7749,0,35,118.0735,0,5534.1368,30.0691,107.7276,1.5741,0.0286,1669.6597,131.569123523694,2494.67142142476,303.0144,144.7669,989.2212,157.2858,0,362.6529,48.2719,2950398,2004930,2552537,2500697,12748.4397449485,0.334666666666667,"Honduras"
"América del Norte","Honduras",1991,135.3009,426.2687,47.9452,16.3927,0,28,114.7451,0,5534.1368,31.5994,109.838,1.148,0.0286,1690.2837,131.569123523694,2494.67142142476,319.0149,150.7089,973.2343,157.3897,0,362.6529,53.4169,3011380,2088571,2625035,2571853,12778.3452449485,0.507166666666667,"Honduras"
"América del Norte","Honduras",1992,135.3009,426.2687,44.4037,10.6961,0,47,135.6877,0,5534.1368,40.7151,124.4511,7.3261,0.0286,1708.3116,131.569123523694,2393.11789623122,299.0153,150.7677,956.6926,156.0247,0,362.6529,62.0426,3072716,2175120,2699664,2645110,12726.2092197549,0.489416666666667,"Honduras"
"América del Norte","Honduras",1993,135.3009,426.2687,45.6873,9.0003,0,11,165.0033,0,5534.1368,48.348,89.179,12.3907,0.0286,1721.9612,131.569123523694,2393.11789623122,328.0157,138.0456,859.7483,148.9953,0,362.6529,67.1876,3134359,2264446,2776401,2720439,12627.6372197549,0.167166666666667,"Honduras"
"América del Norte","Honduras",1994,135.3009,426.2687,47.1699,11.524,0,6,211.4969,0,5534.1368,85.3457,97.7175,24.6738,0.0286,1736.6961,131.569123523694,2393.11789623122,282.0162,125.5029,943.4115,135.9512,0,362.6529,72.3062,3196017,2356608,2855202,2797731,12762.8868197549,0.844916666666667,"Honduras"
"América del Norte","Honduras",1995,135.3009,426.2687,47.8584,10.3786,0,28,218.9567,0,5534.1368,165.856,126.9362,69.5733,0.0286,1758.0653,131.569123523694,2393.11789623122,327.0227,125.2692,876.0408,133.0426,0,362.6529,77.4512,3257543,2451508,2935993,2876838,12947.5259197549,0.88125,"Honduras"
"América del Norte","Honduras",1996,40.6269,350.6226,49.2521,11.7545,0,24.0424179294745,193.9107,0,5534.1368,150.5485,125.844,56.3569,0.0286,1774.3894,131.569123523694,2393.11789623122,460.0222,129.8434,883.5986,137.4224,0,252.296,82.5698,3318723,2549126,3018776,2957773,12781.9528376844,0.00916666666666665,"Honduras"
"América del Norte","Honduras",1997,46.1333,752.9237,48.4272,12.7102,0,16,208.2308,0,5534.1368,183.5082,142.2841,73.4583,0.0286,1788.2011,131.569123523694,2393.11789623122,494.0218,125.6001,861.2913,136.5156,0,662.9788,87.6883,3379565,2649317,3103590,3040522,13698.8252197549,0.856583333333333,"Honduras"
"América del Norte","Honduras",1998,63.3949,1072.596,42.7206,8.5456,0,13,268.6467,0,5534.1368,186.5149,135.4966,113.4455,0.0286,1803.2372,131.569123523694,2293.56544805139,422.0214,121.4916,818.2918,133.0555,0,810.9701,92.8334,3439846,2752180,3187439,3121099,14065.5617715751,0.978,"Honduras"
"América del Norte","Honduras",1999,35.0127,590.3873,40.7574,4.4657,0,6,250.4489,0,5534.1368,138.5558,115.3597,71.2166,0.0286,1817.6041,131.569123523694,2393.11789623122,449.0211,123.5841,732.0713,130.6771,0,498.0426,99.8993,3499540,2857681,3273539,3203825,13161.9561197549,0.3135,"Honduras"
"América del Norte","Honduras",2000,40.2498,749.5951,42.0781,2.4837,0,20,255.1686,0,5534.1368,179.9418,155.9187,97.5883,0.0286,1835.9283,131.569123523694,2393.11789623122,560.0209,132.3936,753.3438,133.5289,0,530.9002,106.9918,3558472,2965811,3364459,3292265,13654.9840197549,0.140583333333333,"Honduras"
"América del Norte","Honduras",2001,37.4754,32.8237,38.9215,2.5033,0,40.2224053065588,280.7874,0,5356.8944,172.802,194.3217,120.7001,0.0286,1849.129,131.569123523694,2293.56544805139,578.0208,138.8958,782.545,141.8971,0,23.8941,114.0843,3616670,3076391,3456257,3381604,12331.0811768816,0.484083333333333,"Honduras"
"América del Norte","Honduras",2002,62.8273,80.8373,41.1829,2.9204,0,45.5697104903678,273.2122,0,5356.8944,194.9849,253.8365,140.4305,0.0286,1863.3381,131.569123523694,2293.56544805139,532.0207,184.0098,851.1069,159.931,0,59.8731,121.1474,3664258,3198899,3548604,3471303,12649.2862820655,0.793333333333333,"Honduras"
"América del Norte","Honduras",2003,363.7315,1330.1949,39.3721,5.9247,0,45.0174720133873,255.2399,0,5356.8944,200.6005,314.5326,144.4837,0.0286,1875.6019,131.569123523694,2393.11789623122,574.0208,185.7053,995.9207,167.1775,0,1147.8517,128.2399,3709119,3324702,3641043,3560838,15655.2251917683,0.525916666666667,"Honduras"
"América del Norte","Honduras",2004,34.4657,23.0228,36.5335,4.2799,0,47.8248790247617,282.9516,0,5356.8944,263.7502,339.9211,206.2431,0.0286,1894.9109,131.569123523694,2293.56544805139,624.0211,192.1173,1018.4952,172.3168,0,22.5051,135.3324,3751429,3452724,3733128,3650279,13080.7491505998,0.587916666666667,"Honduras"
"América del Norte","Honduras",2005,315.6709,937.9335,38.2607,4.4163,0,37.8840424220266,246.911,0,5356.8944,224.3887,311.5854,159.2763,0.0286,1914.9356,131.569123523694,2393.11789623122,625.0215,204.5235,1048.3621,182.3376,0,888.498,142.3983,3791031,3582399,3825041,3739573,15164.0134621769,0.967833333333333,"Honduras"
"América del Norte","Honduras",2006,159.6945,184.4167,38.0348,4.1364,0,53,235.6788,0,5356.8944,293.4623,353.6597,216.3661,0.0286,1931.8385,131.569123523694,2393.11789623122,708.022,202.9632,1035.1955,179.2976,0,160.8645,149.4908,3827638,3713768,3916738,3828462,13787.7314197549,0.643333333333333,"Honduras"
"América del Norte","Honduras",2007,94.2394,213.79,45.911,7.2465,0,129,368.1043,0,5356.8944,305.4376,348.9935,215.2186,0.0286,1949.2359,140.029603400485,2293.56544805139,732.0225,201.4303,1050.4067,179.1422,0,192.9541,156.5833,3861301,3846671,4007762,3916700,13980.2339514519,0.747333333333333,"Honduras"
"América del Norte","Honduras",2008,125.6193,218.597,41.6623,7.4825,0,119,358.3385,0,5356.8944,312.4132,365.9006,220.8303,0.0286,1966.2437,140.029603400485,2293.56544805139,716.0229,199.4569,1065.4815,178.6904,0,181.8444,163.6465,3891762,3980896,4097779,4003999,14031.7480514519,0.557916666666667,"Honduras"
"América del Norte","Honduras",2009,135.6404,384.4,44.0794,7.1266,0,100,356.7356,0,5356.8944,269.0388,346.3811,179.575,0.0286,1978.6755,131.569123523694,2293.56544805139,699.0234,209.8853,1118.142,187.3217,0,331.73,170.7389,3919075,4115946,4186810,4090493,14300.5512715751,0.903666666666667,"Honduras"
"América del Norte","Honduras",2010,94.9866,260.2169,40.299,5.7734,0,128,362.6479,0,5356.8944,268.5022,340.5874,177.959,0.0286,1993.8081,140.029603400485,2293.56544805139,663.0239,215.9232,1125.326,189.9769,0,239.7696,177.8314,3942955,4251823,4274733,4176200,14075.1495514519,0.61375,"Honduras"
"América del Norte","Honduras",2011,247.4563,601.1582,40.5739,6.6812,0,145,377.2402,0,5897.8668,297.254,369.7931,211.9058,0.0286,2010.2184,140.029603400485,2293.56544805139,724.0244,205.2483,1127.6201,186.9456,0,505.6502,184.8974,3963389,4388211,4361400,4261105,15573.1575514519,0.831833333333333,"Honduras"
"América del Norte","Honduras",2012,39.0324,50.9424,40.5745,7.0552,0,176,395.8562,0,5897.8668,291.469,359.0882,202.6393,0.0286,2028.9707,171.092736118019,2293.56544805139,820.0248,216.1199,1148.4037,193.9379,0,44.7308,191.9898,3980456,4525190,4446997,4345369,14569.3883841694,0.67975,"Honduras"
"América del Norte","Honduras",2013,155.0852,362.5362,44.8393,6.3284,0,183,399.754,0,5897.8668,322.7024,380.0506,222.9363,0.0286,2043.9878,177.591498449251,2293.56544805139,741.0252,204.5632,1169.7843,194.1042,0,331.8664,199.0823,3994867,4662918,4531602,4429055,15330.6981465006,0.933166666666667,"Honduras"
"América del Norte","Honduras",2014,214.6519,473.8354,43.5978,15.3711,0,194,418.705,0,5897.8668,489.0092,417.878,239.0033,0.0286,2046.6174,177.591498449251,2293.56544805139,710.0257,206.3051,1173.0175,195.3061,0,426.4712,206.1455,4006997,4802219,4615611,4512235,15838.9925465006,0.627166666666667,"Honduras"
"América del Norte","Honduras",2015,79.0093,272.3614,47.0974,14.5769,0,205,512.0273,0,5897.8668,485.9999,449.2704,248.1251,0.0286,2043.8545,183.634811169592,2293.56544805139,776.0261,206.6504,1178.804,195.3479,0,220.4664,213.2379,4017554,4943275,4699291,4595215,15522.950559221,1.27633333333333,"Honduras"
"América del Norte","Honduras",2016,149.4379,422.3866,46.7722,14.9274,0,178,486.1874,0,5524.3634,365.0216,499.8051,214.5338,0.0286,2058.9615,177.13604883836,2293.56544805139,837.0265,206.3038,1182.4298,194.678,0,364.9285,131.2255,4026684,5086183,4782635,4678163,15347.7190968897,1.28158333333333,"Honduras"
"América del Norte","Honduras",2017,75.1219,127.37,49.246,11.7663,0,190,509.6615,0,5524.3634,377.2644,581.6491,223.4714,0.0286,2066.3597,183.634811169592,2400.11524374494,967.027,206.3348,1184.973,194.6101,0,98.7698,49.2131,4034310,5230757,4865783,4761059,15020.9801549145,1.00875,"Honduras"
"América del Norte","Honduras",2018,213.2247,261.938,51.0362,11.4707,0,213,521.2659,0,5524.3634,346.6408,615.6175,252.7569,0.0286,2074.7127,183.634811169592,2400.11524374494,894.0276,207.917,1189.7728,196.3562,0,229.068,49.9174,4040365,5376802,4948831,4844019,15436.8644549145,0.755166666666667,"Honduras"
"América del Norte","Honduras",2019,192.2676,242.1715,45.0636,11.4636,0,199,558.6249,0,5524.3634,438.8109,666.2599,274.3218,0.0286,2080.0478,230.189091709494,2293.56544805139,821.0281,208.2685,1194.5682,196.4335,0,208.6531,173.0205,4044696,5523992,5031794,4927035,15558.1500397609,1.24075,"Honduras"
"América del Norte","Honduras",2020,428.9411,1000.1688,49.0025,13.5342,0,199,470.0093,0,5524.3634,488.3842,670.5612,242.9662,0.0286,2083.6911,177.591498449251,2293.56544805139,817.0284,208.7165,1199.3646,196.6316,0,912.6857,111.6704,4047211,5672054,5112980,5008783,17087.9047465006,1.81025,"Honduras"
"América del Norte","Jamaica",1990,0.3123,0.7944,0.3577,0.2916,179.6158,23,130.7633,154.051,19.7929,135.4162,16.606,126.6215,67.6313660738584,1146.009,232.611115011456,2837.12586275982,246.0358,40.2966,201.6074,48.2502,0,0.7794,3277.7997,1225612,1198630,1174572,1217457,8885.76914384514,0.595916666666667,"Jamaica"
"América del Norte","Jamaica",1991,0.3123,0.7944,0.3486,0.6523,179.6158,23,115.7685,154.051,19.7929,153.3739,12.9129,120.4974,67.6313660738584,1150.6488,232.611115011456,2837.12586275982,217.0833,27.7777,222.2856,39.9252,0,0.7794,3517.9863,1230254,1213435,1184934,1226934,9094.97464384513,0.629,"Jamaica"
"América del Norte","Jamaica",1992,0.3123,0.7944,0.3625,0.6617,179.6158,20,126.867,154.051,19.7929,152.0379,18.6223,161.2437,67.6313660738584,1151.3668,232.611115011456,2837.12586275982,263.1734,31.2583,238.9076,44.9478,0,0.7794,3550.922,1235244,1230118,1197146,1237428,9253.08514384514,0.962916666666667,"Jamaica"
"América del Norte","Jamaica",1993,0.3123,0.7944,0.3349,0.2697,179.6158,27,137.7032,154.051,19.7929,173.2375,19.9665,6.7669,67.6313660738584,1162.1924,209.587728357542,2837.12586275982,249.7895,31.7751,236.495,46.7485,0,0.7794,1513.9508,1241016,1247766,1210637,1248426,7075.92075719122,0.5725,"Jamaica"
"América del Norte","Jamaica",1994,0.3123,0.7944,0.3935,0.2728,179.6158,0,168.5769,154.051,19.7929,178.0369,22.551,12.9195,67.6313660738584,1166.6193,209.587728357542,2837.12586275982,256.8245,32.4712,227.9504,46.2667,0,0.7794,1559.4842,1247089,1265960,1224386,1259796,7142.05765719122,1.09975,"Jamaica"
"América del Norte","Jamaica",1995,0.3123,0.7944,0.4433,0.2038,187.3409,22,179.0796,154.051,19.7929,235.0516,26.1271,16.7758,67.6313660738584,1206.008,209.587728357542,2837.12586275982,294.8264,31.8285,230.3408,45.7255,0,0.7794,1144.8907,1253107,1284333,1238101,1271271,6910.71695719122,1.089,"Jamaica"
"América del Norte","Jamaica",1996,0.2204,1.7669,0.4065,0.0659,191.7773,19,189.9429,154.051,19.7929,239.7122,27.8724,16.4,67.6313660738584,1210.4989,209.587728357542,2837.12586275982,306.3336,33.5549,222.9754,45.522,0,1.7669,1167.067,1259080,1302913,1250847,1282047,6963.07205719122,0.45525,"Jamaica"
"América del Norte","Jamaica",1997,0.3081,1.2718,0.3509,0.0564,192.4816,5,201.5042,154.051,19.7929,242.1592,28.517,16.9596,67.6313660738584,1199.8921,209.587728357542,2837.12586275982,275.3938,34.4078,215.6885,45.4963,0,1.2718,1187.6796,1265090,1321737,1262747,1292207,6936.62755719122,1.11566666666667,"Jamaica"
"América del Norte","Jamaica",1998,0.2582,1.8474,0.2473,0.0502,210.6071,22,211.9795,154.051,19.7929,254.0903,65.3993,16.8302,67.6313660738584,1202.0865,209.587728357542,2837.12586275982,303.28,32.9601,216.9276,45.3372,0,1.8474,1397.9201,1270831,1340536,1274354,1302213,7271.85725719122,1.349,"Jamaica"
"América del Norte","Jamaica",1999,0.2771,2.4729,0.2378,0.0909,237.6972,23,221.4725,154.051,19.7929,261.8934,71.1959,16.4427,1.0235,1207.4716,1.6726,2837.12586275982,281.9727,36.4218,217.9645,47.0196,0,2.4729,1505.714,1275960,1358922,1284878,1311392,7147.48336275982,0.674166666666667,"Jamaica"
"América del Norte","Jamaica",2000,0.3095,7.6257,0.1893,0.0408,242.3227,20,222.0727,154.051,19.7929,251.9457,78.9183,15.9657,1.9838,1209.588,3.2418,2837.12586275982,320.54,36.7064,219.1102,47.6032,0,7.6257,1625.6917,1280230,1376634,1293403,1318802,7322.45096275982,0.429666666666667,"Jamaica"
"América del Norte","Jamaica",2001,0.112,0,0.2216,0.0753,242.3227,17,217.8541,-2695.4567,0,285.281,88.2452,15.9845,2.9737,1211.132,4.8592,2215.18734297499,317.4678,38.0131,221.7053,48.9037,0,0,1630.0833,1283535,1393476,1300463,1324943,3861.96514297499,0.723833333333333,"Jamaica"
"América del Norte","Jamaica",2002,0.2857,0,0.1814,0.0345,242.3227,25,223.4535,-2695.4567,0,295.087,90.7561,15.6698,3.8793,1213.4781,6.3392,2215.18734297499,335.1729,35.0843,221.9225,45.507,0,0,1392.1841,1287060,1408386,1307197,1331046,3666.08874297499,0.956,"Jamaica"
"América del Norte","Jamaica",2003,0.131,0,0.213,0.0408,242.5588,26,242.8173,-2695.4567,0,262.5029,117.3991,16.0089,5.1454,1216.0517,8.3938,2215.18734297499,378.947,35.7347,233.4172,48.0266,0,0,1402.6935,1290139,1422372,1313748,1337278,3755.81234297499,1.06833333333333,"Jamaica"
"América del Norte","Jamaica",2004,0.0308,0,0.183,0.022,242.5588,14,268.8587,-2695.4567,0,207.7794,123.0235,12.0553,4.8612,1217.1557,8.2348,2115.63489479517,388.6239,37.4,216.4178,49.9516,0,0,1789.1692,1292771,1436006,1320251,1343774,4000.50389479517,0.952416666666667,"Jamaica"
"América del Norte","Jamaica",2005,0.8849,2.0845,0.2078,0.0031,242.5588,20,246.7295,-2695.4567,0,202.0061,122.3625,11.1792,5.418,1219.1426,9.45,2215.18734297499,364.2726,43.0091,208.4056,56.9419,0,2.0845,3061.2672,1295184,1449489,1326570,1350293,5337.73854297499,1.01775,"Jamaica"
"América del Norte","Jamaica",2006,0.4657,0,0.214,0.0031,248.8136,16,253.3401,-2695.4567,0,184.0799,133.543,9.5051,5.474,1223.3983,9.8465,2215.18734297499,405.0467,39.6854,148.3442,48.4492,0,0,4847.0689,1297396,1462883,1332880,1356781,7093.00834297499,1.14341666666667,"Jamaica"
"América del Norte","Jamaica",2007,0.1909,0,0.1934,0.069,248.8136,26,245.5988,-2695.4567,0,217.0559,172.0426,12.056,7.6561,1228.2159,13.7176,2215.18734297499,368.5292,37.3638,138.3584,44.216,0,0,3382.8007,1299356,1476111,1338676,1362545,5662.60854297499,0.817916666666667,"Jamaica"
"América del Norte","Jamaica",2008,0.0642,0.139,0.1762,0.0941,248.8136,41,234.4398,-2695.4567,0,195.0286,235.9545,12.8332,9.0855,1230.4577,16.3135,2215.18734297499,406.109,39.7757,138.967,48.2333,0,0.139,4046.0598,1301007,1489115,1343912,1367460,6423.41434297499,0.55625,"Jamaica"
"América del Norte","Jamaica",2009,0.2916,0,0.2478,0.116,250.458,42,246.4721,-2695.4567,0,189.4958,238.439,12.9068,8.3185,1231.6487,15.1144,2215.18734297499,499.6887,39.1589,135.482,47.4651,0,0,1587.4908,1302297,1501785,1349628,1372774,4064.52484297499,0.880833333333333,"Jamaica"
"América del Norte","Jamaica",2010,0.4408,0,0.2998,0.1756,252.9711,36,236.1762,-2695.4567,0,238.7056,199.0449,23.7741,9.0283,1236.461,29.1864,2215.18734297499,448.2684,37.1446,136.1049,44.6281,0,0,1452.0843,1303146,1514064,1355508,1378388,3900.22474297499,1.01133333333333,"Jamaica"
"América del Norte","Jamaica",2011,0.3925,0,0.3383,0.138,252.9711,36,224.4692,-40.3727,0,218.2894,187.7977,18.8974,8.408,1243.2615,29.2772,2428.22498616817,446.8108,36.8526,136.3783,44.5147,0,0,1727.5386,1303559,1525934,1361767,1384402,7000.18758616817,0.7135,"Jamaica"
"América del Norte","Jamaica",2012,0.3802,0,0.3655,0.1913,260.6259,40,209.615,-40.3727,0,208.5132,177.5096,19.0211,8.2566,1248.1674,29.0618,2428.22498616817,455.256,38.1718,139.8795,45.8097,0,0,1587.9764,1303108,1537884,1368899,1390918,6856.65328616817,0.733916666666667,"Jamaica"
"América del Norte","Jamaica",2013,0.5692,0.1295,0.3808,0.0314,260.6259,38,225.1039,-40.3727,0,187.0609,185.8563,18.7651,8.3773,1251.5813,30.2582,2428.22498616817,495.8448,38.4752,138.9166,46.266,0,0,2061.9978,1301853,1549954,1376070,1397059,7376.09248616817,0.992333333333333,"Jamaica"
"América del Norte","Jamaica",2014,0.353,0.2589,0.3782,0.0188,260.6259,34,242.0453,-40.3727,0,172.0026,189.6527,14.4937,8.0079,1249.6859,31.5526,2428.22498616817,551.6754,38.6133,137.97,46.4087,0,0,1603.0495,1299857,1562230,1382315,1402227,6968.64468616817,1.228,"Jamaica"
"América del Norte","Jamaica",2015,0.6859,3.0573,0.3573,0.0125,260.6259,33,222.3713,-40.3727,0,189.6499,202.3681,13.2742,7.7534,1247.9601,44.1352,2428.22498616817,563.4777,38.1679,135.7152,46.2477,0,3.0573,1749.3939,1297166,1574768,1387628,1406816,7149.16308616817,1.45933333333333,"Jamaica"
"América del Norte","Jamaica",2016,0.2862,0,0.3437,0.0094,261.772,44,241.4837,-98.7709,0,195.5054,213.0893,16.1577,8.4188,1250.4538,47.6754,2215.18734297499,548.28,38.137,136.4757,46.4361,0,0,1880.3357,1293787,1587568,1391829,1410867,7045.27634297499,1.37583333333333,"Jamaica"
"América del Norte","Jamaica",2017,0.0514,0,0.3538,0.0031,261.772,48,229.1265,-98.7709,0,189.0995,228.1393,26.2123,9.1123,1255.0248,51.4058,2215.18734297499,519.0823,37.7278,139.0024,46.9828,0,0,1528.1155,1289697,1600602,1394537,1413838,6685.62804297499,1.0055,"Jamaica"
"América del Norte","Jamaica",2018,0.1469,0,0.3376,0,263.1383,55,268.9942,-98.7709,0,155.1585,211.5708,19.215,54.6744,1259.8878,271.6101,2115.63489479517,484.8846,37.8259,139.6699,47.0771,0,0,2430.4095,1284862,1613815,1396014,1415821,7716.46459479517,1.30275,"Jamaica"
"América del Norte","Jamaica",2019,0.6514,0,0.314,0.0031,243.0946,47,331.6595,-98.7709,0,219.0211,220.7735,19.2245,62.9065,1262.3075,125.6274,2115.63489479517,506.687,37.8267,140.4833,47.2914,0,0,2327.3355,1279220,1627119,1396657,1417116,7609.07099479517,1.56283333333333,"Jamaica"
"América del Norte","Jamaica",2020,0.2815,0,0.3067,0,243.0946,58,276.7592,-98.7709,0,254.8619,247.2437,19.2245,80.4412,1261.407,122.9538,2115.63489479517,559.4893,38.1473,141.3963,47.5833,0,0,1118.1116,1272725,1640435,1399668,1420767,6486.16589479517,1.55591666666667,"Jamaica"
"América del Norte","Martinique",1990,0,0,NA,764.892809623296,0,12.3282805138541,63.3757,-59.4,0,NA,51.9336730033915,492.737146476882,209.116619132224,66.9157099684112,468.919828765161,2005.79212907803,NA,4.3645,21.0556,6.5489,0,0,8.6756,49167,309282,181506,192765,4117.25649656125,0.376166666666667,"Martinique"
"América del Norte","Martinique",1991,0,0,NA,764.892809623296,0,12.3282805138541,64.0519,-59.4,0,NA,51.9336730033915,492.737146476882,209.116619132224,66.9157099684112,468.919828765161,2005.79212907803,NA,4.514,21.1015,6.6775,0,0,8.8352,47868,313032,184555,196406,4118.41629656125,0.413833333333333,"Martinique"
"América del Norte","Martinique",1992,0,0,NA,764.892809623296,0,12.3282805138541,68.8741,-59.4,0,NA,51.9336730033915,492.737146476882,209.116619132224,66.9157099684112,468.919828765161,2005.79212907803,NA,4.3519,20.2315,6.4088,0,0,9.143,46515,316240,187807,200439,4122.24549656125,0.465416666666667,"Martinique"
"América del Norte","Martinique",1993,0,0,NA,764.892809623296,0,12.3282805138541,69.5503,-59.4,0,NA,51.9336730033915,492.737146476882,209.116619132224,66.9157099684112,468.919828765161,2005.79212907803,NA,4.1672,18.1766,5.9971,0,0,9.3026,45167,319210,191047,204511,4120.42999656125,0.525666666666667,"Martinique"
"América del Norte","Martinique",1994,0,0,NA,764.892809623296,0,12.3282805138541,70.5693,-59.4,0,NA,51.9336730033915,492.737146476882,209.116619132224,66.9157099684112,468.919828765161,2005.79212907803,NA,4.0853,17.933,5.9326,0,0,9.3302,43877,322371,194238,208550,4121.08659656125,0.527416666666667,"Martinique"
"América del Norte","Martinique",1995,0,0,NA,764.892809623296,0,12.3282805138541,70.8851,-59.4,0,NA,51.9336730033915,492.737146476882,209.116619132224,66.9157099684112,468.919828765161,2005.79212907803,NA,3.7243,17.4789,5.5093,0,0,9.3329,42688,326044,197386,212555,4120.16669656125,0.7235,"Martinique"
"América del Norte","Martinique",1996,0,0,NA,764.892809623296,0,12.3282805138541,71.2365,-59.4,0,NA,51.9336730033915,492.737146476882,209.116619132224,66.9157099684112,468.919828765161,2005.79212907803,NA,3.7388,16.8293,5.4789,0,0,9.344,41598,330320,200498,216547,4119.86369656125,0.3495,"Martinique"
"América del Norte","Martinique",1997,0,0,NA,764.892809623296,0,12.3282805138541,82.9043,-59.4,0,NA,67.9106051493666,492.737146476882,209.116619132224,66.9157099684112,468.919828765161,2005.79212907803,NA,3.7044,15.0407,5.2612,0,0,9.7492,40591,335063,203596,220542,4145.87292870722,0.678416666666667,"Martinique"
"América del Norte","Martinique",1998,0,0,NA,764.892809623296,0,12.3282805138541,79.3842,-59.4,0,NA,67.9106051493666,492.737146476882,209.116619132224,66.9157099684112,468.919828765161,2005.79212907803,NA,3.9544,14.7843,5.4578,0,0,9.2549,39625,340038,206351,223948,4142.04872870722,1.01666666666667,"Martinique"
"América del Norte","Martinique",1999,0,0,NA,764.892809623296,0,12.3282805138541,83.1136,-59.4,0,NA,67.9106051493666,492.737146476882,209.116619132224,66.9157099684112,468.919828765161,2005.79212907803,NA,3.9879,14.5527,5.5998,0,0,9.9572,39175,344372,207993,225428,4146.42432870722,0.406666666666667,"Martinique"
"América del Norte","Martinique",2000,0,0,NA,764.892809623296,0,12.3282805138541,83.547,-59.4,0,NA,67.9106051493666,492.737146476882,209.116619132224,66.9157099684112,468.919828765161,2005.79212907803,NA,3.0563,14.6761,4.5712,0,0,10.2907,39811,347193,207390,225154,4145.35442870722,0.231416666666667,"Martinique"
"América del Norte","Martinique",2001,0,0,NA,764.892809623296,0,12.3282805138541,85.2596,-102.3,0,NA,81.547010659913,492.737146476882,209.116619132224,66.9157099684112,468.919828765161,2005.79212907803,NA,4.7414,16.9927,5.5186,0,0,10.8175,40402,349571,205079,224238,4123.27933421777,0.602166666666667,"Martinique"
"América del Norte","Martinique",2002,0,0,NA,764.892809623296,0,12.4372007448207,86.5895,-102.3,0,NA,152.33768459646,492.737146476882,209.116619132224,66.9157099684112,468.919828765161,2005.79212907803,NA,2.6751,13.1042,3.8391,0,0,11.2693,40952,351533,202441,223018,4188.32632838528,0.642083333333333,"Martinique"
"América del Norte","Martinique",2003,0,0,NA,764.892809623296,0,12.4372007448207,87.2597,-102.3,0,NA,161.124920311788,492.737146476882,209.116619132224,66.9157099684112,468.919828765161,2005.79212907803,NA,2.2744,12.0007,3.4473,0,0,11.6686,41456,353052,198546,220593,4196.28706410061,0.8118,"Martinique"
"América del Norte","Martinique",2004,0,0,NA,764.892809623296,0,12.3282805138541,83.0958,-102.3,0,NA,67.9106051493666,492.737146476882,209.116619132224,66.9157099684112,468.919828765161,2005.79212907803,NA,2.3761,12.9127,3.6278,0,0,11.0269,41912,354112,193305,216830,4099.35242870722,0.48975,"Martinique"
"América del Norte","Martinique",2005,0,0,NA,764.892809623296,0,12.3282805138541,83.9026,-102.3,0,NA,67.9106051493666,492.737146476882,209.116619132224,66.9157099684112,468.919828765161,2005.79212907803,NA,1.5176,11.3189,2.403,0,0,11.7826,42318,354729,187717,212653,4097.23782870722,0.85275,"Martinique"
"América del Norte","Martinique",2006,0,0,NA,764.892809623296,0,12.3282805138541,83.9698,-102.3,0,NA,67.9106051493666,492.737146476882,209.116619132224,66.9157099684112,468.919828765161,2005.79212907803,NA,2.7852,11.7619,4.2259,0,0,12.2238,42675,354890,184659,210892,4101.27972870722,0.751333333333333,"Martinique"
"América del Norte","Martinique",2007,0,0,NA,764.892809623296,0,12.4372007448207,89.6549,-102.3,0,NA,167.675713284142,492.737146476882,209.116619132224,66.9157099684112,468.919828765161,2005.79212907803,NA,1.4914,10.0121,2.3522,0,0,13.9619,42943,354634,184201,211619,4203.65965707296,0.80925,"Martinique"
"América del Norte","Martinique",2008,0,0,NA,764.892809623296,0,12.4372007448207,91.9249,-102.3,0,NA,170.368031242006,492.737146476882,209.116619132224,66.9157099684112,468.919828765161,2005.79212907803,NA,1.7096,10.3097,2.5865,0,0,15.4309,43125,353982,183515,211959,4210.84107503083,0.364833333333333,"Martinique"
"América del Norte","Martinique",2009,0,0,NA,764.892809623296,0,12.4372007448207,94.149,-102.3,0,NA,175.745314109559,492.737146476882,209.116619132224,66.9157099684112,468.919828765161,2005.79212907803,NA,1.7026,9.8613,2.5211,0,0,16.3803,43224,352980,182511,211703,4218.87105789838,0.626416666666667,"Martinique"
"América del Norte","Martinique",2010,0,0,NA,764.892809623296,0,12.4372007448207,90.3338,-102.3,0,NA,167.675713284142,492.737146476882,209.116619132224,66.9157099684112,468.919828765161,2005.79212907803,NA,1.8628,9.6705,2.5361,0,0,15.6287,43244,351666,181247,210934,4206.21905707296,1.16358333333333,"Martinique"
"América del Norte","Martinique",2011,0,0,NA,764.892809623296,0,12.4372007448207,91.5311,-132,0,NA,167.675713284142,492.737146476882,209.116619132224,66.9157099684112,468.919828765161,2005.79212907803,NA,1.8628,9.2803,2.5029,0,0,12.1754,43183,350026,179850,209769,4173.83965707296,0.580583333333333,"Martinique"
"América del Norte","Martinique",2012,0,0,NA,764.892809623296,0,12.4372007448207,92.6156,-132,0,NA,175.745314109559,492.737146476882,209.116619132224,66.9157099684112,468.919828765161,2005.79212907803,NA,1.8883,9.0913,2.5015,0,0,13.4131,43048,348116,178609,208376,4184.06655789838,0.718083333333333,"Martinique"
"América del Norte","Martinique",2013,0,0,NA,764.892809623296,0,12.4372007448207,93.7004,-132,0,NA,175.745314109559,492.737146476882,209.116619132224,66.9157099684112,468.919828765161,2005.79212907803,NA,1.9397,8.2723,2.527,0,0,15.0383,42869,346181,177763,206964,4186.03445789838,0.7205,"Martinique"
"América del Norte","Martinique",2014,0,0,NA,764.892809623296,0,12.4372007448207,94.7852,-132,0,NA,175.745314109559,492.737146476882,209.116619132224,66.9157099684112,468.919828765161,2005.79212907803,NA,2.0125,8.8477,2.6931,0,0,15.0007,42683,344521,177781,206608,4187.89595789838,0.644916666666667,"Martinique"
"América del Norte","Martinique",2015,0,0,NA,764.892809623296,0,12.4372007448207,95.8697,-132,0,NA,175.745314109559,492.737146476882,209.116619132224,66.9157099684112,468.919828765161,2005.79212907803,NA,1.816,8.355,2.4489,0,0,16.924,42516,343326,177340,206174,4189.97035789838,0.962583333333333,"Martinique"
"América del Norte","Martinique",2016,0,0,NA,764.892809623296,0,12.4372007448207,96.9546,-132,0,NA,175.745314109559,492.737146476882,209.116619132224,66.9157099684112,468.919828765161,2005.79212907803,NA,1.6303,8.354,2.2969,0,0,18.7427,42382,342721,175749,204596,4192.53525789838,1.01841666666667,"Martinique"
"América del Norte","Martinique",2017,0,0,NA,764.892809623296,0,12.4372007448207,98.0393,-132,0,NA,175.745314109559,492.737146476882,209.116619132224,66.9157099684112,468.919828765161,2005.79212907803,NA,1.5387,7.9558,2.1989,0,0,18.7427,42271,342625,174278,203174,4193.03215789838,0.778333333333333,"Martinique"
"América del Norte","Martinique",2018,0,0,NA,764.892809623296,0,12.725101513592,99.1239,-132,0,NA,460.082623963473,492.737146476882,209.116619132224,66.9157099684112,468.919828765161,2005.79212907803,NA,1.3175,7.3029,1.8842,0,0,18.7427,42167,342898,172942,201898,4477.55316852107,0.506833333333333,"Martinique"
"América del Norte","Martinique",2019,0,0,NA,764.892809623296,0,12.725101513592,100.2087,-132,0,NA,491.220404689761,492.737146476882,209.116619132224,66.9157099684112,468.919828765161,2005.79212907803,NA,1.2749,6.9741,1.8377,0,0,18.7427,42038,343282,171618,200626,4509.35784924735,0.85575,"Martinique"
"América del Norte","Martinique",2020,0,0,NA,1494.02039998445,0,12.725101513592,101.2934,-132,0,NA,491.220404689761,548.40291670564,1073.2412364429,66.9157099684112,1788.87884166829,2005.79212907803,NA,NA,2148.25169285071,NA,0,0,18.7427,41862,343595,170663,199727,9617.48453290179,0.97525,"Martinique"
"América del Norte","Mexico",1990,780.139,2366.4117,1517.3994,338.8042,0,638,9502.8496,-3.3311,22314.8361,15386.6905,2500.3202,3715.6916,3105.2778,43875.5592,4757.4103,4.1208,24118.0307,2172.7502,16686.4249,3322.0301,0,1076.8102,5290.3392,24396091,60961783,40210868,41509560,163466.5646,0.393083333333333,"Mexico"
"América del Norte","Mexico",1991,780.139,2366.4117,1428.7076,272.549,0,552,10135.0187,-3.3311,22314.8361,15804.0019,3025.2838,3736.4386,3134.5185,43356.1271,4928.4998,4.2024,24518.509,2215.215,16586.8715,3376.8557,0,1076.8102,5615.0656,24540635,62530877,40987927,42363669,165224.7301,0.268666666666667,"Mexico"
"América del Norte","Mexico",1992,780.139,2366.4117,1491.5022,290.646,0,463,10192.6465,-3.3311,22314.8361,16845.7982,2818.6644,3110.5363,3190.4795,42677.8631,5074.3495,4.2169,26682.9916,2237.2537,16286.8145,3419.0252,0,1076.8102,5724.8214,24686090,64142220,41768175,43224989,167045.4749,0.123583333333333,"Mexico"
"América del Norte","Mexico",1993,780.139,2366.4117,1432.7065,189.4535,0,554,10590.2608,-3.3311,22314.8361,17428.4402,2805.876,3293.3083,3289.1671,41985.6798,4621.2442,32.8426,29983.2981,2263.8157,16821.6714,3479.3005,0,1076.8102,5824.9342,24825966,65774487,42556060,44092387,171130.8648,0.330833333333333,"Mexico"
"América del Norte","Mexico",1994,780.139,2366.4117,1549.8948,282.2115,0,498,11048.3781,-3.3311,22314.8361,18663.1751,3114.249,3961.4042,3623.0058,41154.9359,4465.0483,17.8427,38380.8587,2265.4103,16737.1971,3481.855,0,1076.8102,5497.226,24948375,67400772,43350041,44964382,181275.5584,0.744166666666667,"Mexico"
"América del Norte","Mexico",1995,780.139,2366.4117,1516.3897,252.1343,0,499,10147.5024,-3.3311,22314.8361,18263.7537,2936.9089,3673.4926,2920.7485,40292.9706,4617.511,67.6145,45712.191,2284.6482,16574.3411,3460.9779,0,1076.8102,5635.7448,25046599,68998980,44138340,45831232,185390.7951,0.758583333333333,"Mexico"
"América del Norte","Mexico",1996,678.6769,1783.7991,1638.8439,278.9392,0,403,10452.6042,-3.3311,22314.8361,18186.2719,2966.4908,4212.7811,3625.6217,40738.4717,4414.3216,118.6984,50627.0495,2241.9419,16128.6265,3379.9702,0,1334.1919,6062.0655,25194471,70492981,44906205,46680349,191583.871,0.568083333333333,"Mexico"
"América del Norte","Mexico",1997,461.8416,2035.6751,1552.3997,364.8087,0,317,10918.369,-3.3311,22314.8361,18406.7544,3162.2795,4453.6635,3731.1357,41775.8278,4539.3678,171.713,57264.673,2301.7231,16298.1669,3445.7883,0,1326.894,6492.2203,25362769,71918970,45665366,47517728,201331.8064,0.3865,"Mexico"
"América del Norte","Mexico",1998,1092.6171,10915.5664,1619.1648,326.4545,0,325,11175.7734,-3.3311,22314.8361,19571.3441,2818.1205,4744.9278,3249.1132,42685.3192,5135.5938,225.0173,58013.3967,2261.8868,16380.6733,3375.2586,0,6386.3745,6776.8154,25510018,73311438,46420593,48346692,219389.9224,0.832833333333333,"Mexico"
"América del Norte","Mexico",1999,817.8798,5725.6031,1508.5082,265.4548,0,298,11437.9134,-3.3311,22314.8361,18155.941,2907.1652,4645.6932,3204.4179,43443.4812,4828.9676,281.369,62472.4335,2339.4771,16079.9749,3417.7245,0,2440.7244,7408.5223,25635525,74665054,47168279,49166531,213990.7561,0.582333333333333,"Mexico"
"América del Norte","Mexico",2000,719.4619,5745.7292,1529.258,270.2314,0,414,11956.4495,-3.3311,22314.8361,20002.5965,3416.1112,4688.4707,3241.4829,44311.0514,4078.9148,333.0128,64571.6708,2385.9652,16163.6408,3433.5722,0,2389.1999,7378.2094,25712262,76007411,47900060,49973382,219340.5336,0.65775,"Mexico"
"América del Norte","Mexico",2001,533.8457,820.4566,1669.4591,171.1089,0,262,12248.7992,-81516.8873,14786.0785,19902.1,3692.8921,4375.5731,2984.1454,45076.1216,4167.0833,387.4743,64348.7391,2427.1817,16249.8976,3452.8785,0,173.0558,7292.576,25720596,77346472,48635540,50758748,123504.5792,0.563083333333333,"Mexico"
"América del Norte","Mexico",2002,738.4628,1756.7046,1577.6529,162.189,0,21,12510.2412,-81516.8873,14786.0785,20059.5653,3962.6108,4187.4601,2791.5426,45531.5373,4044.1783,321.4954,68648.5808,2440.9956,16632.6359,3476.1277,0,924.7726,7021.2089,25708164,78647444,49386357,51530724,130078.153,0.72075,"Mexico"
"América del Norte","Mexico",2003,1135.4357,3937.9399,1684.9449,192.864,0,147,13266.8479,-81516.8873,14786.0785,20552.2534,3834.3436,4139.381,2635.269,45963.2104,4122.2737,269.2456,73889.6325,2410.4294,16695.7879,3439.3153,0,2728.4098,7464.7019,25689517,79950936,50132595,52296746,141778.4771,0.871083333333333,"Mexico"
"América del Norte","Mexico",2004,389.997,568.5589,1689.8567,200.5786,0,114,14010.8973,-81516.8873,14786.0785,19931.8146,4267.3214,3761.3403,2476.3132,45972.2554,4128.0863,379.7007,79460.9986,2494.4752,16633.4817,3509.7513,0,225.7287,7839.622,25682103,81313480,50881240,53064573,141323.9691,0.387416666666667,"Mexico"
"América del Norte","Mexico",2005,1317.5862,2373.1404,1526.739,184.7605,0,675,14862.1087,-81516.8873,14786.0785,19713.2971,4608.0337,4352.9691,2668.9411,45799.6987,3649.7132,348.3821,87757.0088,2521.3169,16586.1111,3531.1525,0,863.0617,8290.7566,25698905,82773323,51619299,53823103,154898.9686,0.862666666666667,"Mexico"
"América del Norte","Mexico",2006,632.6375,1844.1368,1694.9184,226.5188,0,641,15694.6372,-81516.8873,14786.0785,19446.7414,4747.48,4185.9817,2614.5695,47364.4942,3367.7081,288.4612,95630.0435,2571.8374,16719.1037,3571.5319,0,1012.7176,8737.8919,25744268,84348110,52329698,54557092,164261.602,0.865666666666667,"Mexico"
"América del Norte","Mexico",2007,827.8177,1216.8239,1767.9329,228.0585,0,925,16541.0407,-81516.8873,14786.0785,19797.1362,3466.2135,4064.3382,3650.3697,55078.312,3326.1163,328.0351,101171.6936,2595.6259,16831.0891,3589.2434,0,372.3504,9073.878,25812028,86024318,53024314,55278659,178120.2663,0.59175,"Mexico"
"América del Norte","Mexico",2008,807.7215,1734.7281,1860.9937,161.6393,0,1169,17245.9581,-81516.8873,14786.0785,19653.8972,3831.7626,3929.6358,3333.3708,58348.6665,2814.0395,370.7351,106590.3446,2613.6988,17014.3474,3607.4365,0,629.9252,9394.4736,25890431,87771378,53699298,55985191,188381.5655,0.544166666666667,"Mexico"
"América del Norte","Mexico",2009,852.3056,1706.2334,1625.1182,174.3169,0,1203,16909.7434,-81516.8873,14786.0785,19703.7067,4428.5784,4772.2644,2586.2204,59814.8931,2540.9481,466.4212,114026.6483,2623.2818,17259.9299,3632.0834,0,881.9169,9605.5901,25966026,89539202,54363696,56685733,198082.3914,0.97625,"Mexico"
"América del Norte","Mexico",2010,454.1055,851.1082,1801.8772,134.1948,0,1228,17265.2413,-81516.8873,14786.0785,19870.623,4915.03,4333.5561,2482.7732,56235.7583,2440.6843,439.1945,130188.7317,2651.3068,17406.2692,3665.5796,0,240.0166,9545.2184,26026826,91292115,55086407,57445993,209418.4599,0.328666666666667,"Mexico"
"América del Norte","Mexico",2011,1774.3279,2505.2875,1480.3686,109.4085,0,1255,17404.0317,-392.3876,14242.426,19911.2396,5198.9901,5351.5517,2479.663,57600.2408,2282.3149,895.5145,119766.0767,2667.8007,17538.2481,3690.1028,0,1198.4491,9862.5339,26068110,93021907,55882073,58268408,286821.1885,0.991666666666667,"Mexico"
"América del Norte","Mexico",2012,766.2776,1097.1419,1745.5239,102.2018,0,1240,17513.2897,-392.3876,14242.426,20342.5427,5590.5674,5436.1417,2641.3392,57739.1484,2543.816,552.9792,122043.8494,2702.5837,17135.0857,3699.6695,0,151.4816,10484.8679,26092527,94735780,56674115,59081795,287378.5457,1.08391666666667,"Mexico"
"América del Norte","Mexico",2013,825.0557,2510.067,1735.2158,106.5156,0,1145,17345.3566,-392.3876,14242.426,19346.3138,5965.286,5018.6626,2433.824,57776.5695,2815.0154,2543.9409,123081.9895,2744.9832,17337.3932,3756.4994,0,910.2158,9919.5196,26100980,96434989,57427865,59862821,291167.462,0.737166666666667,"Mexico"
"América del Norte","Mexico",2014,264.1957,222.0698,1893.3705,130.6396,0,996,17423.9157,-392.3876,14242.426,19332.8003,6215.9542,4669.054,2268.7146,58542.6184,2532.2128,2389.4205,127090.1796,2747.2673,17563.7693,3765.6655,0,121.3407,9919.8082,26095704,98125896,58145362,60610526,291939.0351,0.946916666666667,"Mexico"
"América del Norte","Mexico",2015,402.0402,1225.885,1800.9713,130.6268,0,1096,17368.364,-392.3876,14242.426,19328.7544,6660.5663,4646.2691,2296.0909,59478.1879,2453.211,1784.5348,127578.906,2787.5782,17815.0757,3819.1177,0,842.8187,10724.4786,26078248,99812701,58824776,61325120,296089.515,1.18658333333333,"Mexico"
"América del Norte","Mexico",2016,625.0553,1379.5931,1966.6059,133.1147,0,1086,17987.487,-373.6163,14821.3956,19472.2234,6887.0768,5301.399,2497.4681,60968.728,2703.5061,2057.5645,133143.3771,2842.1195,17957.8246,3876.9419,0,529.4024,10883.253,26048191,101492232,59489629,62029592,306746.5197,1.3705,"Mexico"
"América del Norte","Mexico",2017,1051.9331,2116.7562,1911.6958,133.5905,0,1188,17528.0782,-373.6163,14821.3956,19651.2,7172.8071,5539.058,2372.324,59499.4146,2787.2588,1819.0946,136380.3726,2897.5875,18171.3367,3951.9864,0,466.5641,11090.6767,26004525,103158751,60126616,62712641,310177.5142,1.5345,"Mexico"
"América del Norte","Mexico",2018,748.7591,964.676,1823.6508,145.1302,0,1163,17099.3086,-373.6163,14821.3956,18408.6147,7482.437,4968.5476,2031.6513,58073.2052,2647.0296,814.5458,138124.0636,2972.7169,18393.6145,4044.3246,0,134.8226,11457.9516,25947576,104811498,60685164,63328698,305945.829,1.21941666666667,"Mexico"
"América del Norte","Mexico",2019,992.8914,2681.1054,1795.7837,123.8123,0,1085,17430.4058,-373.6163,14821.3956,18187.8783,7688.3172,5231.4097,2073.675,56616.6321,2677.3735,468.3592,138961.6346,3040.973,18578.4375,4123.7068,0,685.3153,10593.3629,25877808,106450227,61187228,63898082,307483.853,1.43141666666667,"Mexico"
"América del Norte","Mexico",2020,718.2563,2295.9383,1831.0614,152.8544,0,921,12473.5897,-373.6163,14821.3956,17116.737,7760.9019,2449.5262,1858.0045,55116.2221,2502.3464,782.5113,147262.7102,3097.6189,18763.6668,4190.8567,0,800.7508,10593.3629,25795617,108074410,61587451,64410851,305135.6951,1.66216666666667,"Mexico"
"América del Norte","Montserrat",1990,0.0094,0.016,0.0062,2771.35458661556,0,12.2328706489185,1.0543,0.0093,22.5058,NA,37.8386307227124,548.40291670564,1073.2412364429,65.0723473790681,1727.60311370586,2005.79212907803,NA,NA,2148.25169285071,NA,0,0.016,0.7541,9389,1341,5357,5447,10414.1606241494,0.363,"Montserrat"
"América del Norte","Montserrat",1991,0.0094,0.016,NA,4044.15491422451,0,12.2328706489185,1.0543,0.0093,22.5058,NA,37.8386307227124,548.40291670564,1073.2412364429,65.0723473790681,1727.60311370586,2005.79212907803,NA,NA,2148.25169285071,NA,0,0.016,0.5024,9420,1346,5262,5307,11686.7030517584,0.4095,"Montserrat"
"América del Norte","Montserrat",1992,0.0094,0.016,NA,4044.15491422451,0,12.2328706489185,1.0543,0.0093,22.5058,NA,37.8386307227124,548.40291670564,1073.2412364429,65.0723473790681,1727.60311370586,2005.79212907803,NA,NA,2148.25169285071,NA,0,0.016,0.6816,9495,1356,5053,5054,11686.8822517584,0.520333333333333,"Montserrat"
"América del Norte","Montserrat",1993,0.0094,0.016,NA,4044.15491422451,0,12.2328706489185,1.0543,0.0093,22.5058,NA,37.8386307227124,548.40291670564,1073.2412364429,65.0723473790681,1727.60311370586,2005.79212907803,NA,NA,2148.25169285071,NA,0,0.016,0.5173,9525,1361,4792,4756,11686.7179517584,0.550583333333333,"Montserrat"
"América del Norte","Montserrat",1994,0.0094,0.016,NA,4044.15491422451,0,12.2328706489185,1.4058,0.0093,22.5058,NA,37.8386307227124,548.40291670564,1073.2412364429,65.0723473790681,1727.60311370586,2005.79212907803,NA,NA,2148.25169285071,NA,0,0.016,0.5807,9377,1340,4517,4442,11687.1328517584,0.482416666666667,"Montserrat"
"América del Norte","Montserrat",1995,0.0094,0.016,NA,4044.15491422451,0,12.2328706489185,1.4058,0.0093,22.5058,NA,37.8386307227124,548.40291670564,1073.2412364429,65.0723473790681,1727.60311370586,2005.79212907803,NA,NA,2148.25169285071,NA,0,0.016,0.7623,8954,1279,4228,4114,11687.3144517584,0.707416666666667,"Montserrat"
"América del Norte","Montserrat",1996,0,0,NA,4044.15491422451,0,12.2328706489185,1.4058,0.0093,22.5058,NA,37.8386307227124,548.40291670564,1073.2412364429,65.0723473790681,1727.60311370586,2005.79212907803,NA,NA,2148.25169285071,NA,0,0,0.9671,8204,1172,3934,3782,11687.4778517584,0.286,"Montserrat"
"América del Norte","Montserrat",1997,0,0,NA,4044.15491422451,0,12.2328706489185,1.4058,0.0093,22.5058,NA,37.8386307227124,548.40291670564,1073.2412364429,65.0723473790681,1727.60311370586,2005.79212907803,NA,NA,2148.25169285071,NA,0,0,0.5932,7189,1027,3632,3437,11687.1039517584,0.605,"Montserrat"
"América del Norte","Montserrat",1998,0,0,NA,4043.95940955784,0,12.2328706489185,1.4058,0.0093,22.5058,NA,37.8386307227124,548.40291670564,1073.2412364429,65.0723473790681,1727.60311370586,2005.79212907803,NA,NA,2148.25169285071,NA,0,0,0.5873,6932,4,3324,3086,11686.9025470917,0.996583333333333,"Montserrat"
"América del Norte","Montserrat",1999,0,0,NA,3878.77942843245,0,11.481084565897,1.4058,0.0093,22.5058,0.8675,37.8386307227124,17.0046627850269,77.3936507615048,65.0723473790681,451.196291182732,2005.79212907803,NA,NA,2148.25169285071,NA,0,0,0.5397,5768,19,3021,2747,8718.13801775813,0.508,"Montserrat"
"América del Norte","Montserrat",2000,0,0,NA,3878.77942843245,0,11.481084565897,1.4058,0.0093,22.5058,0.631,37.8386307227124,17.0046627850269,77.3936507615048,65.0723473790681,451.196291182732,2005.79212907803,NA,NA,2148.25169285071,NA,0,0,0.5595,4852,103,2720,2418,8717.92131775813,0.341583333333333,"Montserrat"
"América del Norte","Montserrat",2001,0,0,NA,3878.77942843245,0,11.481084565897,1.4058,-0.5493,0,0.3943,37.8386307227124,17.0046627850269,77.3936507615048,65.0723473790681,451.196291182732,2005.79212907803,NA,NA,2148.25169285071,NA,0,0,0.5706,4077,428,2510,2193,8694.63131775813,0.827654044737233,"Montserrat"
"América del Norte","Montserrat",2002,0,0,NA,3295.34628682345,0,11.481084565897,2.2892,-0.5493,0,0.8006,37.8386307227124,17.0046627850269,77.3936507615048,65.0723473790681,451.196291182732,2005.79212907803,NA,NA,2148.25169285071,NA,0,0,1.3083,3962,414,2458,2143,8113.22557614913,0.640583333333333,"Montserrat"
"América del Norte","Montserrat",2003,0,0,NA,3295.34628682345,0,11.481084565897,1.4826,-0.5493,0,0.7919,37.8386307227124,17.0046627850269,77.3936507615048,65.0723473790681,451.196291182732,2005.79212907803,NA,NA,2148.25169285071,NA,0,0,1.2846,4050,421,2462,2165,8112.38657614913,0.773416666666667,"Montserrat"
"América del Norte","Montserrat",2004,0,0,NA,3210.06391242299,0,11.481084565897,1.873,-0.5493,0,1.6438,37.8386307227124,17.0046627850269,77.3936507615048,65.0723473790681,451.196291182732,2005.79212907803,NA,NA,2148.25169285071,NA,0,0,1.3907,4208,436,2466,2190,8028.45260174867,0.48575,"Montserrat"
"América del Norte","Montserrat",2005,0,0,NA,3297.34031809391,0,11.481084565897,1.4569,-0.5493,0,0.8674,37.8386307227124,17.0046627850269,77.3936507615048,65.0723473790681,451.196291182732,2005.79212907803,NA,NA,2148.25169285071,NA,0,0,1.3791,4332,446,2475,2218,8114.5249074196,0.845583333333333,"Montserrat"
"América del Norte","Montserrat",2006,0,0,NA,2523.40194691713,0,11.481084565897,1.6649,-0.5493,0,0.6311,37.8386307227124,17.0046627850269,77.3936507615048,65.0723473790681,451.196291182732,2005.79212907803,NA,NA,2148.25169285071,NA,0,0,1.5589,4395,451,2486,2245,7340.73803624282,0.6855,"Montserrat"
"América del Norte","Montserrat",2007,0,0,NA,2523.40194691713,0,11.481084565897,1.7572,-0.5493,0,0.3954,44.3894236950661,17.0046627850269,77.3936507615048,65.0723473790681,451.196291182732,2005.79212907803,NA,NA,2148.25169285071,NA,0,0,2.2337,4436,453,2498,2271,7347.82022921517,0.916,"Montserrat"
"América del Norte","Montserrat",2008,0,0,NA,2523.40194691713,0,11.481084565897,1.6517,-0.5493,0,0.7998,44.3894236950661,17.0046627850269,77.3936507615048,65.0723473790681,451.196291182732,2005.79212907803,NA,NA,2148.25169285071,NA,0,0,1.5171,4455,453,2512,2301,7347.40252921517,0.334833333333333,"Montserrat"
"América del Norte","Montserrat",2009,0,0,NA,3125.28844902842,0,11.481084565897,1.7221,-0.5493,0,0.8165,44.3894236950661,17.0046627850269,77.3936507615048,65.0723473790681,451.196291182732,2005.79212907803,NA,NA,2148.25169285071,NA,0,0,1.4661,4471,452,2532,2339,7949.32513132645,0.56575,"Montserrat"
"América del Norte","Montserrat",2010,0.2445,0.4168,NA,2523.40194691713,0,11.481084565897,2.3898,-0.5493,0,1.6198,44.3894236950661,17.0046627850269,77.3936507615048,65.0723473790681,451.196291182732,1893.57608553789,NA,NA,2148.25169285071,NA,0,0.4168,1.7719,4492,452,2557,2381,7238.07748567503,1.13808333333333,"Montserrat"
"América del Norte","Montserrat",2011,0,0,NA,3295.34628682345,0,11.481084565897,1.4409,-0.3363,0,1.9181,44.3894236950661,17.0046627850269,77.3936507615048,65.0723473790681,451.196291182732,2005.79212907803,NA,NA,2148.25169285071,NA,0,0,1.3186,4539,455,2565,2396,8120.26886912149,0.587666666666667,"Montserrat"
"América del Norte","Montserrat",2012,0,0,NA,3295.34628682345,0,11.481084565897,1.5113,-0.3363,0,1.7775,44.3894236950661,17.0046627850269,77.3936507615048,65.0723473790681,451.196291182732,2005.79212907803,NA,NA,2148.25169285071,NA,0,0,1.3164,4574,457,2563,2412,8120.19646912148,0.71225,"Montserrat"
"América del Norte","Montserrat",2013,0,0,NA,3125.28844902842,0,11.481084565897,1.7221,-0.3363,0,1.4889,44.3894236950661,17.0046627850269,77.3936507615048,65.0723473790681,451.196291182732,2005.79212907803,NA,NA,2148.25169285071,NA,0,0,1.4617,4609,459,2570,2440,7950.20613132645,0.801916666666667,"Montserrat"
"América del Norte","Montserrat",2014,0,0,NA,3210.06391242299,0,11.481084565897,1.8979,-0.3363,0,0.9048,44.3894236950661,17.0046627850269,77.3936507615048,65.0723473790681,451.196291182732,2005.79212907803,NA,NA,2148.25169285071,NA,0,0,1.3879,4637,461,2579,2473,8034.49949472102,0.715333333333333,"Montserrat"
"América del Norte","Montserrat",2015,0,0,NA,3295.34628682345,0,11.481084565897,2.0735,-0.3363,0,0.7573,44.3894236950661,17.0046627850269,77.3936507615048,65.0723473790681,451.196291182732,2005.79212907803,NA,NA,2148.25169285071,NA,0,0,1.306,4661,463,2578,2481,8119.72806912148,1.11025,"Montserrat"
"América del Norte","Montserrat",2016,0,0,NA,3917.21841295809,0,11.481084565897,1.0192,-0.7273,0,0.4561,44.3894236950661,17.0046627850269,77.3936507615048,65.0723473790681,451.196291182732,2005.79212907803,NA,NA,2148.25169285071,NA,0,0,0.716,4686,466,2583,2502,8739.26369525612,1.08058333333333,"Montserrat"
"América del Norte","Montserrat",2017,0,0,NA,3917.21841295809,0,11.481084565897,1.0192,-0.7273,0,0.9248,44.3894236950661,17.0046627850269,77.3936507615048,65.0723473790681,451.196291182732,2005.79212907803,NA,NA,2148.25169285071,NA,0,0,0.6387,4709,468,2446,2253,8739.65509525612,0.958583333333333,"Montserrat"
"América del Norte","Montserrat",2018,0,0,NA,3917.41391762475,0,11.481084565897,1.3706,-0.7273,0,0.5431,44.3894236950661,17.0046627850269,77.3936507615048,65.0723473790681,451.196291182732,2005.79212907803,NA,NA,2148.25169285071,NA,0,0,0.8035,4731,472,2326,2033,8739.98509992279,0.560166666666667,"Montserrat"
"América del Norte","Montserrat",2019,0,0,NA,3917.41391762475,0,11.481084565897,1.0192,-0.7273,0,0.4977,44.3894236950661,17.0046627850269,77.3936507615048,65.0723473790681,451.196291182732,2005.79212907803,NA,NA,2148.25169285071,NA,0,0,0.5956,4746,474,2370,2135,8739.38039992279,0.895583333333333,"Montserrat"
"América del Norte","Montserrat",2020,0,0,NA,3917.21841295809,0,11.481084565897,0.8785,-0.7273,0,0.6488,44.3894236950661,17.0046627850269,77.3936507615048,65.0723473790681,451.196291182732,2005.79212907803,NA,NA,2148.25169285071,NA,0,0,0.7536,4765,478,2364,2136,8739.35329525612,1.0455,"Montserrat"
"América del Norte","Netherlands Antilles (former)",1990,0,0,NA,926.342278472449,0,13.0229335139037,114.2204,0.0014,0,64.2726,554.354155698897,24.2851173111753,124.105574481454,79.8276781505443,512.472019145155,1632.23376371298,4.9104,NA,2313.95588433311,NA,0,0,77.8165,25381,162858,111369,117821,6441.82070481966,0.332083333333333,"Netherlands Antilles (former)"
"América del Norte","Netherlands Antilles (former)",1991,0,0,NA,926.342278472449,0,13.0229335139037,135.9293,0.0014,0,65.7332,560.189885113114,24.2851173111753,124.105574481454,85.6831123241213,512.472019145155,1632.23376371298,4.9204,NA,2313.95588433311,NA,0,0,83.8702,25032,164170,112445,119223,6482.74506840745,0.303666666666667,"Netherlands Antilles (former)"
"América del Norte","Netherlands Antilles (former)",1992,0,0,NA,926.342278472449,0,13.0229335139037,116.3556,0.0014,0,68.6548,554.354155698897,24.2851173111753,124.105574481454,85.6831123241213,512.472019145155,1665.40860629309,26.5004,NA,2313.95588433311,NA,0,0,70.3803,24417,165628,112994,120166,6501.52218157335,0.34,"Netherlands Antilles (former)"
"América del Norte","Netherlands Antilles (former)",1993,0,0,NA,926.342278472449,0,11.6854146617992,90.5623,0.0014,0,68.6548,161.124920311788,24.2851173111753,67.6313660738584,65.0723473790681,451.196291182732,1664.25739148059,45.6004,NA,2313.95588433311,NA,0,0,36.8066,23400,167146,112775,120395,5927.17651120657,0.6105,"Netherlands Antilles (former)"
"América del Norte","Netherlands Antilles (former)",1994,0,0,NA,926.342278472449,0,13.0229335139037,122.8776,0.0014,0,70.1154,560.189885113114,24.2851173111753,124.105574481454,85.6831123241213,512.472019145155,1682.70106879309,40.7004,NA,2313.95588433311,NA,0,0,49.8334,22369,168090,112060,120169,6526.28607348757,0.526,"Netherlands Antilles (former)"
"América del Norte","Netherlands Antilles (former)",1995,0,0,NA,926.342278472449,0,13.0229335139037,126.7303,0.0014,0,73.0367,560.189885113114,24.2851173111753,124.105574481454,85.6831123241213,512.472019145155,1682.70106879309,41.2004,NA,2313.95588433311,NA,0,0,85.8859,21285,168339,111182,119792,6569.61257348757,0.71875,"Netherlands Antilles (former)"
"América del Norte","Netherlands Antilles (former)",1996,0,0,NA,926.342278472449,0,11.6854146617992,90.4242,0.0014,0,73.0367,161.124920311788,24.2851173111753,67.6313660738584,65.0723473790681,451.196291182732,1664.25739148059,42.4004,NA,2313.95588433311,NA,0,0,64.2181,20146,167854,110156,119280,5955.63181120657,0.3465,"Netherlands Antilles (former)"
"América del Norte","Netherlands Antilles (former)",1997,0,0,NA,926.342278472449,0,11.5764944308326,77.5851,0.0014,0,75.9583,58.3104236795832,24.2851173111753,67.6313660738584,65.0723473790681,451.196291182732,1664.25739148059,44.2004,NA,2313.95588433311,NA,0,0,43.1069,18992,166770,108996,118662,5823.47969434339,0.598916666666667,"Netherlands Antilles (former)"
"América del Norte","Netherlands Antilles (former)",1998,0,0,NA,926.342278472449,0,13.1288416569729,136.219,0.0014,0,84.7228,560.189885113114,24.2851173111753,124.105574481454,85.6831123241213,512.472019145155,1682.70106879309,46.0004,NA,2313.95588433311,NA,0,0,125.9993,17855,165297,107728,117939,6635.80668163064,1.07175,"Netherlands Antilles (former)"
"América del Norte","Netherlands Antilles (former)",1999,0,0,NA,926.342278472449,0,13.1288416569729,131.2498,0.0014,0,84.7228,560.189885113114,24.2851173111753,124.105574481454,85.6831123241213,512.472019145155,1682.70106879309,47.8004,NA,2313.95588433311,NA,0,0,132.1835,16788,163776,106505,117258,6638.82168163064,0.387333333333333,"Netherlands Antilles (former)"
"América del Norte","Netherlands Antilles (former)",2000,0,0,NA,926.342278472449,0,13.1288416569729,122.1257,0.0014,0,83.2621,560.189885113114,24.2851173111753,124.105574481454,85.6831123241213,512.472019145155,1682.70106879309,49.6004,NA,2313.95588433311,NA,0,0,139.5204,15822,162489,105640,116924,6637.37378163064,0.29575,"Netherlands Antilles (former)"
"América del Norte","Netherlands Antilles (former)",2001,0,0,NA,926.342278472449,0,13.1288416569729,122.8375,-0.0813,0,83.2228,560.189885113114,24.2851173111753,124.105574481454,85.6831123241213,512.472019145155,1682.70106879309,50.2004,NA,2313.95588433311,NA,0,0,159.2475,15274,161130,105638,117292,6658.29068163064,0.684,"Netherlands Antilles (former)"
"América del Norte","Netherlands Antilles (former)",2002,0,0,NA,926.342278472449,0,13.1288416569729,123.1936,-0.0813,0,84.5262,560.189885113114,24.2851173111753,124.105574481454,85.6831123241213,512.472019145155,1682.70106879309,50.2004,NA,2313.95588433311,NA,0,0,170.9986,15235,159662,106745,118591,6671.70128163064,0.832666666666667,"Netherlands Antilles (former)"
"América del Norte","Netherlands Antilles (former)",2003,0,0,NA,926.342278472449,0,13.1288416569729,128.5276,-0.0813,0,80.6642,560.189885113114,24.2851173111753,124.105574481454,85.6831123241213,512.472019145155,1581.10642711751,50.3004,NA,2313.95588433311,NA,0,0,182.3942,15279,158836,108442,120518,6583.07423995505,0.94175,"Netherlands Antilles (former)"
"América del Norte","Netherlands Antilles (former)",2004,0,0,NA,926.342278472449,0,13.1288416569729,129.9466,-0.0813,0,81.1769,560.189885113114,24.2851173111753,124.105574481454,85.6831123241213,512.472019145155,1581.10642711751,51.6004,NA,2313.95588433311,NA,0,0,201.4852,15483,159032,110232,122631,6605.39693995505,0.587666666666667,"Netherlands Antilles (former)"
"América del Norte","Netherlands Antilles (former)",2005,0,0,NA,926.342278472449,0,13.1288416569729,131.7217,-0.0813,0,83.2463,560.189885113114,24.2851173111753,124.105574481454,85.6831123241213,512.472019145155,1581.10642711751,54.5004,NA,2313.95588433311,NA,0,0,203.3709,15885,160443,112088,124889,6614.02713995505,0.77725,"Netherlands Antilles (former)"
"América del Norte","Netherlands Antilles (former)",2006,0,0,NA,926.342278472449,0,20.1740342178078,167.9341,-0.0813,0,100.8039,584.518655158113,24.2851173111753,124.105574481454,85.6831123241213,512.472019145155,1581.10642711751,55.4004,NA,2313.95588433311,NA,0,0,220.3219,16520,163232,114013,127289,6717.02210256089,0.67975,"Netherlands Antilles (former)"
"América del Norte","Netherlands Antilles (former)",2007,0,0,NA,926.342278472449,0,22.2074215398877,174.6784,-0.0813,0,105.4307,591.069448130467,24.2851173111753,124.105574481454,85.6831123241213,512.472019145155,1581.10642711751,58.8004,NA,2313.95588433311,NA,0,0,260.721,17365,167221,115957,129713,6780.77648285532,0.843333333333333,"Netherlands Antilles (former)"
"América del Norte","Netherlands Antilles (former)",2008,0,0,NA,926.342278472449,0,22.2612397651842,177.8725,-0.0813,0,108.137,591.069448130467,24.2851173111753,124.105574481454,85.6831123241213,512.472019145155,1682.70106879309,58.4004,NA,2313.95588433311,NA,0,0,144.485,18333,171987,117883,132124,6771.6893427562,0.539416666666667,"Netherlands Antilles (former)"
"América del Norte","Netherlands Antilles (former)",2009,0,0,NA,926.342278472449,0,21.5290011691026,170.7724,-0.0813,0,105.8627,591.069448130467,24.2851173111753,124.105574481454,85.6831123241213,512.472019145155,1682.70106879309,56.1004,NA,2313.95588433311,NA,0,0,131.1337,19306,176905,119760,134472,6745.93140416012,0.989916666666667,"Netherlands Antilles (former)"
"América del Norte","Netherlands Antilles (former)",2010,0,0,NA,926.342278472449,0,21.8565820424286,173.9666,-0.0813,0,101.4161,591.069448130467,24.2851173111753,124.105574481454,85.6831123241213,512.472019145155,1581.10642711751,56.7004,NA,2313.95588433311,NA,0,0,228.6415,20190,181482,121465,136617,6741.51974335786,1.17241666666667,"Netherlands Antilles (former)"
"América del Norte","Nicaragua",1990,94.4084,124.2433,37.7155,36.0013,48.1347,9,76.5928,-38.3198,19489.9865,71.6176,86.7914,40.6756,67.6313660738584,1700.7693,209.587728357542,356.491016867166,115.0121,100.3209,1327.3128,178.6354,0,121.8219,81.6944,1944855,2199710,2087657,2140163,24336.1242112986,0.414916666666667,"Nicaragua"
"América del Norte","Nicaragua",1991,94.4084,124.2433,33.1108,31.6109,48.1347,3,88.929,-38.3198,19489.9865,76.8752,85.3495,41.4712,67.6313660738584,1700.4089,209.587728357542,356.491016867166,124.0123,96.4469,1046.7154,153.857,0,121.8219,50.8014,1976379,2260422,2136953,2190336,24006.5736112986,0.51125,"Nicaragua"
"América del Norte","Nicaragua",1992,94.4084,124.2433,37.1348,41.2698,48.1347,6,108.9422,-38.3198,19489.9865,97.8202,88.7798,51.2955,67.6313660738584,1701.1466,209.587728357542,356.491016867166,141.0126,96.0748,1168.9826,158.4636,0,121.8219,37.107,2008421,2322856,2186537,2240635,24208.0146112986,0.500416666666667,"Nicaragua"
"América del Norte","Nicaragua",1993,94.4084,124.2433,43.0048,44.4967,48.1347,4,107.6738,-38.3198,19489.9865,91.721,60.9089,41.0177,67.6313660738584,1699.9494,209.587728357542,356.491016867166,132.0129,101.286,1315.8657,168.9746,0,121.8219,33.9424,2040364,2386216,2235924,2290765,24318.8390112986,0.30575,"Nicaragua"
"América del Norte","Nicaragua",1994,94.4084,124.2433,40.1736,45.5669,48.1347,3,112.2514,-38.3198,19489.9865,98.5535,72.0921,46.0123,67.6313660738584,1715.095,209.587728357542,356.491016867166,156.0132,94.7684,1327.732,159.1035,0,121.8219,40.9887,2071243,2449482,2284838,2340422,24385.3357112986,0.780916666666667,"Nicaragua"
"América del Norte","Nicaragua",1995,94.4084,124.2433,46.795,49.1435,48.1347,13.2539220393174,115.2088,-38.3198,19489.9865,103.0638,65.6689,42.5657,67.6313660738584,1737.5867,209.587728357542,356.491016867166,162.0134,99.3442,1128.0399,152.1869,0,121.8219,40.9887,2101465,2510763,2332849,2389080,24229.8445333379,0.886666666666667,"Nicaragua"
"América del Norte","Nicaragua",1996,32.0938,118.3975,49.4691,52.8063,48.1347,17,121.5923,-38.3198,19489.9865,107.2659,69.3059,44.7122,67.6313660738584,1747.1256,209.587728357542,356.491016867166,178.0137,101.6633,1083.5914,146.627,0,117.1212,44.4986,2134760,2566019,2377409,2434983,24164.7953112986,0.0108333333333333,"Nicaragua"
"América del Norte","Nicaragua",1997,35.6052,214.6198,47.8121,58.4966,48.1347,33,135.7446,-38.3198,19489.9865,120.2994,48.2293,61.3563,67.6313660738584,1756.7682,209.587728357542,356.491016867166,187.014,109.8272,1181.2549,157.4103,0,208.4951,48.0057,2166596,2620044,2418104,2477859,24537.4502112986,0.84925,"Nicaragua"
"América del Norte","Nicaragua",1998,48.7971,790.9001,54.1476,65.5212,44.608,69,151.3669,-38.3198,19489.9865,113.4109,50.6003,62.9247,67.6313660738584,1759.0541,209.587728357542,356.491016867166,187.0142,114.8075,1134.2053,156.9352,0,769.7125,26.9254,2196872,2672754,2456421,2518131,25685.3078112986,1.03041666666667,"Nicaragua"
"América del Norte","Nicaragua",1999,32.0369,193.9003,48.104,44.0812,44.608,60,160.082,-38.3198,19489.9865,116.6747,61.1159,50.9151,67.6313660738584,1774.2734,209.587728357542,356.491016867166,176.0144,211.12,1247.6396,183.7555,0,188.5105,23.0172,2225576,2724084,2493059,2556818,24701.2255112986,0.12575,"Nicaragua"
"América del Norte","Nicaragua",2000,41.0745,229.2975,62.3193,72.7693,41.0812,78,165.7885,-38.3198,19489.9865,118.1723,81.4308,54.855,67.6313660738584,1780.3286,209.587728357542,356.491016867166,252.0147,223.9464,1284.0765,193.0992,0,219.8584,23.389,2252737,2774059,2528472,2594751,25006.8780112986,0.169833333333333,"Nicaragua"
"América del Norte","Nicaragua",2001,29.1027,9.703,60.2868,65.9203,41.0812,70,168.0559,-266.4878,23825.763,121.2074,100.309,54.228,67.6313660738584,1789.4138,209.587728357542,356.491016867166,244.0149,227.6708,1296.8568,196.6453,0,9.4442,23.389,2278271,2822479,2561907,2630858,28700.3144112986,0.574916666666667,"Nicaragua"
"América del Norte","Nicaragua",2002,39.9709,5.805,70.3212,72.2284,41.0812,96,175.1078,-266.4878,23825.763,125.6349,115.6945,43.3953,67.6313660738584,1791.999,209.587728357542,356.491016867166,257.0151,233.4222,1314.3951,200.5545,0,5.4169,26.9254,2302257,2869477,2593630,2665376,28807.9527112986,0.816833333333333,"Nicaragua"
"América del Norte","Nicaragua",2003,212.3882,207.876,76.5014,72.89,41.0812,111,176.176,-266.4878,23825.763,134.4131,131.7977,35.4881,67.6313660738584,1797.5919,209.587728357542,356.491016867166,401.0153,237.9079,1377.023,208.1559,0,205.2884,30.4353,2325221,2915658,2624209,2698853,29650.0147112986,0.609583333333333,"Nicaragua"
"América del Norte","Nicaragua",2004,58.2382,15.536,61.4657,57.7369,41.0812,82,169.4482,-266.4878,23825.763,138.3634,150.1562,36.7898,67.6313660738584,1799.428,209.587728357542,356.491016867166,246.0155,242.3061,1336.1656,206.5141,0,15.2773,33.9424,2347830,2961873,2654303,2731919,28883.4499112986,0.658333333333333,"Nicaragua"
"América del Norte","Nicaragua",2005,262.5947,223.7659,74.0004,75.0029,41.0812,176,169.2532,-266.4878,23825.763,140.8874,165.3329,32.5315,67.6313660738584,1808.1596,264.744910835843,356.491016867166,248.0157,252.5936,1373.2203,212.3379,0,221.9545,33.7762,2370424,3008904,2687501,2767177,29758.6503937769,0.826166666666667,"Nicaragua"
"América del Norte","Nicaragua",2006,74.7483,44.5649,66.3043,68.8446,41.0812,133,174.7297,-266.4878,23825.763,153.7968,184.0675,35.2309,67.6313660738584,1819.49,218.048208234333,356.491016867166,247.0159,257.713,1410.4371,216.8155,0,44.3061,37.1465,2390923,3059288,2724497,2805314,29210.7380911754,0.762583333333333,"Nicaragua"
"América del Norte","Nicaragua",2007,67.8674,15.2691,63.8798,53.588,41.0812,329,178.5739,-266.4878,23825.763,179.0091,193.4768,33.3427,67.6313660738584,1830.6338,304.512023624311,356.491016867166,247.0161,265.3787,1405.1121,217.9724,0,15.1397,22.8877,2411595,3110511,2762742,2844711,29447.1381065653,0.795083333333333,"Nicaragua"
"América del Norte","Nicaragua",2008,118.2119,42.3541,60.4719,55.7965,41.0812,319,173.5313,-266.4878,23825.763,175.0126,185.5468,33.4698,67.6313660738584,1839.3219,304.512023624311,356.491016867166,245.0163,273.1482,1399.5831,219.0355,0,42.2247,33.275,2432201,3162305,2802298,2885445,29543.9904065653,0.567,"Nicaragua"
"América del Norte","Nicaragua",2009,44.8707,22.6397,66.8435,57.8239,41.0812,309,179.4446,-266.4878,23825.763,182.8477,211.5055,44.5394,67.6313660738584,1849.3016,271.243673167076,356.491016867166,244.0165,282.1364,1414.8432,222.3306,0,22.6397,36.6188,2452422,3214159,2843140,2927499,29487.1242561081,0.901416666666667,"Nicaragua"
"América del Norte","Nicaragua",2010,151.7597,79.4467,68.1386,69.2382,39.2656,402,184.9084,-266.4878,23825.763,190.2198,199.6943,31.1654,67.6313660738584,1859.7737,361.971522682687,356.491016867166,269.0167,284.9796,1434.6401,225.0904,0,79.4467,36.4526,2471956,3265767,2885079,2970655,29950.6056056237,0.70525,"Nicaragua"
"América del Norte","Nicaragua",2011,78.9666,51.3506,77.0296,78.6956,39.2656,168,193.0279,-978.4188,11895.4722,204.021,205.1678,36.1575,67.6313660738584,1869.1882,259.654396684404,356.491016867166,306.0169,274.4403,1616.3805,230.5317,0,48.8921,36.2865,2490775,3317045,2927885,3014669,17114.2485796254,0.789583333333333,"Nicaragua"
"América del Norte","Nicaragua",2012,45.3787,25.4072,76.8784,86.9393,39.2656,135,208.2629,-978.4188,11895.4722,201.8357,201.4186,39.2921,67.6313660738584,1882.5904,250.793194539806,356.491016867166,274.0171,283.3933,1688.1708,245.3194,0,25.2778,36.1175,2508971,3368137,2971314,3059293,17086.5337774808,0.72775,"Nicaragua"
"América del Norte","Nicaragua",2013,140.9211,102.4459,70.4086,58.6949,39.2656,190,202.329,-978.4188,11895.4722,192.1706,208.0503,30.369,67.6313660738584,1900.7417,303.988659472549,356.491016867166,286.0173,281.123,1792.545,253.0328,0,101.6695,39.4878,2526665,3419082,3015111,3104267,17534.4365424136,1.23733333333333,"Nicaragua"
"América del Norte","Nicaragua",2014,170.9839,136.949,62.6786,51.8851,37.4501,191,221.4799,-978.4188,11895.4722,196.8456,220.1337,37.2185,67.6313660738584,1897.6421,303.988659472549,356.491016867166,306.0175,279.0193,1901.9466,265.608,0,136.949,42.8315,2543925,3470072,3059189,3149486,17801.8028424136,0.693333333333333,"Nicaragua"
"América del Norte","Nicaragua",2015,50.2488,64.1671,56.3326,42.7445,37.4501,227,249.7164,-978.4188,11895.4722,218.8564,245.997,41.234,67.6313660738584,1879.6459,303.988659472549,356.491016867166,322.0177,277.3274,2016.4265,278.8515,0,64.1671,49.1627,2560844,3521191,3103613,3194985,17766.5101424136,1.20958333333333,"Nicaragua"
"América del Norte","Nicaragua",2016,125.6562,148.0578,68.5416,52.481,37.4501,219,256.6626,-978.4188,20430.0855,235.3089,267.1434,39.4914,67.6313660738584,1889.277,303.988659472549,356.491016867166,338.0179,288.2078,1999.9708,282.0989,0,148.0578,48.9966,2577435,3572493,3148451,3240784,26624.1975424136,1.21983333333333,"Nicaragua"
"América del Norte","Nicaragua",2017,36.7957,24.7222,65.5825,53.2328,37.4501,217,273.5045,-978.4188,20430.0855,220.3302,274.3379,36.6162,67.6313660738584,1896.1557,303.988659472549,356.491016867166,339.0181,276.6194,1954.6251,266.8935,0,24.7222,52.3668,2592801,3624780,3193665,3286867,26229.7506424136,1.0265,"Nicaragua"
"América del Norte","Nicaragua",2018,129.009,104.5761,64.4238,54.6903,37.4501,188,261.4242,-978.4188,20430.0855,227.466,288.8212,38.0238,67.6313660738584,1897.6432,303.988659472549,356.491016867166,301.0183,276.9046,2020.59,272.4184,0,104.4467,48.6643,2606772,3677985,3239062,3333171,26495.3477424136,0.827333333333333,"Nicaragua"
"América del Norte","Nicaragua",2019,107.2696,122.3555,66.5538,57.9447,32.6802,213,258.5756,-978.4188,20430.0855,233.0027,303.7604,39.5515,67.6313660738584,1898.3842,303.988659472549,356.491016867166,269.0186,255.2122,2077.7238,273.1794,0,118.4738,47.523,2619224,3731933,3284332,3379591,26553.9867424136,1.15575,"Nicaragua"
"América del Norte","Nicaragua",2020,170.3879,212.4757,66.5765,58.0113,32.6802,213,261.4436,-978.4188,20430.0855,241.4819,318.6025,39.5515,67.6313660738584,1899.1427,303.988659472549,356.491016867166,270.0187,259.1162,2116.5823,277.4342,0,206.265,47.523,2630055,3786513,3329347,3426548,26870.0709424136,1.56691666666667,"Nicaragua"
"América del Norte","Panama",1990,21.4722,14.2831,25.802,38.5575,680.4521,52,145.7669,-677.0775,5821.6213,127.6502,48.5385,3.8214,67.6313660738584,2187.6244,242.332714663014,1.3177,149.0072,55.1148,588.9189,81.6803,0,13.1514,55.5674,1139073,1331936,1234559,1215409,9745.23388073687,0.422083333333333,"Panama"
"América del Norte","Panama",1991,21.4722,14.2831,24.5802,36.8833,680.4521,59,152.5794,-677.0775,5821.6213,148.3802,51.1365,5.8586,67.6313660738584,2052.8118,242.332714663014,1.3133,150.0074,60.8707,598.3897,87.9422,0,13.1514,62.2666,1141568,1381613,1260244,1241800,9675.88658073687,0.512416666666667,"Panama"
"América del Norte","Panama",1992,21.4722,14.2831,24.7021,36.5109,680.4521,67,163.9773,-677.0775,5821.6213,180.965,53.5371,8.2434,67.6313660738584,1918.309,242.332714663014,1.2887,128.0075,62.5784,607.5635,91.4133,0,13.1514,65.1938,1143509,1432509,1286067,1268315,9593.15668073687,0.443,"Panama"
"América del Norte","Panama",1993,21.4722,14.2831,24.593,36.652,680.4521,62,176.7712,-677.0775,5821.6213,170.1868,37.2002,6.026,67.6313660738584,1782.8759,242.332714663014,1.2602,267.0077,65.2929,612.0349,90.6927,0,13.1514,69.0146,1145040,1484604,1312313,1295187,9585.47478073688,0.514583333333333,"Panama"
"América del Norte","Panama",1994,21.4722,14.2831,25.5895,38.2866,680.4521,62,189.2196,-677.0775,5821.6213,186.1145,42.0626,6.0587,67.6313660738584,1645.5484,242.332714663014,1.278,286.0078,65.6241,622.3759,91.6301,0,13.1514,74.0455,1146122,1538061,1338985,1322399,9519.70798073687,0.386416666666667,"Panama"
"América del Norte","Panama",1995,21.4722,14.2831,26.2166,38.7884,680.4521,57,158.9388,-677.0775,5821.6213,191.2696,48.1195,6.3304,67.6313660738584,1508.7661,242.332714663014,1.2709,286.008,65.8235,623.0056,91.9751,0,13.1514,79.7673,1146820,1592910,1366096,1349971,9367.14648073687,0.638666666666667,"Panama"
"América del Norte","Panama",1996,3.0001,11.2914,25.7875,36.6167,680.4521,33,205.8304,-677.0775,5821.6213,179.3252,54.8004,4.4853,67.6313660738584,1514.8215,242.332714663014,1.284,300.0082,63.1931,615.929,88.7939,0,9.9377,80.3308,1147123,1649221,1393671,1377935,9363.39518073688,0.259333333333333,"Panama"
"América del Norte","Panama",1997,2.2564,13.1729,18.2158,27.291,680.7975,35,218.288,-677.0775,5821.6213,203.4622,66.3221,5.5041,67.6313660738584,1574.9307,242.332714663014,1.304,323.0083,62.2621,583.8143,85.8434,0,9.1689,79.8913,1147085,1706856,1421693,1406299,9445.04088073687,0.714,"Panama"
"América del Norte","Panama",1998,2.0227,18.8613,23.0399,34.5862,680.7975,29.2025057967695,244.253,-677.0775,5821.6213,268.058,128.7676,8.6974,67.6313660738584,1693.2921,242.332714663014,1.3165,344.0085,66.3774,597.6253,90.8741,0,16.3077,87.4892,1146533,1765795,1450127,1435050,9790.08478653364,0.893,"Panama"
"América del Norte","Panama",1999,2.0745,12.661,21.3316,30.5603,680.7975,21,261.2012,-677.0775,5821.6213,206.6706,105.9047,4.3345,67.6313660738584,1705.174,242.332714663014,1.3388,348.0087,71.9431,584.3939,92.7861,0,10.6576,90.6473,1145382,1825815,1478953,1464167,9705.99328073687,-0.0439166666666667,"Panama"
"América del Norte","Panama",2000,2.0338,18.6005,24.4441,37.3662,680.7975,20,263.5042,-677.0775,5821.6213,216.9479,157.6348,4.4356,67.6313660738584,1696.0969,242.332714663014,1.3353,429.0088,74.6946,580.5517,94.5575,0,16.812,105.3596,1145519,1884828,1508117,1493614,9878.68888073688,0.132916666666667,"Panama"
"América del Norte","Panama",2001,20.3533,4.1648,28.7682,41.8186,680.7975,75,253.028,-718.7917,4272.2812,274.6991,258.3904,7.6128,67.6313660738584,1688.1071,242.332714663014,1.3424,372.009,77.7317,651.1102,102.212,0,4.1648,117.6719,1158733,1930951,1537633,1523390,8522.43538073687,0.602833333333333,"Panama"
"América del Norte","Panama",2002,23.1857,4.5814,30.3322,45.1858,679.9408,9,268.3778,-718.7917,4272.2812,243.8422,258.0215,5.107,67.6313660738584,1680.3686,242.332714663014,1.3555,339.0092,78.2584,653.7746,102.0847,0,4.5814,89.9561,1171701,1977564,1567505,1553486,8380.41648073687,0.910916666666667,"Panama"
"América del Norte","Panama",2003,76.9298,129.989,33.8362,48.2787,679.9408,67,275.9333,-718.7917,4272.2812,323.4058,336.1681,6.5074,67.6313660738584,1672.4887,242.332714663014,1.3758,396.0094,77.6908,637.216,100.961,0,123.005,129.6062,1184467,2024707,1597706,1583902,8979.79558073687,0.877916666666667,"Panama"
"América del Norte","Panama",2004,68.8273,21.1274,28.2822,45.1741,679.9408,61,290.5473,-718.7917,4272.2812,259.3679,340.5886,4.5792,67.6313660738584,1665.0948,242.332714663014,1.333,459.0095,77.5568,631.2721,99.3512,0,19.5754,92.4587,1197063,2072478,1628444,1614867,8708.53988073687,0.723416666666667,"Panama"
"América del Norte","Panama",2005,9.1032,1.8048,26.3087,37.5026,679.9408,67,282.2491,-718.7917,4272.2812,281.2904,401.0553,4.6946,67.6313660738584,1659.6223,242.332714663014,1.3264,458.0097,78.1239,664.4526,101.3222,0,1.8048,98.0145,1209565,2120900,1659586,1646282,8717.07948073687,0.7,"Panama"
"América del Norte","Panama",2006,31.7208,4.8592,27.5682,42.924,678.3716,9,294.8695,-718.7917,4272.2812,366.9985,448.4817,5.4226,67.6313660738584,1654.5553,242.332714663014,1.3718,454.0099,77.0075,662.8627,100.0803,0,4.8592,112.1012,1221915,2169990,1690750,1677823,8840.51758073687,0.814166666666667,"Panama"
"América del Norte","Panama",2007,12.5866,3.1742,26.4115,39.004,677.5156,40.3562820680619,316.9741,-718.7917,4272.2812,334.3563,498.3717,5.7538,67.6313660738584,1651.1735,242.332714663014,1.3201,449.0101,84.8461,646.3447,104.8544,0,2.9155,41.1929,1234105,2219702,1722008,1709605,8799.61496280494,0.603083333333333,"Panama"
"América del Norte","Panama",2008,19.3883,11.8013,27.163,39.4548,677.5156,50,343.7087,-718.7917,4272.2812,321.4113,454.7267,4.9136,67.6313660738584,1647.3937,242.332714663014,1.3284,760.0103,89.3599,678.9217,108.7283,0,11.8013,54.1438,1246153,2270115,1753495,1741781,9165.22428073687,0.449083333333333,"Panama"
"América del Norte","Panama",2009,46.6539,20.964,26.815,39.3372,676.0625,52,380.1889,-718.7917,4272.2812,388.1748,532.5619,6.1792,67.6313660738584,1642.9048,242.332714663014,1.3861,692.0104,85.5881,681.5739,103.2123,0,20.964,55.3266,1258135,2321250,1785120,1774222,9315.35718073687,1.01816666666667,"Panama"
"América del Norte","Panama",2010,8.5536,1.9437,25.5637,41.2584,675.2058,50,408.4984,-718.7917,4272.2812,422.364,551.12,6.4495,67.6313660738584,1638.9874,242.332714663014,1.3251,614.0106,89.1325,688.9199,105.0165,0,1.9437,59.3704,1270027,2373195,1816819,1806799,9253.11678073688,0.850416666666667,"Panama"
"América del Norte","Panama",2011,5.3307,0.4165,27.3417,38.6786,675.2058,49,423.333,-341.8074,3895.6082,457.581,580.054,6.8909,67.6313660738584,1636.9444,209.587728357542,1.365,718.0108,94.1843,725.5241,113.5158,0,0.4165,54.4124,1281524,2426258,1848911,1839763,9439.2253944314,0.6395,"Panama"
"América del Norte","Panama",2012,19.8578,4.9885,24.9475,33.8414,675.5512,36,429.621,-341.8074,3895.6082,431.2735,555.2213,5.659,67.6313660738584,1634.615,209.587728357542,1.3438,926.011,97.8694,725.4982,115.2211,0,4.8592,61.4587,1292567,2480371,1881611,1873251,9614.8574944314,0.951416666666667,"Panama"
"América del Norte","Panama",2013,18.2297,3.4613,27.5694,36.4756,675.5512,68,429.1146,-341.8074,3895.6082,446.3054,542.7196,4.9129,67.6313660738584,1632.1475,209.587728357542,1.3055,951.0112,91.6698,729.6337,116.0078,0,3.332,65.7955,1303066,2535396,1914627,1906929,9674.2625944314,0.967583333333333,"Panama"
"América del Norte","Panama",2014,16.4124,1.8048,25.15,30.6622,675.5512,68,450.5675,-341.8074,3895.6082,458.6627,605.7555,5.0954,67.6313660738584,1627.7323,209.587728357542,1.3008,878.0114,94.2054,698.0304,116.634,0,1.8048,75.8656,1312887,2591099,1947968,1940824,9662.2662944314,1.039,"Panama"
"América del Norte","Panama",2015,46.9233,16.9376,26.5308,36.213,675.5512,64,510.6931,-341.8074,3895.6082,463.7646,608.4468,4.7434,67.6313660738584,1614.119,215.631041077883,1.237,792.0116,95.3893,662.1613,116.6919,0,16.9376,82.7772,1321936,2647313,1981879,1975219,9672.19190715174,1.34063636363636,"Panama"
"América del Norte","Panama",2016,26.1221,32.2744,28.648,35.7778,675.5512,62,550.4741,-271.4536,3824.6318,470.8313,656.4079,4.4945,67.6313660738584,1609.5638,243.344863867509,1.2648,765.0118,97.9277,668.4288,119.8766,0,27.489,67.1616,1330168,2703951,2016278,2010059,9763.45982994137,1.09418181818182,"Panama"
"América del Norte","Panama",2017,10.6915,0.9623,28.0252,36.5344,675.5512,57,569.4462,-271.4536,3824.6318,567.6924,660.9306,3.4495,67.6313660738584,1609.6043,288.440366832791,1.2817,773.012,100.3474,658.671,121.7318,0,0.833,56.7683,1337579,2761008,2050907,2045156,9841.78273290665,0.917181818181818,"Panama"
"América del Norte","Panama",2018,10.9571,1.7953,30.0154,37.0244,675.5512,51,565.0271,-271.4536,3824.6318,569.0538,724.8152,3.1988,67.6313660738584,1608.8144,288.440366832791,1.2575,676.0121,99.6297,673.83,120.3184,0,1.666,51.4198,1344157,2818461,2085213,2080041,9810.63613290665,1.26466666666667,"Panama"
"América del Norte","Panama",2019,43.1919,28.4722,31.011,38.0789,673.9482,62,590.1055,-271.4536,3824.6318,810.9798,1075.9991,7.6092,67.6313660738584,1607.3221,303.577829360415,1.2296,600.0123,99.9969,653.6619,119.0591,0,24.8508,64.1938,1349902,2876295,2118501,2114030,10456.1096954343,1.4495,"Panama"
"América del Norte","Panama",2020,28.7541,0.9718,32.5085,39.149,673.9482,61,466.147,-271.4536,3824.6318,868.6533,1073.1128,8.9813,67.6313660738584,1600.8653,242.067570198192,1.2912,600.0125,97.5697,652.176,117.6585,0,0.9718,40.5205,1354818,2934512,2148870,2145526,10227.168636272,1.50245454545455,"Panama"
"América del Sur","Paraguay",1990,1573.8147,880.8791,183.318,133.28,0,44,195.0879,-333.7277,42365.8074,83.9572,0.429,0.0253,67.6313660738584,1412.1733,209.587728357542,356.491016867166,264.8905,272.314,3452.8059,527.6718,0,478.6893,NA,2161900,2051842,2052617,2006578,52169.1258112986,0.02325,"Paraguay"
"América del Sur","Paraguay",1991,1573.8147,880.8791,123.2716,41.944,0,44,196.543,-333.7277,42365.8074,87.904,0.4345,0.0431,67.6313660738584,1440.426,209.587728357542,356.491016867166,263.0249,275.3493,3178.8917,516.3371,0,478.6893,NA,2185944,2137466,2107809,2060188,51767.3421112986,0.675833333333333,"Paraguay"
"América del Sur","Paraguay",1992,1573.8147,880.8791,137.5535,45.1976,0,43,256.148,-333.7277,42365.8074,95.7115,0.4373,0.0467,67.6313660738584,1459.9189,209.587728357542,356.491016867166,353.1566,273.0463,3284.1136,517.9622,0,478.6893,NA,2208126,2224610,2163065,2113986,52065.4651112986,-0.42875,"Paraguay"
"América del Sur","Paraguay",1993,1573.8147,880.8791,178.0286,71.05,0,82,264.9338,-333.7277,42365.8074,103.5624,0.4434,0.057,67.6313660738584,1472.2088,209.587728357542,356.491016867166,345.2205,276.6457,3571.7423,536.9754,0,478.6893,NA,2232604,2309298,2218285,2167916,52502.0408112986,0.238833333333333,"Paraguay"
"América del Sur","Paraguay",1994,1573.8147,880.8791,178.7909,71.0853,0,122,304.4775,-333.7277,42365.8074,111.3125,0.4432,0.0479,67.6313660738584,1484.1228,218.048208234333,356.491016867166,414.3511,281.5838,3782.6533,556.0808,0,478.6893,NA,2256416,2394809,2273399,2221903,52914.5824911753,0.966166666666667,"Paraguay"
"América del Sur","Paraguay",1995,1573.8147,880.8791,206.8217,76.3616,0,163,351.3319,-333.7277,42365.8074,123.8466,0.4651,0.3808,67.6313660738584,1500.3148,218.048208234333,356.491016867166,441.4496,291.9997,4055.3623,579.7038,0,478.6893,NA,2278990,2481860,2328184,2275733,53398.6712911753,0.422,"Paraguay"
"América del Sur","Paraguay",1996,669.735,1600.1531,234.9763,81.4968,0,201,340.9755,-333.7277,42365.8074,119.2772,0.4542,0.0978,67.6313660738584,1514.0418,271.243673167076,356.491016867166,425.5353,270.0115,4047.201,552.8776,0,754.9611,NA,2300248,2570446,2382421,2329234,53540.2399561081,0.0765,"Paraguay"
"América del Sur","Paraguay",1997,710.2622,2115.8658,262.6143,86.338,0,244,386.1039,-333.7277,42365.8074,127.0657,0.4573,0.0891,67.6313660738584,1529.4879,271.243673167076,356.491016867166,425.5599,259.1662,4058.1089,537.3472,0,788.3897,NA,2320138,2660206,2436036,2382253,54258.3018561081,0.93975,"Paraguay"
"América del Sur","Paraguay",1998,823.1272,1768.8305,260.5471,81.7712,0,126,415.9875,-333.7277,42365.8074,132.9274,0.462,0.0917,67.6313660738584,1540.3533,218.048208234333,356.491016867166,398.6492,247.6378,4076.4515,528.1106,0,694.0176,NA,2338321,2750989,2488820,2434630,53769.2148911754,0.0681666666666666,"Paraguay"
"América del Sur","Paraguay",1999,1527.7962,4548.9064,271.5442,108.8584,0,58,414.722,-333.7277,42365.8074,160.265,0.4648,0.0973,67.6313660738584,1546.601,209.587728357542,356.491016867166,392.7316,234.9253,4002.6621,507.5613,0,2299.7244,NA,2354571,2842366,2540168,2485863,58740.6498112986,0.0728333333333333,"Paraguay"
"América del Sur","Paraguay",2000,368.8517,874.2845,263.2837,102.9078,0,2,333.7172,-333.7277,42365.8074,138.8192,0.4669,0.1017,67.6313660738584,1551.0915,209.587728357542,356.491016867166,403.8542,225.3775,4042.4401,504.5936,0,502.2813,NA,2368649,2934051,2589005,2534814,51979.8607112986,0.0404166666666667,"Paraguay"
"América del Sur","Paraguay",2001,1907.3141,509.6295,332.9784,104.5856,0,89,354.7845,-333.7277,56636.9443,119.0905,0.4695,0.1027,67.6313660738584,1557.2155,209.587728357542,356.491016867166,366.9239,226.5546,4103.9272,509.6122,0,215.1569,NA,2380757,3025867,2632691,2578849,67334.2718112986,0.614416666666667,"Paraguay"
"América del Sur","Paraguay",2002,2269.6705,1464.0057,326.4402,105.9419,0,120,375.5677,-333.7277,56636.9443,123.4555,0.4698,0.1004,67.6313660738584,1564.8533,218.048208234333,356.491016867166,362.021,194.3499,3846.4394,446.8483,0,892.315,NA,2390764,3117847,2669782,2616730,69037.8657911754,1.18075,"Paraguay"
"América del Sur","Paraguay",2003,2464.9152,826.5598,388.0522,118.7878,0,88,401.0784,-333.7277,56636.9443,119.8838,0.4701,0.0984,67.6313660738584,1561.8879,209.587728357542,356.491016867166,425.1221,207.3827,4197.6588,484.1353,0,646.0948,NA,2412728,3195222,2702423,2650831,68867.0540112986,0.598916666666667,"Paraguay"
"América del Sur","Paraguay",2004,1340.0356,433.3367,386.3724,121.52,0,142,399.0865,-333.7277,56636.9443,129.8262,0.4703,0.1012,67.6313660738584,1568.3296,218.048208234333,356.491016867166,399.2329,209.0157,4003.0804,473.8949,0,290.5784,NA,2435187,3268553,2733019,2683305,66842.2679911754,0.407916666666667,"Paraguay"
"América del Sur","Paraguay",2005,2137.1677,863.2918,403.7015,131.32,0,172,364.4502,-333.7277,56636.9443,127.0358,0.5737,0.1081,67.6313660738584,1578.6866,232.598901881165,356.491016867166,421.4114,207.4711,4084.2924,474.16,0,607.8236,NA,2455395,3340099,2762367,2714511,68533.4317848222,0.563333333333333,"Paraguay"
"América del Sur","Paraguay",2006,1896.0124,464.3814,437.0644,164.64,0,179,385.1081,-333.7277,56636.9443,127.0315,0.8483,0.1172,67.6313660738584,1594.0873,264.744910835843,356.491016867166,431.8148,197.5648,4138.0993,463.5848,0,271.1014,NA,2473144,3409652,2790367,2744307,67742.5395937769,0.99725,"Paraguay"
"América del Sur","Paraguay",2007,2739.4391,1955.7785,572.5231,164.64,0,305,415.5027,-333.7277,56636.9443,129.3764,1.042,0.1272,67.6313660738584,1600.2828,271.243673167076,356.491016867166,420.0375,194.2673,4337.7204,470.5755,0,1451.0944,NA,2488720,3477439,2817256,2772888,71755.9895561081,0.156083333333333,"Paraguay"
"América del Sur","Paraguay",2008,1611.2338,223.1998,609.8505,132.7704,0,325,457.9342,-333.7277,56636.9443,127.1735,1.1781,0.1363,67.6313660738584,1615.8342,304.512023624311,356.491016867166,440.2127,181.8179,4324.6041,451.7598,0,112.8223,NA,2502774,3544343,2843994,2801155,67647.3786065653,0.318,"Paraguay"
"América del Sur","Paraguay",2009,1157.4073,181.8754,505.2902,196,0,346,480.6828,-333.7277,56636.9443,136.524,1.2608,0.1469,67.6313660738584,1626.9852,312.763982972584,356.491016867166,482.4718,189.2412,4783.7471,487.5934,0,101.5625,NA,2516303,3611534,2872003,2830572,67716.8915659136,0.874166666666667,"Paraguay"
"América del Sur","Paraguay",2010,1154.7466,324.3441,750.217,233.1459,0,367,547.2994,-333.7277,56636.9443,125.661,1.3058,0.1565,67.6313660738584,1645.205,346.042710012019,356.491016867166,459.4342,195.1349,5048.9287,509.4167,0,205.1608,NA,2529866,3680011,2904393,2864220,68640.538292953,0.3605,"Paraguay"
"América del Sur","Paraguay",2011,1449.5578,330.0833,816.3078,308.1355,0,387,576.1305,-1570.8898,69740.528,136.5611,1.3153,0.1727,0.0899,1661.3727,329.11297603095,356.491016867166,406.4666,199.8704,5101.7245,516.1396,0,186.6696,NA,2543703,3750080,2941517,2902421,80932.8394928981,0.502,"Paraguay"
"América del Sur","Paraguay",2012,1200.3065,214.107,644.6568,313.6,0,408,551.1911,-1570.8898,69740.528,142.8232,1.3062,0.0937,0.1742,1669.6822,390.95448056291,356.491016867166,496.5471,205.6306,5445.03,543.9224,0,167.2118,NA,2557635,3821584,2980731,2942591,80921.3664974301,0.97325,"Paraguay"
"América del Sur","Paraguay",2013,1709.2643,367.5576,906.6805,384.16,0,452,581.6111,-1570.8898,69740.528,147.7625,1.2448,0.1027,70.5239225217237,1689.9662,486.971287476424,356.491016867166,426.5605,208.6667,5481.2425,549.6769,0,257.4592,NA,2573579,3892161,3021458,2984194,82247.5799268653,0.313416666666667,"Paraguay"
"América del Sur","Paraguay",2014,975.7848,106.036,905.3134,470.4,0,341,611.7604,-1570.8898,69740.528,146.1024,1.0709,0.1144,67.6313660738584,1679.6467,376.944371576278,356.491016867166,470.4399,214.2788,5919.8149,584.6635,0,78.0546,NA,2590005,3962579,3063559,3027162,81475.1856545173,1.03183333333333,"Paraguay"
"América del Sur","Paraguay",2015,875.8432,68.0542,951.8854,501.76,0,337,676.3636,-1570.8898,69740.528,150.8822,0.7824,0.1206,0.3786,1676.6279,284.498521750082,356.491016867166,557.1829,215.3869,5821.2118,580.9912,0,40.2043,NA,2605873,4033246,3106699,3071251,81265.3029386173,1.53658333333333,"Paraguay"
"América del Sur","Paraguay",2016,1285.6187,156.7744,960.7345,509.6,0,316,814.4497,-1880.2626,47847.7947,149.3566,0.4275,0.1255,0.1894,1684.7254,338.014114022282,356.491016867166,556.8531,217.0982,5680.2402,574.4603,0,79.436,NA,2621149,4104159,3150499,3116116,59648.1267308895,0.18875,"Paraguay"
"América del Sur","Paraguay",2017,2597.2304,654.0902,1015.3827,548.8,0,330,917.7917,-1880.2626,47847.7947,153.6797,2.426,0.1318,0.129,1694.8057,338.014114022282,356.491016867166,609.453,223.4661,5649.1827,577.0725,0,279.294,NA,2635972,4175325,3194330,3161074,61914.9727308895,1.21041666666667,"Paraguay"
"América del Sur","Paraguay",2018,1179.6036,174.3698,1038.0782,556.64,0,343,969.5334,-1880.2626,47847.7947,161.1868,0.8764,0.1424,0.5089,1702.5107,346.266073370555,356.491016867166,611.4505,216.7499,5513.3139,561.0096,0,77.2061,NA,2649475,4247433,3237726,3205602,59776.4693902377,0.514833333333333,"Paraguay"
"América del Sur","Paraguay",2019,1685.5678,1361.4548,986.697,635.04,0,356,955.3293,-1880.2626,47847.7947,157.7269,0.8739,0.1463,71.2878538463945,1706.2852,453.763572000022,356.491016867166,614.4729,226.7188,5638.3526,578.5209,0,554.2453,NA,2661610,4320371,3280434,3249592,62306.5062427136,1.21875,"Paraguay"
"América del Sur","Paraguay",2020,2699.1516,539.5253,1114.903,705.6,0,318,858.2118,-1880.2626,47847.7947,161.8059,0.871,0.1564,0.0724,1708.8965,338.014114022282,356.491016867166,615.5351,228.1076,5729.6399,585.9291,0,414.7585,NA,2672298,4394032,3323985,3294711,62343.2013308895,1.43191666666667,"Paraguay"
"América del Sur","Peru",1990,38.9285,153.3473,126.626,1216.7423,31.128,14,723.4272,-23449.3055,83135.0989,501.5047,139.1545,15.1065,60.6898,7488.4957,356.428129252444,0.0535,1624.6087,420.3239,3375.0036,677.7758,0,120.655,1280.3681,6787924,15038734,11028476,11080623,78050.1606292524,0.2985,"Peru"
"América del Sur","Peru",1991,38.9285,153.3473,129.5498,1042.8166,31.128,7,715.4213,-23449.3055,83135.0989,525.505,93.2243,12.9233,70.3733,7671.9589,359.660024298648,0.059,1688.7173,422.3294,3360.3852,681.3931,0,120.655,1412.1144,6840962,15442166,11262762,11320245,78223.2831242986,0.555666666666667,"Peru"
"América del Sur","Peru",1992,38.9285,153.3473,111.0295,1096.4958,31.128,7,798.7548,-23449.3055,83135.0989,581.334,112.316,16.8399,54.3341,7819.653,318.64162205824,0.0634,1612.6984,411.9698,3310.25,671.8241,0,120.655,1526.3007,6890116,15846940,11492270,11554978,78479.3573220582,0.7855,"Peru"
"América del Sur","Peru",1993,38.9285,153.3473,142.3846,1169.1218,36.2019,3,822.7299,-23449.3055,83135.0989,527.2184,95.301,208.3318,60.9837,7939.8772,399.522976136648,0.0674,1835.97,402.1857,3294.1553,659.4581,0,120.655,1695.4104,6934573,16249655,11723006,11790876,79290.6443761366,0.4805,"Peru"
"América del Sur","Peru",1994,38.9285,153.3473,167.4397,1576.9417,36.2019,137.890990616047,905.6222,-23449.3055,83135.0989,533.968,88.0653,166.4768,42.2348,8068.8586,314.535163324287,0.0739,1970.5651,419.5845,3370.3424,683.9649,0,120.655,1760.1919,6962706,16656650,11956534,12026724,80241.6820539403,0.550166666666667,"Peru"
"América del Sur","Peru",1995,38.9285,153.3473,162.6142,1338.1676,40.2332,3,906.4887,-23449.3055,83135.0989,736.4901,129.8781,94.6503,67.0303,8217.0444,394.93839152315,0.079,2312.2613,417.0606,3607.9646,696.9365,0,120.655,1889.5233,6983111,17055649,12189353,12259703,81013.0847915231,0.747916666666667,"Peru"
"América del Sur","Peru",1996,21.0085,120.9802,180.1691,1385.3007,44.8381,11,1051.5067,-23449.3055,83135.0989,803.097,197.5709,114.2093,101.0433,8325.7867,651.007900329837,0.0853,2259.6614,441.4958,3685.1814,725.8287,0,77.0835,1944.6853,6995789,17445285,12418047,12489256,81827.3332003298,0.138916666666667,"Peru"
"América del Sur","Peru",1997,24.8422,129.1059,187.1935,1572.0683,44.8439,25,1092.0725,-23449.3055,83135.0989,885.5313,195.9917,123.9857,93.3099,8400.4321,651.007900329837,0.0922,2441.6856,438.2722,3694.3368,724.6921,0,101.275,1483.3088,7001754,17825652,12646350,12719037,81994.8410003298,0.97725,"Peru"
"América del Sur","Peru",1998,36.3118,212.187,205.4041,1772.0532,43.5398,13,1147.3929,-23449.3055,83135.0989,891.8955,68.7377,90.6932,121.6061,8459.6832,1048.85909770029,0.0988,2422.3662,438.8946,3762.2913,732.7992,0,162.1176,395.1038,7001386,18198362,12871958,12946269,81710.8284977003,1.22891666666667,"Peru"
"América del Sur","Peru",1999,29.9358,190.7093,234.6617,2059.5542,45.8266,17,1204.0428,-23449.3055,83135.0989,902.5171,56.671,80.1678,146.5274,8511.071,1537.19792208157,0.1062,2154.107,462.2543,3965.4347,783.495,0,104.908,659.3192,6995933,18565366,13088603,13163636,82831.3004220816,0.206333333333333,"Peru"
"América del Sur","Peru",2000,5.7849,27.4013,243.1295,1890.8114,43.9284,12,1160.5202,-23449.3055,83135.0989,936.553,97.7926,77.2013,143.1253,8576.5847,1571.24352613339,0.1117,2253.5733,490.1377,4047.5759,808.4985,0,22.8414,650.0143,6986192,18928687,13290367,13364073,82744.6223261334,0.328083333333333,"Peru"
"América del Sur","Peru",2001,3.6689,13.4644,242.3292,1994.1197,51.518,19,1060.9107,-13217.6923,77951.3444,912.3548,189.7428,122.6789,100.0134,8617.6107,1537.19792208157,0.1181,2313.6205,481.2822,4024.2351,796.7029,0,11.5237,961.8255,6972982,19288381,13472595,13542313,88187.5695220816,0.516333333333333,"Peru"
"América del Sur","Peru",2002,12.4521,95.885,254.5842,2086.3642,45.9568,18,1051.4127,-13217.6923,77951.3444,1042.0663,247.6077,155.3478,101.0205,8660.0163,1585.96520533952,0.2206,2345.2538,513.3578,4082.2944,826.9825,0,70.6656,961.6815,6956188,19645279,13635757,13698746,88890.7871053395,0.766833333333333,"Peru"
"América del Sur","Peru",2003,37.723,237.1255,254.6326,2066.9301,44.5272,25,1108.2481,-13217.6923,77951.3444,1066.7001,299.7107,159.0826,96.484,8700.7905,1628.16192471874,0.2169,2441.1689,523.4626,4160.0049,841.5585,0,187.7171,908.5239,6936737,20001001,13784608,13838734,89521.4212247187,0.761583333333333,"Peru"
"América del Sur","Peru",2004,14.9978,108.9346,229.3753,1886.5637,115.0681,21,1248.2121,-13217.6923,77951.3444,1224.9092,405.9434,219.7308,121.0778,8723.6676,1757.37067923531,0.1633,2791.7863,536.194,4164.509,849.2688,0,81.7726,1274.4808,6915339,20357855,13925077,13968835,90508.6779792353,0.689,"Peru"
"América del Sur","Peru",2005,109.0566,552.8057,268.7211,2356.8743,110.0956,23,1195.152,-13217.6923,77951.3444,1355.2329,481.1607,236.4813,114.0144,8764.613,1794.06448909362,0.1426,3108.8184,546.1143,4250.46,871.1009,0,457.0714,1067.8719,6893135,20717275,14057586,14089681,92396.5036890936,0.787416666666667,"Peru"
"América del Sur","Peru",2006,33.0943,129.3645,265.13,2263.4114,106.1699,27,1284.5296,-13217.6923,77951.3444,1392.175,501.8854,233.2401,101.714,8852.3341,1800.72030131359,0.1147,3388.0292,583.1503,4262.0539,896.8198,0,111.9022,984.8203,6869848,21080096,14180761,14200318,91951.3111013136,0.820583333333333,"Peru"
"América del Sur","Peru",2007,47.2399,269.9094,264.2568,2223.5554,104.7404,24,1364.9075,-13217.6923,77951.3444,1519.2134,380.3194,120.0943,129.6301,8899.4825,1786.83849265376,0.1503,3549.884,592.3073,4340.3732,911.5527,0,243.5233,979.0454,6845868,21446856,14296701,14303686,92484.6758926538,0.517916666666667,"Peru"
"América del Sur","Peru",2008,31.7673,96.6917,298.2269,2501.0989,104.7404,94,1676.668,-13217.6923,77951.3444,1546.5633,665.6092,157.0275,158.4216,8969.6943,1786.83849265376,0.1569,3861.5748,612.628,4367.8563,929.7777,0,74.8331,884.1658,6859120,21782860,14388026,14418159,93551.9922926538,0.62925,"Peru"
"América del Sur","Peru",2009,26.7741,69.5804,317.5,2664.626,104.7404,88,1769.4785,-13217.6923,77951.3444,1652.6562,755.3822,190.688,166.8727,9023.7971,1800.72030131359,0.1697,4237.9537,633.6298,4394.1013,957.0899,0,56.6462,914.448,6890339,22111168,14461087,14548239,94558.5066013136,0.912333333333333,"Peru"
"América del Sur","Peru",2010,104.5831,292.4934,308.8247,2559.5527,103.4306,128,1941.8287,-13217.6923,77951.3444,1605.4542,836.2583,228.8527,197.3402,9097.8807,1833.48413459685,0.168,4305.8877,625.6516,4424.7088,955.2426,0,223.8034,509.4257,6923397,22450249,14545483,14684090,95016.5233345969,1.00041666666667,"Peru"
"América del Sur","Peru",2011,19.2813,58.7167,296.8284,2368.2608,102.9968,126,2003.2099,-9051.0823,97774.5114,1784.3843,972.9197,302.905,162.0309,9166.2346,1995.53610731576,0.1789,4392.0056,631.1681,4453.2086,961.218,0,43.4541,573.6975,6958683,22801306,14647747,14829974,119137.664407316,0.8015,"Peru"
"América del Sur","Peru",2012,57.2042,198.5824,328.7801,2574.4362,102.9968,155,2116.5627,-9051.0823,97774.5114,1833.7908,964.8548,297.0108,157.9865,9225.8856,2118.32400241393,0.1819,4925.0612,628.6069,4363.4647,938.7143,0,159.3869,601.3116,6995686,23163280,14765435,14984154,120471.571502414,0.79975,"Peru"
"América del Sur","Peru",2013,28.0244,123.4655,331.5772,2605.5992,101.5672,140,2416.1746,-9051.0823,97774.5114,1991.0031,1066.9726,283.1666,156.3015,9270.2839,2156.20162585619,0.1823,5528.1182,699.9229,4338.9679,1024.528,0,97.4666,553.6325,7033463,23532253,14894870,15143939,121636.584925856,0.679583333333333,"Peru"
"América del Sur","Peru",2014,23.8206,109.1458,317.7501,2511.5371,101.5672,164,2450.2845,-9051.0823,97774.5114,2082.0729,1099.3192,290.8059,149.2213,9251.2664,2144.36207055739,0.1873,5912.1729,658.306,4349.9765,965.8378,0,82.8867,582.0862,7070179,23903175,15041702,15312249,121970.035570557,0.880583333333333,"Peru"
"América del Sur","Peru",2015,30.6227,133.6367,337.8827,2630.9538,101.5672,175,2674.3885,-9051.0823,97774.5114,2175.237,1147.6418,301.3519,200.1739,9188.4483,2156.20162585619,0.1834,5725.2294,669.7238,4327.2667,973.0796,0,123.2886,566.3397,7104742,24271929,15215665,15496198,122361.646425856,1.29408333333333,"Peru"
"América del Sur","Peru",2016,78.471,141.7685,325.4655,2763.0741,103.2742,189,2765.2267,-3246.9785,92892.6325,2202.1064,1132.9656,332.8922,238.21,9245.793,2131.94571982035,0.193,5658.2858,673.9999,4296.401,970.4584,0,87.0561,511.4715,7136697,24637142,15428091,15704688,123493.71261982,1.43066666666667,"Peru"
"América del Sur","Peru",2017,33.6269,49.7008,325.0705,2807.1318,104.9811,184,2870.1436,-3246.9785,92892.6325,2219.2433,1129.2846,284.4854,220.3546,9312.6459,2156.20162585619,0.2011,5652.2875,678.1279,4314.8484,983.0959,0,42.0694,413.7081,7166470,24999015,15666065,15939422,123426.862425856,0.964833333333333,"Peru"
"América del Sur","Peru",2018,31.2203,137.4994,350.4243,2884.0845,104.9811,155,2904.1287,-3246.9785,92892.6325,2212.2931,1165.1261,311.9759,217.4874,9377.5954,2201.07542774637,0.2027,5735.3437,689.1745,4315.7782,988.2525,0,111.6295,303.1776,7191715,25360100,15961942,16242003,123842.104327746,0.729,"Peru"
"América del Sur","Peru",2019,57.4716,165.4421,334.9917,2729.0792,101.9907,193,3040.2116,-3246.9785,92892.6325,2195.3,1248.9827,315.4907,201.4748,9432.0678,2384.08520087489,0.2035,6058.3471,704.1864,4342.203,1002.7626,0,138.0163,359.1904,7212742,25721093,16268182,16556679,124650.151400875,1.05575,"Peru"
"América del Sur","Peru",2020,87.3516,168.0052,339.5221,2750.1268,101.9907,193,2476.5376,-3246.9785,92892.6325,2250.9927,1232.7105,315.4907,214.8147,9473.0038,2191.24880308039,0.2193,6107.49,708.5567,4358.6409,1009.4219,0,124.4076,359.1904,7229699,26082479,16499432,16805323,124108.37600308,1.79666666666667,"Peru"
"América del Norte","Puerto Rico",1990,0.0683,0.2661,0.0355,0,134.2189,133.616818148007,1836.37348056923,-1247.6938,0,834.5081,920.147,24.8977,103.402680515971,987.2638,320.834898539236,10753.1023924927,NA,52.534,252.8031,54.1498,0,0.2661,NA,248315,3269660,1716269,1827506,15160.7948702651,0.4905,"Puerto Rico"
"América del Norte","Puerto Rico",1991,0.0683,0.2661,0.0302,0,134.2189,133.616818148007,1841.65306393472,-1247.6938,0,904.2383,1008.6903,28.5196,108.348674099157,994.6923,320.834898539236,10753.1023924927,NA,52.9869,255.6246,55.9322,0,0.2661,NA,244850,3306737,1732097,1846353,15345.3958472138,0.359833333333333,"Puerto Rico"
"América del Norte","Puerto Rico",1992,0.0683,0.2661,0.0276,0,134.2189,132.381094566539,1820.68220989091,-1247.6938,0,886.0169,955.4205,26.6501,138.120323104506,998.8387,320.834898539236,10753.1023924927,NA,51.6514,188.2013,49.7992,0,0.2661,NA,241506,3345374,1747669,1864960,15208.8522185939,0.354916666666667,"Puerto Rico"
"América del Norte","Puerto Rico",1993,0.0683,0.2661,0.0223,0,134.2189,133.616818148007,1830.0867652374,-1247.6938,0,965.4982,891.1469,29.5153,138.120323104506,1003.0339,320.834898539236,10753.1023924927,NA,51.7384,188.3552,49.7498,0,0.2661,NA,238227,3384479,1762230,1882786,15241.9467975218,0.567083333333333,"Puerto Rico"
"América del Norte","Puerto Rico",1994,0.0683,0.2661,0.03,0,128.0648,133.616818148007,1830.0867652374,-1247.6938,0,969.4522,855.1196,27.2841,108.348674099157,1006.5134,320.834898539236,10753.1023924927,NA,51.9207,188.5186,50.0867,0,0.2661,NA,234880,3422532,1775770,1899979,15175.8863485165,0.721583333333333,"Puerto Rico"
"América del Norte","Puerto Rico",1995,0.0683,0.2661,0.0351,0,107.6286,132.381094566539,1822.48877794371,-1247.6938,0,1101.56,1047.8863,30.5178,103.402680515971,1011.7643,320.834898539236,10753.1023924927,NA,52.642,163.3165,49.0282,0,0.2661,NA,231395,3458246,1788529,1916418,15449.4953440581,0.745416666666667,"Puerto Rico"
"América del Norte","Puerto Rico",1996,0.0629,0.416,0.0391,0,96.5234,135.759324499095,1830.0867652374,-1247.6938,0,1066.7147,1103.3179,29.0977,103.402680515971,1013.6233,320.834898539236,10753.1023924927,NA,50.6043,163.3629,46.5107,0,0.416,NA,227772,3491552,1800765,1932046,15466.1811612844,0.3105,"Puerto Rico"
"América del Norte","Puerto Rico",1997,0.048,1.2703,0.0424,0,91.5427,135.759324499095,1830.0867652374,-1247.6938,0,1091.1449,1158.5518,29.7641,103.402680515971,1015.6402,320.834898539236,10753.1023924927,NA,49.1203,169.6345,45.4677,0,1.2703,NA,224040,3522319,1812564,1946954,15548.9894612844,0.836,"Puerto Rico"
"América del Norte","Puerto Rico",1998,0.0448,1.2909,0.0523,0,90.1035,135.759324499095,1830.0867652374,-1247.6938,0,1046.3612,1038.6831,28.5426,94.0265041263339,1018.6884,320.834898539236,10753.1023924927,NA,47.9046,168.4448,40.1332,0,1.2909,NA,220106,3549230,1824011,1961227,15367.6563848947,1.20983333333333,"Puerto Rico"
"América del Norte","Puerto Rico",1999,0.0359,3.5319,0.0409,0,90.1035,137.724653178026,1830.0867652374,-1247.6938,0,1010.605,1174.5074,27.1897,103.402680515971,1020.5708,320.834898539236,10753.1023924927,NA,47.0626,167.4194,42.0131,0,3.5319,NA,215897,3570678,1835159,1974956,15484.0696899633,0.56075,"Puerto Rico"
"América del Norte","Puerto Rico",2000,0.1252,0.2701,0.0381,0,90.1035,133.616818148007,1830.0867652374,-1247.6938,0,963.6504,1299.6268,27.2802,103.402680515971,1024.7204,320.834898539236,10753.1023924927,NA,45.6738,169.3787,40.3612,0,0.2701,NA,213137,3583840,1842603,1984505,15554.8482549333,0.345,"Puerto Rico"
"América del Norte","Puerto Rico",2001,0,0,0.0276,0,84.985,129.428832499948,1830.0867652374,-2264.0167,0,979.6687,1342.2943,27.2776,138.120323104506,1027.5632,320.834898539236,10753.1023924927,NA,44.0615,171.5072,38.6729,0,0,NA,215347,3584560,1844316,1987815,14623.6145118738,0.7635,"Puerto Rico"
"América del Norte","Puerto Rico",2002,0,0,0.0222,0,82.8461,129.428832499948,1834.70473144415,-2264.0167,0,1125.577,1540.6951,30.4502,138.120323104506,1030.4669,320.834898539236,10753.1023924927,NA,42.768,173.5232,37.6335,0,0,NA,217191,3578837,1842918,1987855,14976.1566780805,0.9075,"Puerto Rico"
"América del Norte","Puerto Rico",2003,0.1336,0,0.0217,0,71.307,129.428832499948,1830.0867652374,-2264.0167,0,1098.1491,1578.5561,26.8085,138.120323104506,1032.3175,320.834898539236,10753.1023924927,NA,37.966,175.7961,31.2903,0,0,NA,218769,3568499,1839664,1985965,14959.9024118738,1.02908333333333,"Puerto Rico"
"América del Norte","Puerto Rico",2004,0,0,0.022,0,70.281,128.19310891848,1822.48877794371,-2264.0167,0,1020.5092,1571.2251,20.8265,138.120323104506,1035.8905,320.834898539236,10753.1023924927,NA,36.2767,160.0983,28.8701,0,0,NA,220232,3556127,1834707,1982330,14842.7222009986,0.533666666666667,"Puerto Rico"
"América del Norte","Puerto Rico",2005,0.1701,0,0.0233,0,68.4025,137.400513790621,1902.841879376,-2264.0167,0,1024.8441,1668.568,21.2039,138.120323104506,1037.9363,320.834898539236,10753.1023924927,NA,39.1747,160.7307,31.2301,0,0,NA,221694,3543705,1828297,1977262,15040.567007303,0.848416666666667,"Puerto Rico"
"América del Norte","Puerto Rico",2006,0.0288,0,0.026,0,65.4977,137.400513790621,1895.15895771327,-2264.0167,0,928.6335,1628.4532,19.0071,138.120323104506,1040.1993,320.834898539236,10753.1023924927,NA,39.3706,161.3471,31.3923,0,0,NA,223205,3531908,1820625,1970934,14894.5559856403,0.90875,"Puerto Rico"
"América del Norte","Puerto Rico",2007,0,0,0.025,0,64.4716,137.400513790621,1915.42150012174,-2264.0167,0,997.3715,1754.4742,21.1174,138.120323104506,1042.2773,320.834898539236,10753.1023924927,NA,40.239,162.6989,32.0915,0,0,NA,224750,3520508,1811904,1963536,15115.6293280488,1.00325,"Puerto Rico"
"América del Norte","Puerto Rico",2008,0.0154,0,0.0242,0,62.4201,137.400513790621,1915.42150012174,-2264.0167,0,907.9698,1734.4266,19.6078,138.120323104506,1044.2056,320.834898539236,10753.1023924927,NA,40.3129,163.3647,32.3023,0,0,NA,226328,3509460,1802316,1955303,15005.5123280488,0.493,"Puerto Rico"
"América del Norte","Puerto Rico",2009,0,0,0.0234,0,61.3941,137.400513790621,1915.42150012174,-2264.0167,0,902.103,1692.377,19.7624,138.120323104506,1045.893,320.834898539236,10753.1023924927,NA,40.3225,163.359,32.3035,0,0,NA,227910,3498421,1792291,1946649,14958.4008280488,0.750666666666667,"Puerto Rico"
"América del Norte","Puerto Rico",2010,0.0154,0,0.0136,0,59.3429,137.400513790621,1930.24798035866,-2264.0167,0,1061.2653,1840.3073,21.0593,138.120323104506,1047.5133,320.834898539236,10753.1023924927,NA,43.3509,163.0082,33.3131,0,0,NA,229491,3487202,1781031,1936891,15284.8787082857,1.02983333333333,"Puerto Rico"
"América del Norte","Puerto Rico",2011,0.0308,0,0.0105,0,58.3168,137.400513790621,1921.82611645507,-592.5856,0,998.6629,1813.2807,20.2752,138.120323104506,1049.0362,318.040740714923,10753.1023924927,NA,44.1769,163.6286,33.8341,0,0,NA,230841,3476143,1767120,1924494,16857.1571865578,0.596583333333333,"Puerto Rico"
"América del Norte","Puerto Rico",2012,0.1439,0.139,0.0074,0,58.3168,138.680276356479,1915.42150012174,-592.5856,0,985.2517,1778.0278,19.6565,138.120323104506,1049.5737,318.040740714923,10753.1023924927,NA,44.3012,163.7819,33.9338,0,0.139,NA,231979,3465597,1749668,1908320,16804.0523327903,0.7935,"Puerto Rico"
"América del Norte","Puerto Rico",2013,0.4452,0,0.0046,0,57.2913,138.423846273257,1916.54653308957,-592.5856,0,897.2657,1785.9346,18.9174,173.423889069673,1050.1257,318.040740714923,10753.1023924927,NA,44.3012,163.7819,33.9338,0,0,NA,232917,3455806,1727669,1887349,16758.9532016401,0.776833333333333,"Puerto Rico"
"América del Norte","Puerto Rico",2014,0.0796,0,0.005,0.147,60.3679,119.607772433294,1557.07166258284,-592.5856,0,902.4835,1829.1968,18.3568,173.423889069673,1046.782,318.040740714923,10753.1023924927,NA,44.7095,163.4901,33.9795,0,0,NA,233672,3447043,1699784,1860226,16428.2585572934,0.855,"Puerto Rico"
"América del Norte","Puerto Rico",2015,0.1613,0,0.0219,0.5762,60.3679,119.607772433294,1565.49352648643,-592.5856,0,926.1967,1844.2959,18.7015,138.120323104506,1047.2328,318.040740714923,10753.1023924927,NA,41.3775,161.4198,32.8548,0,0,NA,234255,3439473,1668025,1829310,16434.9854552318,1.16966666666667,"Puerto Rico"
"América del Norte","Puerto Rico",2016,0,0,0.0105,0.2411,60.3679,119.607772433294,1569.96577881618,-2691.2029,0,950.2391,1896.5587,18.4059,138.120323104506,1047.9048,320.834898539236,10753.1023924927,NA,41.3514,159.6511,32.9418,0,0,NA,234673,3433230,1635110,1797630,14418.1005653859,1.18375,"Puerto Rico"
"América del Norte","Puerto Rico",2017,0,0,0.0108,0.3175,60.3679,117.063476867134,1532.80784213828,-2691.2029,0,684.8369,1669.3721,12.9466,138.120323104506,1048.3817,320.834898539236,10753.1023924927,NA,41.3393,160.3304,32.9282,0,0,NA,234919,3428212,1601215,1765194,13881.5574331418,0.968416666666667,"Puerto Rico"
"América del Norte","Puerto Rico",2018,0.0316,0,0.0145,0.3763,60.3679,119.607772433294,1560.21394312093,-2691.2029,0,766.7501,1886.7782,13.6476,138.120323104506,1048.3288,320.834898539236,10753.1023924927,NA,41.8948,160.9957,33.4161,0,0,NA,234967,3424040,1576160,1743109,14213.2780296906,0.800916666666667,"Puerto Rico"
"América del Norte","Puerto Rico",2019,0.0462,0,0.0119,0.3116,58.5014,119.607772433294,1564.68619545068,-2691.2029,0,785.1391,1935.471,16.9486,138.120323104506,1048.2355,320.834898539236,10753.1023924927,NA,42.0715,160.9024,33.5855,0,0,NA,234782,3420196,1560755,1732131,14286.3733820204,1.03266666666667,"Puerto Rico"
"América del Norte","Puerto Rico",2020,0,0,0.0128,0.3352,61.2394,119.607772433294,1570.69631192711,-2691.2029,0,871.196,1975.3844,16.0977,138.120323104506,1047.6328,320.834898539236,10753.1023924927,NA,42.2481,160.7913,33.7501,0,0,NA,234336,3416272,1547842,1723723,14419.8465984968,1.27316666666667,"Puerto Rico"
"América del Norte","Saint Kitts and Nevis",1990,0.0026,0,0.0046,4718.8286393352,0,0,26.2626634461831,NA,NA,0,3e-04,62.4970302873135,172.179779322716,31.9776,252.21418996648,1807.61368119393,0.3955,0.4453,3.4767,0.5394,0,0,0.2958,26702,14132,19918,20718,7076.73378355182,0.363,"Saint Kitts and Nevis"
"América del Norte","Saint Kitts and Nevis",1991,0.0026,0,0.0043,4718.8286393352,0,0,26.2626634461831,NA,NA,0,0.0012,62.4970302873135,172.179779322716,32.2959,252.21418996648,1807.61368119393,0.4564,0.4445,3.419,0.5386,0,0,0.2958,26874,14139,19910,20633,7077.05428355182,0.4095,"Saint Kitts and Nevis"
"América del Norte","Saint Kitts and Nevis",1992,0.0026,0,0.004,4718.8286393352,0,0,26.2626634461831,NA,NA,0,0.0029,62.4970302873135,172.179779322716,32.7543,252.21418996648,1807.61368119393,0.4542,0.4523,3.3728,0.5402,0,0,0.2958,27181,14180,20121,20779,7077.47508355182,0.520333333333333,"Saint Kitts and Nevis"
"América del Norte","Saint Kitts and Nevis",1993,0.0026,0,0.004,4718.8286393352,0,0,26.2626634461831,NA,NA,1e-04,0.0131,62.4970302873135,172.179779322716,32.7558,252.21418996648,1807.61368119393,0.4943,0.4323,3.3095,0.5357,0,0,0.2958,27579,14267,20420,21026,7077.43918355182,0.550583333333333,"Saint Kitts and Nevis"
"América del Norte","Saint Kitts and Nevis",1994,0.0026,0,0.0033,4718.8286393352,0,0,26.2626634461831,NA,NA,0,0.0351,62.4970302873135,172.179779322716,32.8954,252.21418996648,1807.61368119393,0.536,0.4449,3.3354,0.5572,0,0,0.2958,28007,14366,20722,21279,7077.70168355182,0.482416666666667,"Saint Kitts and Nevis"
"América del Norte","Saint Kitts and Nevis",1995,0.0026,0,0.0024,4718.8286393352,0,0,26.2626634461831,NA,NA,0,0.0751,62.4970302873135,172.179779322716,33.9546,252.21418996648,1807.61368119393,0.5162,0.4532,3.3095,0.5565,0,0,0.2958,28430,14461,21018,21532,7078.76188355182,0.707416666666667,"Saint Kitts and Nevis"
"América del Norte","Saint Kitts and Nevis",1996,0,0,0.0016,4718.8286393352,0,0,26.2626634461831,NA,NA,0.0034,0.1512,62.4970302873135,172.179779322716,34.1311,252.21418996648,1807.61368119393,0.6294,0.5337,3.4779,0.6837,0,0,0.2958,28832,14541,21312,21785,7079.50378355182,0.286,"Saint Kitts and Nevis"
"América del Norte","Saint Kitts and Nevis",1997,0,0,0.0025,4718.8286393352,0,0,26.2626634461831,NA,NA,0.0076,0.2574,62.4970302873135,172.179779322716,35.0819,252.21418996648,1807.61368119393,0.725,0.5566,3.513,0.6975,0,0,0.2958,29228,14618,21610,22045,7080.73328355182,0.605,"Saint Kitts and Nevis"
"América del Norte","Saint Kitts and Nevis",1998,0,0,0.0027,4718.63313466853,0,0,26.2626634461831,NA,NA,0.0114,0.3807,62.4970302873135,172.179779322716,34.7536,252.21418996648,1807.61368119393,0.8562,0.5501,3.628,0.6945,0,0,0.3406,29625,14692,21916,22314,7080.61827888515,0.996583333333333,"Saint Kitts and Nevis"
"América del Norte","Saint Kitts and Nevis",1999,0,0,0.0027,4718.8286393352,0,0,26.2626634461831,NA,NA,0.0202,0.5589,62.4970302873135,172.179779322716,34.3783,252.21418996648,1807.61368119393,1.0576,0.5741,3.7744,0.7129,0,0,0.3406,30048,14776,22233,22592,7081.01568355182,0.508,"Saint Kitts and Nevis"
"América del Norte","Saint Kitts and Nevis",2000,0,0,0.0022,4718.8286393352,0,0,26.2626634461831,NA,NA,0.0343,0.8334,62.4970302873135,172.179779322716,34.5329,252.21418996648,1807.61368119393,1.373,0.6723,3.9764,0.8466,0,0,0.3406,30501,14873,22575,22887,7082.20768355182,0.341583333333333,"Saint Kitts and Nevis"
"América del Norte","Saint Kitts and Nevis",2001,0,0,0.0023,4718.8286393352,0,0,26.2626634461831,NA,NA,0.0056,1.152,62.4970302873135,172.179779322716,34.8788,252.21418996648,1807.61368119393,1.756,0.6656,3.9557,0.8438,0,0,0.3406,30998,14992,22855,23130,7083.19638355182,0.644425234451556,"Saint Kitts and Nevis"
"América del Norte","Saint Kitts and Nevis",2002,0,0,0.0023,4718.8286393352,0,0,26.2626634461831,NA,NA,0.0333,1.503,62.4970302873135,172.179779322716,35.0159,252.21418996648,1807.61368119393,2.152,0.6735,3.9536,0.8454,0,0,0.3406,31504,15137,22989,23274,7084.11558355182,0.640583333333333,"Saint Kitts and Nevis"
"América del Norte","Saint Kitts and Nevis",2003,0,0,0.0021,4718.8286393352,0,0,26.2626634461831,NA,NA,0.0695,1.89,62.4970302873135,172.179779322716,34.4978,252.21418996648,1807.61368119393,2.5918,0.6705,3.9498,0.8444,0,0,0.3406,32020,15286,23049,23381,7084.45248355182,0.773416666666667,"Saint Kitts and Nevis"
"América del Norte","Saint Kitts and Nevis",2004,0,0,0.002,4718.8286393352,0,0,26.2626634461831,NA,NA,0.0894,2.574,62.4970302873135,172.179779322716,34.7704,252.21418996648,1807.61368119393,3.3484,0.6738,3.9475,0.8449,0,0,0.3406,32539,15432,23095,23485,7086.18698355182,0.48575,"Saint Kitts and Nevis"
"América del Norte","Saint Kitts and Nevis",2005,0,0,0.0021,4791.01740343927,0,0,26.2626634461831,NA,NA,0.1079,3.402,62.4970302873135,172.179779322716,34.2595,252.21418996648,1807.61368119393,4.2934,0.7272,4.1822,0.8782,0,0,0.3406,33042,15569,23139,23587,7159.97784765589,0.845583333333333,"Saint Kitts and Nevis"
"América del Norte","Saint Kitts and Nevis",2006,0,0,0.0014,4791.01740343927,0,0,26.2626634461831,NA,NA,0.1203,3.717,62.4970302873135,172.179779322716,34.4101,252.21418996648,1807.61368119393,4.6315,0.9403,3.3727,1.0695,0,0,0.3406,33519,15691,23180,23695,7160.38814765589,0.6855,"Saint Kitts and Nevis"
"América del Norte","Saint Kitts and Nevis",2007,0,0,0.0016,4791.01740343927,0,0,26.2626634461831,NA,NA,0.2034,4.23,62.4970302873135,172.179779322716,34.5328,252.21418996648,1807.61368119393,5.1824,1.0836,3.5568,1.1867,0,0,0.3406,33980,15803,23215,23800,7162.10264765589,0.916,"Saint Kitts and Nevis"
"América del Norte","Saint Kitts and Nevis",2008,0,0,0.0022,4790.56050093927,0,0,26.2626634461831,NA,NA,0.2119,4.734,62.4970302873135,172.179779322716,34.6955,252.21418996648,1807.61368119393,5.7236,1.0579,3.9643,1.1409,0,0,0.3406,34426,15906,23251,23904,7163.19874515589,0.334833333333333,"Saint Kitts and Nevis"
"América del Norte","Saint Kitts and Nevis",2009,0,0,0.0019,4790.56050093927,0,0,26.2626634461831,NA,NA,0.2215,5.175,62.4970302873135,172.179779322716,34.77,252.21418996648,1807.61368119393,6.2817,1.051,3.9634,1.1393,0,0,0.3451,34876,16010,23282,24005,7164.27674515589,0.56575,"Saint Kitts and Nevis"
"América del Norte","Saint Kitts and Nevis",2010,0.0673,0,7e-04,4790.36499627261,0,0,26.2626634461831,NA,NA,0.2235,5.625,62.4970302873135,172.179779322716,34.8163,252.21418996648,2419.6644900431,6.7466,1.0761,3.9454,1.1431,0,0,0.3133,35331,16114,23310,24093,7777.14044933839,1.13808333333333,"Saint Kitts and Nevis"
"América del Norte","Saint Kitts and Nevis",2011,0,0,0.0016,4790.56050093927,0,0,26.2626634461831,NA,NA,0.2278,5.796,62.4970302873135,172.179779322716,34.885,252.21418996648,1807.61368119393,6.9083,1.1367,3.7595,1.242,0,0,0.3133,35789,16217,23381,24200,7165.59804515589,0.587666666666667,"Saint Kitts and Nevis"
"América del Norte","Saint Kitts and Nevis",2012,0,0,0.0016,4790.56050093927,0,0,26.2626634461831,NA,NA,0.241,6.219,62.4970302873135,172.179779322716,34.9088,252.21418996648,1807.61368119393,7.328,0.9022,2.081,1.0797,0,0,0.3133,36255,16336,23438,24290,7164.40244515589,0.71225,"Saint Kitts and Nevis"
"América del Norte","Saint Kitts and Nevis",2013,0,0,4e-04,4790.56050093927,0,0,26.2626634461831,NA,NA,0.2494,6.642,62.4970302873135,172.179779322716,34.9686,252.21418996648,1807.61368119393,7.8077,0.8878,1.9312,1.0681,0,0,0.3451,36706,16463,23427,24339,7165.22814515589,0.801916666666667,"Saint Kitts and Nevis"
"América del Norte","Saint Kitts and Nevis",2014,0,0,0.0016,4790.56050093927,0,0,26.2626634461831,NA,NA,0.2516,7.065,62.4970302873135,172.179779322716,35.0424,252.21418996648,1807.61368119393,8.2754,0.8413,1.6597,1.0395,0,0,0.3451,37142,16597,23402,24387,7165.84944515589,0.715333333333333,"Saint Kitts and Nevis"
"América del Norte","Saint Kitts and Nevis",2015,0,0,NA,6622.20858044985,0,0,26.2626634461831,NA,NA,0.2567,7.488,62.4970302873135,67.6313660738584,35.0971,252.21418996648,1922.05561400485,8.7302,0.8616,1.7765,1.0642,0,0,0.3451,37552,16736,23360,24430,9008.48884422854,1.11025,"Saint Kitts and Nevis"
"América del Norte","Saint Kitts and Nevis",2016,0,0,NA,6622.20858044985,0,0,26.2626634461831,NA,NA,0.2632,7.911,62.4970302873135,67.6313660738584,35.1616,252.21418996648,1922.05561400485,9.1879,0.8452,1.6681,1.0523,0,0,0.3451,37942,16879,23316,24472,9009.30384422854,1.08058333333333,"Saint Kitts and Nevis"
"América del Norte","Saint Kitts and Nevis",2017,0,0,NA,6622.20858044985,0,0,26.2626634461831,NA,NA,0.2762,8.334,62.4970302873135,67.6313660738584,35.245,252.21418996648,1922.05561400485,9.6046,0.7906,1.6979,0.9816,0,0,0.3451,38314,17031,23270,24515,9010.14444422854,0.958583333333333,"Saint Kitts and Nevis"
"América del Norte","Saint Kitts and Nevis",2018,0,0,NA,6622.40408511652,0,0,26.2626634461831,NA,NA,0.2925,8.757,62.4970302873135,67.6313660738584,35.2903,252.21418996648,1922.05561400485,10.0603,0.715,1.7981,0.8796,0,0,0.3451,38662,17188,23216,24545,9011.20284889521,0.560166666666667,"Saint Kitts and Nevis"
"América del Norte","Saint Kitts and Nevis",2019,0,0,NA,6622.40408511652,0,1,26.2626634461831,NA,NA,0.3008,9.18,62.4970302873135,67.6313660738584,35.3703,252.21418996648,1922.05561400485,10.5521,0.6444,1.8994,0.7905,0,0,0.3451,38991,17354,23149,24562,9013.14754889521,0.895583333333333,"Saint Kitts and Nevis"
"América del Norte","Saint Kitts and Nevis",2020,0,0,NA,6622.20858044985,0,1,26.2626634461831,NA,NA,0.3147,9.63,62.4970302873135,67.6313660738584,35.2851,252.21418996648,1922.05561400485,11.0389,0.4777,2.0453,0.5563,0,0,0.3451,39290,17523,23072,24570,9013.56254422854,1.0455,"Saint Kitts and Nevis"
"América del Norte","Saint Lucia",1990,0,0,NA,2005.86282116612,0,11.481084565897,8.904,-148.9119,10.909,7.7929,9.6703,17.0046627850269,67.6313660738584,85.3539,209.587728357542,779.566792402824,18.2774,1.4981,7.7755,2.4571,0,0,0.051,97628,40557,70063,72238,3094.91175535127,0.310166666666667,"Saint Lucia"
"América del Norte","Saint Lucia",1991,0,0,NA,2005.86282116612,0,11.481084565897,9.7372,-148.9119,10.909,8.2012,9.9487,17.0046627850269,67.6313660738584,85.8973,209.587728357542,779.566792402824,19.6507,1.5467,7.7151,2.5193,0,0,0.051,98709,41447,71079,73189,3098.39875535127,0.395666666666667,"Saint Lucia"
"América del Norte","Saint Lucia",1992,0,0,NA,2005.86282116612,0,11.481084565897,11.2532,-148.9119,10.909,10.4958,10.2575,17.0046627850269,67.6313660738584,86.1246,209.587728357542,779.566792402824,21.8957,1.5955,7.6929,2.59,0,0,0.0542,100243,41682,72172,74248,3105.09095535127,0.408583333333333,"Saint Lucia"
"América del Norte","Saint Lucia",1993,0,0,NA,2005.86282116612,0,1,12.6936,-148.9119,10.909,12.0937,5.8512,17.0046627850269,67.6313660738584,86.3623,209.587728357542,779.566792402824,25.0254,1.6383,7.6407,2.6514,0,0,0.0542,101692,41873,73267,75328,3096.66127078537,0.4855,"Saint Lucia"
"América del Norte","Saint Lucia",1994,0,0,NA,1862.16443986908,0,11.481084565897,14.4219,-148.9119,10.909,13.0029,6.2861,17.0046627850269,67.6313660738584,86.3711,209.587728357542,779.566792402824,28.6809,1.694,7.5846,2.7216,0,0,0.0574,103176,42071,74264,76297,2970.25367405423,0.470416666666667,"Saint Lucia"
"América del Norte","Saint Lucia",1995,0,0,NA,1862.16443986908,0,1,14.4866,-148.9119,10.909,16.3633,12.2156,17.0046627850269,67.6313660738584,86.4484,209.587728357542,779.566792402824,32.7894,1.7273,7.537,2.7646,0,0,0.0574,104747,42297,75174,77174,2973.34168948833,0.701666666666667,"Saint Lucia"
"América del Norte","Saint Lucia",1996,0,0,NA,1862.16443986908,0,3,16.3049,-148.9119,10.909,17.6518,15.5574,17.0046627850269,67.6313660738584,86.6805,209.587728357542,779.566792402824,37.2023,1.7535,7.484,2.8095,0,0,0.0605,106442,42562,76002,77967,2986.45648948833,0.374583333333333,"Saint Lucia"
"América del Norte","Saint Lucia",1997,0,0,NA,1862.16443986908,0,1,14.9695,-148.9119,10.909,19.6374,20.5025,17.0046627850269,67.6313660738584,86.983,209.587728357542,779.566792402824,41.6424,1.7423,7.4993,2.8037,0,0,0.0637,108229,42857,76765,78689,2994.79588948833,0.625,"Saint Lucia"
"América del Norte","Saint Lucia",1998,0,0,NA,1861.96893520241,0,1,17.0699,-148.9119,10.909,20.9951,22.487,17.0046627850269,67.6313660738584,87.2835,209.587728357542,779.566792402824,46.1225,1.7281,7.4387,2.7842,0,0,0.0637,110035,43148,77490,79365,3004.72928482166,1.09041666666667,"Saint Lucia"
"América del Norte","Saint Lucia",1999,0,0,NA,1862.16443986908,0,6,16.6493,-148.9119,10.909,25.4986,33.3388,18.1030484779527,67.6313660738584,87.7513,209.587728357542,779.566792402824,50.331,1.7199,7.4232,2.7808,0,0,0.0669,111769,43403,78207,80048,3030.61027518126,0.466083333333333,"Saint Lucia"
"América del Norte","Saint Lucia",2000,0,0,NA,1862.16443986908,0,6,15.3013,-148.9119,10.909,25.1916,41.8412,18.1030484779527,67.6313660738584,88.0388,209.587728357542,779.566792402824,49.6708,1.6951,6.4794,2.7132,0,0,0.0669,113358,43591,78831,80669,3036.04877518126,0.315916666666667,"Saint Lucia"
"América del Norte","Saint Lucia",2001,0,0,NA,867.745699613027,0,4,17.2109,-132.8934,11.7709,22.5066,42.9894,17.0046627850269,67.6313660738584,88.0862,209.587728357542,779.566792402824,48.6047,1.7093,6.4539,2.7258,0,0,2.6788,114930,43534,79395,81198,2057.37934923228,0.658416666666667,"Saint Lucia"
"América del Norte","Saint Lucia",2002,0,0,NA,867.745699613027,0,2,16.6309,-132.8934,11.7709,27.6656,43.9619,19.9805175987538,67.6313660738584,88.4295,209.587728357542,779.566792402824,47.6029,1.7392,6.605,2.7666,0,0,1.6434,117699,42064,80061,81739,2062.43460404601,0.611083333333333,"Saint Lucia"
"América del Norte","Saint Lucia",2003,0,0,NA,867.745699613027,0,11.481084565897,17.7382,-132.8934,11.7709,27.5693,43.2693,19.9805175987538,67.6313660738584,88.8205,209.587728357542,779.566792402824,46.8084,1.8939,6.761,2.8797,0,0,2.7595,120382,40591,80761,82285,2073.3704886119,0.87175,"Saint Lucia"
"América del Norte","Saint Lucia",2004,0,0,NA,867.745699613027,0,0,20.3631,-132.8934,11.7709,23.456,42.5713,17.0046627850269,67.6313660738584,89.1937,209.587728357542,779.566792402824,46.2353,1.9792,6.9745,2.9488,0,0,2.4685,123095,39156,81432,82807,2056.60414923228,0.507166666666667,"Saint Lucia"
"América del Norte","Saint Lucia",2005,0,0,NA,867.745699613027,0,0,18.0079,-132.8934,11.7709,25.7757,42.7176,18.3586541156341,67.6313660738584,89.5771,209.587728357542,779.566792402824,46.191,2.0656,7.0789,3.0092,0,0,3.0309,125920,37794,82078,83308,2059.22164056288,0.9365,"Saint Lucia"
"América del Norte","Saint Lucia",2006,0,0,NA,777.965727643147,0,3,19.5868,-132.8934,11.7709,25.2525,42.8143,18.1030484779527,67.6313660738584,90.0458,209.587728357542,779.566792402824,46.171,2.0013,6.8234,2.9447,0,0,4.0631,128905,36502,82684,83785,1974.43506295532,0.777666666666667,"Saint Lucia"
"América del Norte","Saint Lucia",2007,0,0,NA,777.965727643147,0,5,20.0836,-132.8934,11.7709,25.7868,42.7757,18.945477319453,67.6313660738584,90.6113,209.587728357542,779.566792402824,46.161,2.4716,6.8576,3.6243,0,0,3.9357,132017,35271,83284,84234,1979.88219179682,0.705333333333333,"Saint Lucia"
"América del Norte","Saint Lucia",2008,0,0,NA,777.965727643147,0,3,20.4201,-132.8934,11.7709,25.2906,42.813,18.1030484779527,67.6313660738584,90.9816,209.587728357542,779.566792402824,46.181,2.1034,7.0086,3.0618,0,0,4.4666,135155,34065,83904,84671,1977.05886295532,0.409666666666667,"Saint Lucia"
"América del Norte","Saint Lucia",2009,0,0,NA,777.965727643147,0,2,19.5897,-132.8934,11.7709,26.3475,42.8804,19.7092065306964,67.6313660738584,91.2464,209.587728357542,779.566792402824,46.301,2.0809,7.0747,3.07,0,0,3.9771,138164,32858,84552,85135,1977.90602100807,0.599583333333333,"Saint Lucia"
"América del Norte","Saint Lucia",2010,0,0,NA,777.965727643147,0,2,22.7819,-132.8934,11.7709,27.8867,43.0318,19.9805175987538,67.6313660738584,91.6126,209.587728357542,779.566792402824,46.291,1.9582,7.0798,2.8835,0,0,6.2535,140739,31841,85230,85705,1985.38863207612,1.1655,"Saint Lucia"
"América del Norte","Saint Lucia",2011,0,0,NA,777.965727643147,0,2,22.7807,-146.2208,0,26.4878,44.2371,19.7092065306964,67.6313660738584,91.9891,209.587728357542,779.566792402824,47.5914,1.9447,7.074,2.8509,0,0,6.0899,141760,32072,85841,86305,1961.28562100807,0.625,"Saint Lucia"
"América del Norte","Saint Lucia",2012,0,0,NA,777.965727643147,0,7,22.7817,-146.2208,0,26.931,44.5403,19.7092065306964,67.6313660738584,92.2111,209.587728357542,779.566792402824,47.7258,1.8905,7.0862,2.7869,0,0,5.7926,142578,32257,86308,86816,1966.98612100807,0.6505,"Saint Lucia"
"América del Norte","Saint Lucia",2013,0,0,NA,777.965727643147,0,6,22.6713,-146.2208,0,26.6044,44.7477,19.7092065306964,67.6313660738584,92.5518,209.587728357542,779.566792402824,47.9602,1.5862,7.3181,2.3192,0,0,5.7767,143232,32428,86694,87284,1965.77562100807,0.70725,"Saint Lucia"
"América del Norte","Saint Lucia",2014,0,0,NA,777.965727643147,0,7,22.5839,-146.2208,0,27.6831,45.0717,19.9805175987538,67.6313660738584,92.6603,209.587728357542,779.566792402824,48.1745,1.7039,7.6377,2.5306,0,0,5.9625,143814,32607,87051,87752,1969.51953207612,0.629916666666667,"Saint Lucia"
"América del Norte","Saint Lucia",2015,0,0,NA,777.965727643147,0,7,22.5087,-146.2208,0,26.551,44.9583,19.7092065306964,67.6313660738584,92.9568,209.587728357542,779.566792402824,48.2517,1.9307,7.5119,2.8626,0,0,6.263,144397,32809,87401,88222,1969.03472100807,0.91125,"Saint Lucia"
"América del Norte","Saint Lucia",2016,0,0,NA,777.965727643147,0,7,22.2417,-146.3731,0,27.3054,45.0899,19.7092065306964,67.6313660738584,93.1538,209.587728357542,779.566792402824,48.436,2.0154,7.321,2.9954,0,0,6.6528,144979,33036,87731,88683,1970.29912100807,0.978166666666667,"Saint Lucia"
"América del Norte","Saint Lucia",2017,0,0,NA,777.965727643147,0,6,23.3555,-146.3731,0,29.9302,45.4775,19.9805175987538,67.6313660738584,93.4918,209.587728357542,779.566792402824,48.6404,2.1514,7.2927,3.2083,0,0,6.8354,145557,33287,88031,89132,1974.74223207612,0.826666666666667,"Saint Lucia"
"América del Norte","Saint Lucia",2018,0,0,NA,777.965727643147,0,6,23.3899,-146.3731,0,27.3834,45.5513,19.7092065306964,67.6313660738584,93.7671,209.587728357542,779.566792402824,48.8447,2.0934,7.2739,3.1102,0,0,7.3086,146110,33557,88315,89573,1972.81022100807,0.514833333333333,"Saint Lucia"
"América del Norte","Saint Lucia",2019,0,0,NA,777.965727643147,0,6,23.2918,-146.3731,0,26.3747,45.4231,19.7092065306964,67.6313660738584,93.9969,209.587728357542,779.566792402824,48.9719,1.9853,7.188,2.9336,0,0,7.3914,146612,33842,88582,90001,1971.64442100807,1.05816666666667,"Saint Lucia"
"América del Norte","Saint Lucia",2020,0,0,NA,777.965727643147,0,6,22.9666,-146.3731,0,27.6168,45.6015,19.9805175987538,67.6313660738584,93.6454,209.587728357542,779.566792402824,49.1663,1.8355,7.1096,2.7135,0,0,7.7366,147062,34141,88826,90411,1972.75083207612,1.06091666666667,"Saint Lucia"
"América del Norte","Saint Pierre and Miquelon",1990,0,0,NA,2649.18706766951,0,12.2328706489185,2.1309,0,1.4311,NA,37.8386307227124,548.40291670564,1073.2412364429,65.0723473790681,1727.60311370586,2005.79212907803,NA,NA,2148.25169285071,NA,0,0,1.8284,695,5581,3193,3130,10273.0124052034,-0.440666666666667,"Saint Pierre and Miquelon"
"América del Norte","Saint Pierre and Miquelon",1991,0,0,NA,2649.18706766951,0,12.2328706489185,2.1309,0,1.4311,NA,37.8386307227124,617.836830652789,1073.2412364429,65.0723473790681,1727.60311370586,2005.79212907803,NA,NA,2148.25169285071,NA,0,0,1.8458,698,5596,3207,3144,10342.4637191505,-0.948666666666667,"Saint Pierre and Miquelon"
"América del Norte","Saint Pierre and Miquelon",1992,0,0,NA,2649.18706766951,0,12.2328706489185,2.1309,0,1.4311,NA,37.8386307227124,617.836830652789,1073.2412364429,65.0723473790681,1727.60311370586,2005.79212907803,NA,NA,2148.25169285071,NA,0,0,1.8848,699,5607,3216,3159,10342.5027191505,-1.23625,"Saint Pierre and Miquelon"
"América del Norte","Saint Pierre and Miquelon",1993,0,0,NA,2649.18706766951,0,12.2328706489185,2.1309,0,1.4311,NA,37.8386307227124,617.836830652789,1073.2412364429,65.0723473790681,1727.60311370586,2005.79212907803,NA,NA,2148.25169285071,NA,0,0,1.7728,699,5605,3224,3172,10342.3907191505,-0.843583333333333,"Saint Pierre and Miquelon"
"América del Norte","Saint Pierre and Miquelon",1994,0,0,NA,2649.18706766951,0,12.2328706489185,2.4823,0,1.4311,NA,37.8386307227124,548.40291670564,1073.2412364429,65.0723473790681,1727.60311370586,2005.79212907803,NA,NA,2148.25169285071,NA,0,0,1.843,699,5608,3229,3179,10273.3784052034,-0.513,"Saint Pierre and Miquelon"
"América del Norte","Saint Pierre and Miquelon",1995,0,0,NA,2649.18706766951,0,12.2328706489185,2.4823,0,1.4311,NA,37.8386307227124,548.40291670564,1073.2412364429,65.0723473790681,1727.60311370586,2005.79212907803,NA,NA,2148.25169285071,NA,0,0,1.905,698,5606,3230,3182,10273.4404052034,-0.273166666666667,"Saint Pierre and Miquelon"
"América del Norte","Saint Pierre and Miquelon",1996,0,0,NA,2649.18706766951,0,12.2328706489185,2.4823,0,1.4311,NA,37.8386307227124,548.40291670564,1073.2412364429,65.0723473790681,1727.60311370586,2005.79212907803,NA,NA,2148.25169285071,NA,0,0,1.8652,689,5607,3228,3182,10273.4006052034,0.44075,"Saint Pierre and Miquelon"
"América del Norte","Saint Pierre and Miquelon",1997,0,0,NA,2649.18706766951,0,12.2328706489185,2.4823,0,1.4311,NA,37.8386307227124,617.836830652789,1073.2412364429,65.0723473790681,1727.60311370586,2005.79212907803,NA,NA,2148.25169285071,NA,0,0,1.9252,680,5611,3216,3177,10342.8945191505,-0.60175,"Saint Pierre and Miquelon"
"América del Norte","Saint Pierre and Miquelon",1998,0,0,NA,2649.18706766951,0,12.2328706489185,2.4823,0,1.4311,NA,37.8386307227124,548.40291670564,1073.2412364429,65.0723473790681,1727.60311370586,2005.79212907803,NA,NA,2148.25169285071,NA,0,0,1.8828,670,5615,3186,3157,10273.4182052034,0.717333333333333,"Saint Pierre and Miquelon"
"América del Norte","Saint Pierre and Miquelon",1999,0,0,NA,2649.18706766951,0,12.2328706489185,2.4823,0,1.4311,NA,37.8386307227124,548.40291670564,1073.2412364429,65.0723473790681,1727.60311370586,2005.79212907803,NA,NA,2148.25169285071,NA,0,0,1.8158,668,5613,3159,3134,10273.3512052034,1.82241666666667,"Saint Pierre and Miquelon"
"América del Norte","Saint Pierre and Miquelon",2000,0,0,NA,2649.18706766951,0,12.2328706489185,2.4823,0,1.4311,NA,37.8386307227124,548.40291670564,1073.2412364429,65.0723473790681,1727.60311370586,2005.79212907803,NA,NA,2148.25169285071,NA,0,0,1.6953,675,5597,3151,3123,10273.2307052034,0.933833333333333,"Saint Pierre and Miquelon"
"América del Norte","Saint Pierre and Miquelon",2001,0,0,NA,2649.18706766951,0,12.2328706489185,2.4823,0,1.4311,NA,37.8386307227124,548.40291670564,1073.2412364429,65.0723473790681,1727.60311370586,2005.79212907803,NA,NA,2148.25169285071,NA,0,0,1.6564,671,5597,3146,3115,10273.1918052034,0.747083333333333,"Saint Pierre and Miquelon"
"América del Norte","Saint Pierre and Miquelon",2002,0,0,NA,2649.18706766951,0,12.2328706489185,2.4823,0,1.4311,NA,37.8386307227124,548.40291670564,1073.2412364429,65.0723473790681,1727.60311370586,2005.79212907803,NA,NA,2148.25169285071,NA,0,0,1.8037,661,5601,3136,3104,10273.3391052034,-0.222833333333333,"Saint Pierre and Miquelon"
"América del Norte","Saint Pierre and Miquelon",2003,0,0,NA,2649.18706766951,0,12.2328706489185,2.7282,0,1.4311,NA,37.8386307227124,548.40291670564,1073.2412364429,65.0723473790681,1727.60311370586,2005.79212907803,NA,NA,2148.25169285071,NA,0,0,2.0075,652,5603,3117,3085,10273.7888052034,0.3455,"Saint Pierre and Miquelon"
"América del Norte","Saint Pierre and Miquelon",2004,0,0,NA,2649.18706766951,0,12.2328706489185,2.7282,0,1.4311,NA,37.8386307227124,548.40291670564,1073.2412364429,65.0723473790681,1727.60311370586,2005.79212907803,NA,NA,2148.25169285071,NA,0,0,2.2045,643,5616,3096,3064,10273.9858052034,0.503416666666667,"Saint Pierre and Miquelon"
"América del Norte","Saint Pierre and Miquelon",2005,0,0,NA,2559.40709569964,0,12.2328706489185,2.7634,0,1.4311,NA,37.8386307227124,548.40291670564,1073.2412364429,65.0723473790681,1727.60311370586,2005.79212907803,NA,NA,2148.25169285071,NA,0,0,3.0637,634,5627,3075,3041,10185.1002332335,0.974583333333333,"Saint Pierre and Miquelon"
"América del Norte","Saint Pierre and Miquelon",2006,0,0,NA,2649.18706766951,0,12.2328706489185,2.8338,0,1.4311,NA,37.8386307227124,548.40291670564,1073.2412364429,65.0723473790681,1727.60311370586,2005.79212907803,NA,NA,2148.25169285071,NA,0,0,2.6441,630,5630,3056,3022,10274.5310052034,1.73825,"Saint Pierre and Miquelon"
"América del Norte","Saint Pierre and Miquelon",2007,0,0,NA,2559.40709569964,0,12.2328706489185,2.8338,0,1.4311,NA,44.3894236950661,548.40291670564,1073.2412364429,65.0723473790681,1727.60311370586,2005.79212907803,NA,NA,2148.25169285071,NA,0,0,5.542,631,5630,3049,3015,10194.1997262058,0.11375,"Saint Pierre and Miquelon"
"América del Norte","Saint Pierre and Miquelon",2008,0,0,NA,2559.40709569964,0,12.2328706489185,2.8338,0,1.4311,NA,44.3894236950661,548.40291670564,1073.2412364429,65.0723473790681,1727.60311370586,2005.79212907803,NA,NA,2148.25169285071,NA,0,0,5.0934,632,5637,3047,3011,10193.7511262058,0.72475,"Saint Pierre and Miquelon"
"América del Norte","Saint Pierre and Miquelon",2009,0,0,NA,2559.40709569964,0,12.2328706489185,2.8338,0,1.4311,NA,44.3894236950661,548.40291670564,1073.2412364429,65.0723473790681,1727.60311370586,2005.79212907803,NA,NA,2148.25169285071,NA,0,0,5.0146,633,5644,3046,3009,10193.6723262058,0.654666666666667,"Saint Pierre and Miquelon"
"América del Norte","Saint Pierre and Miquelon",2010,0,0,NA,2559.40709569964,0,12.2328706489185,2.8338,0,1.4311,NA,1e-04,548.40291670564,1073.2412364429,65.0723473790681,1727.60311370586,2005.79212907803,NA,NA,2128.60372548703,NA,0,0,5.2182,634,5640,3043,3009,10129.8386351471,1.63816666666667,"Saint Pierre and Miquelon"
"América del Norte","Saint Pierre and Miquelon",2011,0,0,NA,2559.40709569964,0,12.2328706489185,2.8338,0,1.3689,NA,3e-04,548.40291670564,1073.2412364429,65.0723473790681,1727.60311370586,2005.79212907803,NA,NA,2128.60372548703,NA,0,0,5.2955,634,5640,3041,3005,10129.8539351471,0.8355,"Saint Pierre and Miquelon"
"América del Norte","Saint Pierre and Miquelon",2012,0,0,NA,2559.40709569964,0,12.2328706489185,2.8338,0,1.3689,NA,4e-04,548.40291670564,1073.2412364429,65.0723473790681,1727.60311370586,2005.79212907803,NA,NA,2128.60372548703,NA,0,0,5.8433,634,5642,3030,2997,10130.4018351471,2.045,"Saint Pierre and Miquelon"
"América del Norte","Saint Pierre and Miquelon",2013,0,0,NA,2559.40709569964,0,12.2328706489185,2.8338,0,1.3689,NA,6e-04,548.40291670564,1073.2412364429,65.0723473790681,1727.60311370586,2005.79212907803,NA,NA,2128.60372548703,NA,0,0,5.7134,634,5639,3005,3000,10130.2721351471,0.971583333333333,"Saint Pierre and Miquelon"
"América del Norte","Saint Pierre and Miquelon",2014,0,0,NA,2559.40709569964,0,12.2328706489185,2.9041,0,1.3689,NA,7e-04,548.40291670564,1073.2412364429,65.0723473790681,1727.60311370586,2005.79212907803,NA,NA,2128.60372548703,NA,0,0,5.3607,635,5642,2980,3009,10129.9898351471,0.679416666666667,"Saint Pierre and Miquelon"
"América del Norte","Saint Pierre and Miquelon",2015,0,0,NA,2559.40709569964,0,12.2328706489185,2.9041,0,1.3689,NA,9e-04,548.40291670564,1073.2412364429,65.0723473790681,1727.60311370586,2005.79212907803,NA,NA,2128.60372548703,NA,0,0,5.278,608,5682,2970,3007,10129.9073351471,0.0269166666666666,"Saint Pierre and Miquelon"
"América del Norte","Saint Pierre and Miquelon",2016,0,0,NA,2559.40709569964,0,12.2328706489185,2.9041,0,1.3689,NA,0.001,548.40291670564,1073.2412364429,65.0723473790681,1727.60311370586,2005.79212907803,NA,NA,2128.60372548703,NA,0,0,5.4777,637,5668,2966,2999,10130.1071351471,0.73875,"Saint Pierre and Miquelon"
"América del Norte","Saint Pierre and Miquelon",2017,0,0,NA,2559.40709569964,0,12.2328706489185,2.9041,0,1.3689,NA,0.0012,548.40291670564,1073.2412364429,65.0723473790681,1727.60311370586,2005.79212907803,NA,NA,2128.60372548703,NA,0,0,5.5867,638,5682,2961,2997,10130.2163351471,0.496833333333333,"Saint Pierre and Miquelon"
"América del Norte","Saint Pierre and Miquelon",2018,0,0,NA,2559.40709569964,0,12.2328706489185,2.7986,0,1.3689,NA,0.0013,548.40291670564,1073.2412364429,65.0723473790681,1727.60311370586,2005.79212907803,NA,NA,2128.60372548703,NA,0,0,4.2587,619,5723,2951,2994,10128.7829351471,0.534916666666667,"Saint Pierre and Miquelon"
"América del Norte","Saint Pierre and Miquelon",2019,0,0,NA,2559.40709569964,0,12.2328706489185,2.9041,0,1.3689,NA,0.0014,548.40291670564,1073.2412364429,65.0723473790681,1727.60311370586,2005.79212907803,NA,NA,2128.60372548703,NA,0,0,4.8758,621,5754,2943,2982,10129.5056351471,0.170833333333333,"Saint Pierre and Miquelon"
"América del Norte","Saint Pierre and Miquelon",2020,0,0,NA,2559.40709569964,0,12.2328706489185,2.7634,0,1.3689,NA,0.0027,548.40291670564,1073.2412364429,65.0723473790681,1727.60311370586,2005.79212907803,NA,NA,2128.60372548703,NA,0,0,5.6657,623,5784,2939,2966,10130.1561351471,1.01283333333333,"Saint Pierre and Miquelon"
"América del Norte","Saint Vincent and the Grenadines",1990,0,0,0.1109,246.40727646444,0,11.481084565897,3.5144,-46.827,0,6.131,3.3791,1.592,67.6313660738584,34.4712,209.587728357542,658.540603536344,0.9784,1.3265,4.3619,1.5825,0,0,1.9086,62988,44517,56879,55609,1206.17755899808,0.2355,"Saint Vincent and the Grenadines"
"América del Norte","Saint Vincent and the Grenadines",1991,0,0,0.0889,246.40727646444,0,11.481084565897,3.5144,-46.827,0,6.5732,3.6616,1.506,75.9042602279328,34.8492,209.587728357542,658.540603536344,1.0107,1.2483,4.1239,1.4777,0,0,1.9658,62587,45227,57057,55723,1215.11365315215,0.36775,"Saint Vincent and the Grenadines"
"América del Norte","Saint Vincent and the Grenadines",1992,0,0,0.0737,246.40727646444,0,11.481084565897,3.5144,-46.827,0,6.5606,3.7321,1.469,80.6077316661513,35.2016,209.587728357542,658.540603536344,1.0416,1.2339,4.147,1.4705,0,0,1.9791,62311,45692,57359,55862,1220.22092459037,0.39675,"Saint Vincent and the Grenadines"
"América del Norte","Saint Vincent and the Grenadines",1993,0,0,0.0682,246.40727646444,0,11.481084565897,4.2173,-46.827,0,7.0832,4.2106,1.6811,80.6077316661513,35.5118,209.587728357542,658.540603536344,1.0253,1.2455,4.2004,1.4878,0,0,2.1198,61977,46115,57604,56017,1222.64842459037,0.469916666666667,"Saint Vincent and the Grenadines"
"América del Norte","Saint Vincent and the Grenadines",1994,0,0,0.0629,246.40727646444,0,11.481084565897,4.5688,-46.827,0,8.3832,4.0275,2.5404,80.6077316661513,35.7218,209.587728357542,658.540603536344,1.1311,1.254,4.2409,1.5006,0,0,2.2278,61610,46519,57816,56127,1225.45642459037,0.43775,"Saint Vincent and the Grenadines"
"América del Norte","Saint Vincent and the Grenadines",1995,0,0,0.0577,246.40727646444,0,11.481084565897,5.2717,-46.827,0,9.3565,3.7894,2.913,80.6077316661513,36.0404,209.587728357542,658.540603536344,1.1225,1.2798,4.3029,1.5251,0,0,3.5972,61218,46904,57982,56192,1229.05362459037,0.7605,"Saint Vincent and the Grenadines"
"América del Norte","Saint Vincent and the Grenadines",1996,0,0,0.0445,246.40727646444,0,11.481084565897,5.2717,-46.827,0,9.3728,3.9387,2.7217,89.983908055788,36.0467,209.587728357542,658.540603536344,1.1644,1.2788,4.2976,1.5242,0,0,3.6494,60802,47273,58088,56203,1238.48410098001,0.44075,"Saint Vincent and the Grenadines"
"América del Norte","Saint Vincent and the Grenadines",1997,0,0,0.0569,246.40727646444,0,11.481084565897,5.2717,-46.827,0,11.2187,4.3189,3.4398,80.6077316661513,36.2483,209.587728357542,658.540603536344,1.2551,1.2819,4.2895,1.5238,0,0,3.218,60374,47630,58129,56148,1231.92002459037,0.658416666666667,"Saint Vincent and the Grenadines"
"América del Norte","Saint Vincent and the Grenadines",1998,0,0,0.0889,246.40727646444,0,11.481084565897,6.6775,-46.827,0,10.104,4.6845,3.2463,75.9042602279328,36.1075,209.587728357542,658.540603536344,1.3869,1.286,4.2866,1.5242,0,0,5.8269,59938,47984,58120,56045,1230.31325315215,1.18408333333333,"Saint Vincent and the Grenadines"
"América del Norte","Saint Vincent and the Grenadines",1999,0,0,0.0339,246.40727646444,0,11.481084565897,6.326,-46.827,0,10.7811,4.6765,3.0863,89.983908055788,35.9357,209.587728357542,658.540603536344,1.5368,1.2884,4.2921,1.5255,0,0,5.5007,59525,48355,58069,55925,1244.15660098001,0.563916666666667,"Saint Vincent and the Grenadines"
"América del Norte","Saint Vincent and the Grenadines",2000,0,0,0.0237,246.40727646444,0,11.481084565897,5.8339,-46.827,0,11.5665,5.0535,3.6293,128.200388812342,35.9661,209.587728357542,658.540603536344,1.8025,1.2835,4.215,1.5282,0,0,4.6097,59144,48754,58002,55810,1282.90198173656,0.453166666666667,"Saint Vincent and the Grenadines"
"América del Norte","Saint Vincent and the Grenadines",2001,0,0,0.0198,246.40727646444,0,11.481084565897,6.2557,-3.7462,3.7462,11.276,5.4819,3.744,128.200388812342,35.9726,209.587728357542,658.540603536344,2.0286,1.2881,4.1372,1.5237,0,0,7.2347,58802,49186,57941,55700,1333.17938173656,0.757583333333333,"Saint Vincent and the Grenadines"
"América del Norte","Saint Vincent and the Grenadines",2002,0,0,0.0205,246.40727646444,0,11.481084565897,6.6775,-3.7462,3.7462,15.0794,6.2958,3.7698,128.200388812342,36.2273,209.587728357542,658.540603536344,2.2478,1.2613,3.9689,1.4871,0,0,8.5442,58492,49654,57862,55587,1339.79668173656,0.601833333333333,"Saint Vincent and the Grenadines"
"América del Norte","Saint Vincent and the Grenadines",2003,0,0,0.0234,246.40727646444,0,11.481084565897,6.4312,-3.7462,3.7462,12.3247,6.5698,3.4356,128.200388812342,36.3424,209.587728357542,658.540603536344,2.4916,1.1541,3.741,1.3906,0,0,9.7523,58202,50148,57712,55395,1337.87378173656,0.89025,"Saint Vincent and the Grenadines"
"América del Norte","Saint Vincent and the Grenadines",2004,0,0,0.0257,246.40727646444,0,11.481084565897,6.9586,-3.7462,3.7462,13.0918,7.6667,3.3731,128.200388812342,36.406,209.587728357542,658.540603536344,2.9781,1.1443,3.729,1.3872,0,0,11.5475,57910,50649,57494,55114,1342.52508173656,0.457583333333333,"Saint Vincent and the Grenadines"
"América del Norte","Saint Vincent and the Grenadines",2005,0,0,0.0245,246.40727646444,0,11.481084565897,7.0289,-3.7462,3.7462,13.2809,8.6467,2.9274,128.200388812342,36.4642,209.587728357542,658.540603536344,3.3593,1.1439,3.8291,1.3992,0,0,10.8135,57599,51145,57245,54797,1343.13468173656,0.968666666666667,"Saint Vincent and the Grenadines"
"América del Norte","Saint Vincent and the Grenadines",2006,0,0,0.0376,246.40727646444,0,11.481084565897,6.8216,-3.7462,3.7462,13.0477,7.4827,1.9585,89.983908055788,36.5431,209.587728357542,658.540603536344,3.5922,1.1801,3.8364,1.4185,0,0,12.6531,57272,51635,56962,54464,1304.57210098001,0.767833333333333,"Saint Vincent and the Grenadines"
"América del Norte","Saint Vincent and the Grenadines",2007,0,0,0.0266,246.40727646444,0,11.481084565897,8.4872,-3.7462,3.7462,14.705,8.9376,2.3305,128.200388812342,36.6433,209.587728357542,658.540603536344,3.8641,1.2563,3.9954,1.4789,0,0,15.5743,56929,52118,56681,54143,1351.51628173656,0.62875,"Saint Vincent and the Grenadines"
"América del Norte","Saint Vincent and the Grenadines",2008,0,0,0.0278,246.40727646444,0,11.481084565897,7.6628,-3.7462,3.7462,11.7622,10.3176,2.3828,128.200388812342,36.6836,209.587728357542,658.540603536344,4.1359,1.2991,4.0447,1.5123,0,0,8.8457,56569,52596,56444,53871,1342.89158173656,0.516916666666667,"Saint Vincent and the Grenadines"
"América del Norte","Saint Vincent and the Grenadines",2009,0,0,0.0263,246.40727646444,0,11.481084565897,11.1208,-3.7462,3.7462,16.3371,9.3191,1.9861,128.200388812342,36.671,209.587728357542,658.540603536344,4.618,1.3379,4.1552,1.5482,0,0,11.4696,56190,53063,56219,53620,1352.80638173656,0.555916666666667,"Saint Vincent and the Grenadines"
"América del Norte","Saint Vincent and the Grenadines",2010,0,0,0.0228,246.40727646444,0,11.481084565897,8.1678,-3.7462,3.7462,15.2135,9.745,2.165,128.200388812342,36.652,209.587728357542,658.540603536344,4.7203,1.2338,4.1393,1.4178,0,0,7.8224,55793,53522,55967,53341,1345.51678173656,1.18816666666667,"Saint Vincent and the Grenadines"
"América del Norte","Saint Vincent and the Grenadines",2011,0,0,0.0268,246.40727646444,0,11.481084565897,7.8671,-6.5558,6.5558,14.742,10.8932,2.4604,128.200388812342,36.5979,209.587728357542,658.540603536344,4.8355,1.1161,4.2048,1.2516,0,0,7.8997,55375,53966,55676,53026,1346.11218173656,0.673333333333333,"Saint Vincent and the Grenadines"
"América del Norte","Saint Vincent and the Grenadines",2012,0,0,0.0332,246.40727646444,0,11.481084565897,7.4656,-6.5558,6.5558,16.9227,11.5129,2.4515,89.983908055788,36.6105,209.587728357542,658.540603536344,5.1179,0.9839,4.0493,1.1,0,0,8.4636,54933,54395,55373,52710,1310.71170098001,0.618166666666667,"Saint Vincent and the Grenadines"
"América del Norte","Saint Vincent and the Grenadines",2013,0,0,0.0224,246.40727646444,0,11.481084565897,5.8356,-6.5558,6.5558,18.6186,11.7544,2.3483,128.200388812342,36.6128,209.587728357542,658.540603536344,5.3406,1.0923,3.4649,1.1896,0,0,7.8688,54491,54829,55053,52397,1348.36538173656,0.709583333333333,"Saint Vincent and the Grenadines"
"América del Norte","Saint Vincent and the Grenadines",2014,0,0,0.0333,246.40727646444,0,11.481084565897,9.2357,-6.5558,6.5558,20.1621,12.1199,2.2679,89.983908055788,36.5982,209.587728357542,658.540603536344,5.6232,1.0767,3.3657,1.2211,0,0,9.3595,54068,55289,54773,52139,1317.06390098001,0.67225,"Saint Vincent and the Grenadines"
"América del Norte","Saint Vincent and the Grenadines",2015,0,0,0.0301,246.40727646444,0,11.481084565897,7.6016,-6.5558,6.5558,26.6061,12.6405,2.3863,98.4287398069922,36.6178,209.587728357542,658.540603536344,5.8756,1.1057,3.338,1.264,0,0,7.9931,53672,55783,54538,51944,1329.90423273121,0.870416666666667,"Saint Vincent and the Grenadines"
"América del Norte","Saint Vincent and the Grenadines",2016,0,0,0.0337,246.40727646444,0,11.481084565897,9.2604,-3.7462,3.7462,23.2203,13.0006,2.4495,89.983908055788,36.5803,209.587728357542,658.540603536344,6.1282,1.0365,3.2586,1.1873,0,0,7.7634,53316,56327,54258,51704,1319.91940098001,0.922833333333333,"Saint Vincent and the Grenadines"
"América del Norte","Saint Vincent and the Grenadines",2017,0,0,0.0438,246.40727646444,0,11.481084565897,9.1345,-3.7462,3.7462,21.0777,12.2362,2.6967,89.983908055788,36.6008,209.587728357542,658.540603536344,6.3309,1.0644,3.3836,1.2127,0,0,7.0071,52988,56909,54026,51523,1316.78900098001,0.897333333333333,"Saint Vincent and the Grenadines"
"América del Norte","Saint Vincent and the Grenadines",2018,0,0,0.0399,246.40727646444,0,11.481084565897,10.4882,-3.7462,3.7462,21.182,12.4064,2.7346,89.983908055788,36.609,209.587728357542,658.540603536344,6.5833,1.0429,3.3279,1.1903,0,0,9.956,52678,57522,53856,51425,1321.56110098001,0.535666666666667,"Saint Vincent and the Grenadines"
"América del Norte","Saint Vincent and the Grenadines",2019,0,0,0.0349,246.40727646444,0,11.481084565897,9.3191,-3.7462,3.7462,20.5918,12.8554,2.9674,89.983908055788,36.6119,209.587728357542,658.540603536344,6.8759,1.0734,3.305,1.2273,0,0,7.968,52356,58132,53636,51288,1318.83070098001,1.248,"Saint Vincent and the Grenadines"
"América del Norte","Saint Vincent and the Grenadines",2020,0,0,0.0328,246.40727646444,0,11.481084565897,10.8308,-3.7462,3.7462,22.7461,12.8366,3.0455,89.983908055788,36.5669,209.587728357542,658.540603536344,7.1286,1.0612,3.3316,1.2101,0,0,11.4035,52020,58737,53434,51199,1326.19430098001,1.14808333333333,"Saint Vincent and the Grenadines"
"América del Sur","Suriname",1990,10.5394,9.3702,12.8292,407.7192,229.6785,6,6.4379,-89.0096,2934.2214,38.9151,17.2188,1.1734,67.6313660738584,72.7357,209.587728357542,4170.70153693849,400.087,16.5777,51.9871,16.5872,0,9.3702,743.8289,139739,267733,205650,207106,9344.18793136989,0.3525,"Suriname"
"América del Sur","Suriname",1991,10.5394,9.3702,14.9296,471.0664,229.6785,5,6.4379,-89.0096,2934.2214,40.28,19.8752,1.4083,67.6313660738584,73.0716,209.587728357542,4170.70153693849,393.7645,14.9732,50.4398,15.1809,0,9.3702,800.7963,142087,273129,207218,208763,9459.31443136989,0.291333333333333,"Suriname"
"América del Sur","Suriname",1992,10.5394,9.3702,17.0287,539,229.6785,4,6.8095,-89.0096,2934.2214,40.6257,20.499,1.6429,67.6313660738584,73.1214,209.587728357542,3863.73133687637,413.8614,14.0959,49.6466,14.9446,0,9.3702,822.8164,144356,278407,208941,210579,9263.21263130778,0.618166666666667,"Suriname"
"América del Sur","Suriname",1993,10.5394,9.3702,14.3058,459.7376,299.4405,4,6.8095,-89.0096,2934.2214,48.7657,14.6454,1.8776,67.6313660738584,73.3038,209.587728357542,3348.74137249725,385.8728,11.8762,47.1009,12.9474,0,9.3702,829.0928,146522,283517,210326,212049,8710.22806692865,0.321666666666667,"Suriname"
"América del Sur","Suriname",1994,10.5394,9.3702,14.4812,470.4784,299.2221,4,6.8023,-89.0096,2934.2214,41.4929,15.335,1.8776,67.6313660738584,73.6103,209.587728357542,3348.74137249725,350.4667,9.4269,44.9486,10.4705,0,9.3702,842.0436,148584,288453,212373,214175,8685.10816692865,0.265666666666667,"Suriname"
"América del Sur","Suriname",1995,10.5394,9.3702,14.5341,481.2976,341.1867,3,6.8026,-89.0096,2934.2214,41.7215,9.788,1.8776,67.6313660738584,74.7259,209.587728357542,3348.74137249725,364.4483,8.5046,46.0797,9.1916,0,9.3702,824.0987,150529,293195,216548,217941,8727.70896692865,0.93375,"Suriname"
"América del Sur","Suriname",1996,2.6278,33.8882,15.0624,484.1592,385.125,3,6.8029,-89.0096,2934.2214,46.357,10.8602,2.8164,67.6313660738584,75.1369,209.587728357542,3348.74137249725,402.4238,8.5058,45.0909,9.4011,0,33.8882,846.4641,152338,297698,221658,222177,8882.78216692865,0.885083333333333,"Suriname"
"América del Sur","Suriname",1997,3.4193,31.2029,13.6407,419.4008,398.4895,3,5.0235,-89.0096,2934.2214,50.5397,11.7227,3.2859,67.6313660738584,75.9809,209.587728357542,3348.74137249725,397.2291,9.8333,46.7348,10.3311,0,31.2029,873.8765,154006,301948,226598,226288,8856.08586692865,0.726583333333333,"Suriname"
"América del Sur","Suriname",1998,3.4702,75.3984,12.3386,393.0584,411.2167,0,7.1593,-89.0096,2934.2214,49.9522,12.3478,3.2859,67.6313660738584,76.3174,209.587728357542,3348.74137249725,374.41,7.9444,50.6709,9.5296,0,75.3984,870.3401,155559,306001,231434,230315,8904.01056692865,1.39508333333333,"Suriname"
"América del Sur","Suriname",1999,1.1141,16.2154,11.8509,379.9264,471.8257,4,7.1596,-89.0096,2934.2214,44.0981,13.635,3.5205,67.6313660738584,76.6589,209.587728357542,3348.74137249725,105.7,8.5211,55.0907,10.3211,0,16.2154,819.0809,157050,309953,236184,234274,8516.10606692865,0.63625,"Suriname"
"América del Sur","Suriname",2000,0.1299,6.5522,10.5624,329.2408,476.1146,3,7.1599,-89.0096,2934.2214,45.5766,14.4368,3.5205,67.6313660738584,77.2082,209.587728357542,3334.82957243059,71.7763,8.3276,51.5112,10.3138,0,6.5522,780.9397,158514,313876,240845,238153,8360.18316686199,0.544333333333333,"Suriname"
"América del Sur","Suriname",2001,6.481,1.2492,12.5158,398.1622,479.539,3,7.8752,0,3174.1603,48.2993,18.9084,4.0527,67.6313660738584,77.4438,209.587728357542,3348.74137249725,73.679,8.9037,44.2832,10.269,0,1.2492,880.6408,159960,317780,245436,241957,8876.67226692865,0.86475,"Suriname"
"América del Sur","Suriname",2002,27.4415,3.0536,10.1181,313.992,478.3784,3,13.4742,0,3174.1603,37.7013,20.8337,2.9909,1.1129,77.9688,131.569123523694,3331.03635066392,75.5842,9.1513,24.9714,9.3214,0,3.0536,664.5332,161381,321663,249959,245707,8413.44627418761,0.949333333333333,"Suriname"
"América del Sur","Suriname",2003,15.0439,26.0962,12.7677,411.012,477.4665,3,14.403,0,3174.1603,43.3072,29.9165,4.0455,2.9131,77.9532,131.569123523694,3331.03635066392,76.1895,8.8366,24.1807,8.9279,0,26.0962,554.5541,162790,325542,254376,249404,8453.47557418761,1.12441666666667,"Suriname"
"América del Sur","Suriname",2004,31.5586,5.6912,11.6768,384.3168,648.5797,6,14.5086,0,3174.1603,50.1045,36.8875,5.1823,5.4228,78.5832,131.569123523694,3331.03635066392,73.7922,9.8692,26.8227,10.1229,0,5.6912,555.6129,164195,329435,257822,252750,8597.18887418761,1.21075,"Suriname"
"América del Sur","Suriname",2005,2.4373,0.8328,10.9211,357.2139,646.3118,1,15.51,0,3174.1603,63.9699,49.4083,7.1743,10.0097,79.3892,131.569123523694,3130.9338484264,72.3975,10.3121,25.204,10.5454,0,0.8328,558.4532,166238,332708,260410,255810,8358.58657195009,1.31183333333333,"Suriname"
"América del Sur","Suriname",2006,15.4452,2.7761,11.5296,346.7789,644.8524,1,16.1108,0,3174.1603,52.1639,37.8615,5.3652,8.8066,80.5118,131.569123523694,3331.03635066392,72.4001,9.7139,26.8056,10.2643,0,2.7761,534.2023,168365,335942,263086,258937,8516.13007418761,0.983,"Suriname"
"América del Sur","Suriname",2007,1.3264,0.8328,11.1763,329.9621,643.8291,1,17.3322,0,3174.1603,46.7274,38.1415,4.1766,8.3445,81.6372,131.569123523694,3130.9338484264,71.7054,12.0416,29.8365,12.1211,0,0.8328,473.8267,170511,339194,265833,262113,8221.51347195009,1.03766666666667,"Suriname"
"América del Sur","Suriname",2008,7.0854,1.5269,11.4802,342.2474,643.6106,7,17.6186,0,3174.1603,46.6066,39.8502,3.7426,8.7234,82.1231,131.569123523694,3331.03635066392,71.4107,9.4339,28.8758,10.1682,0,1.5269,448.4572,172681,342467,268623,265315,8418.25347418761,1.07608333333333,"Suriname"
"América del Sur","Suriname",2009,22.3445,3.7477,14.3741,427.2173,643.6106,11.481084565897,15.7717,0,3174.1603,50.9361,42.4506,4.0192,10.599,83.1711,131.569123523694,3331.03635066392,64.2134,11.3363,33.0215,11.9241,0,3.7477,382.9687,174867,345752,271450,268537,8473.70045875351,1.395,"Suriname"
"América del Sur","Suriname",2010,1.6539,0.9717,14.177,419.8555,643.3923,5,18.8713,0,3174.1603,56.499,46.1106,5.088,15.3244,84.0766,131.569123523694,3331.03635066392,62.4187,12.1898,35.3807,12.8464,0,0.9717,412.5257,177066,349037,274293,271788,8484.11907418761,1.51891666666667,"Suriname"
"América del Sur","Suriname",2011,11.6956,0.8328,14.8456,446.3312,644.1071,14,14.5329,0,7459.7799,81.6707,64.1132,8.1369,25.6718,84.5199,131.569123523694,3130.9338484264,73.724,11.5522,33.2156,12.4643,0,0.8328,336.2986,179273,352316,277111,275035,12600.8280719501,1.02291666666667,"Suriname"
"América del Sur","Suriname",2012,24.5783,2.7761,13.8635,402.8114,643.6705,8,20.7274,0,7459.7799,100.3865,74.7301,10.2344,26.8345,84.9395,131.569123523694,3331.03635066392,89.1266,12.3165,35.0329,12.9426,0,2.7761,458.5252,181489,355588,279884,278227,12946.6574741876,1.00075,"Suriname"
"América del Sur","Suriname",2013,2.5964,1.9433,16.033,456.8682,642.5791,6,14.3246,0,7459.7799,108.0922,77.2307,10.8294,24.8247,85.1636,131.569123523694,3331.03635066392,95.932,10.748,28.6627,11.3773,0,1.9433,337.4205,183704,358836,282602,281345,12854.9543741876,1.12516666666667,"Suriname"
"América del Sur","Suriname",2014,21.4152,2.2208,16.9645,487.7342,641.625,17,17.9569,0,7459.7799,130.0365,89.2791,13.258,26.4554,85.0488,131.569123523694,3331.03635066392,72.1346,11.1742,24.9081,11.7288,0,2.2208,385.3526,185806,362122,285276,284406,12978.8988741876,1.14941666666667,"Suriname"
"América del Sur","Suriname",2015,16.6341,6.3852,16.383,464.5043,641.4067,20,16.9785,0,7459.7799,155.4358,108.4647,15.0227,23.3168,85.188,131.569123523694,3331.03635066392,72.1399,11.417,25.9368,11.8982,0,6.3852,368.0004,187781,365427,287993,287483,12987.8826741876,1.33716666666667,"Suriname"
"América del Sur","Suriname",2016,5.6788,2.2209,17.1012,491.6699,641.4067,16,15.2094,0,8572.7871,134.8079,99.893,8.9006,2.4874,84.9039,131.569123523694,3331.03635066392,52.4452,11.523,25.3731,11.7128,0,2.2209,336.1814,189623,368745,290757,290695,13995.1286741876,1.77108333333333,"Suriname"
"América del Sur","Suriname",2017,14.0661,1.9433,17.2174,464.9434,641.5564,15,25.8895,0,8572.7871,117.8157,99.8191,7.5747,1.9033,84.8972,131.569123523694,3643.18156902642,56.3479,12.5621,26.8789,12.6059,0,1.9433,337.0114,191326,372076,293536,294024,14287.5133925501,1.43166666666667,"Suriname"
"América del Sur","Suriname",2018,4.6371,0.8328,16.3067,440.9843,641.7747,15,25.3416,0,8572.7871,109.9931,104.177,6.9989,1.3115,85.0154,131.569123523694,3542.05190884165,56.2531,12.6615,26.7173,12.5783,0,0.8328,330.1468,192884,375417,296341,297374,14137.9710323653,1.19933333333333,"Suriname"
"América del Sur","Suriname",2019,22.223,6.6629,16.7071,471.8504,644.288,13,25.3643,0,8572.7871,114.5514,117.0945,8.1309,1.2244,84.958,131.569123523694,3742.15441107916,56.1585,13.0087,27.4808,12.8654,0,6.6629,335.5594,194302,378783,299437,300864,14424.3012346029,1.62733333333333,"Suriname"
"América del Sur","Suriname",2020,8.4191,7.218,17.2957,482.8029,645.1611,11,25.3886,0,8572.7871,117.7093,95.4236,7.7015,7.3456,84.5956,131.569123523694,3742.15441107916,56.0611,12.7201,27.4737,12.6879,0,7.218,328.6232,195577,382175,302656,304409,14401.3556346029,1.66741666666667,"Suriname"
"América del Norte","Trinidad and Tobago",1990,0.6418,1.8763,1.0998,15.2057,0,7,146.5068,-25.1638,107.0783,206.1959,129.5665,121.434832678884,45.6512,718.3326,287.55136140248,10733.3488,4115.9316,22.6883,43.278,20.7136,0,1.8763,25.6905,560557,661343,627298,639221,16726.5043940814,0.214166666666667,"Trinidad and Tobago"
"América del Norte","Trinidad and Tobago",1991,0.6418,1.8763,1.2775,18.3456,0,0,152.9265,-25.1638,107.0783,223.149,132.5248,121.434832678884,46.4728,722.2156,305.433654900417,10697.2832,4409.1236,23.412,43.1428,21.1505,0,1.8763,32.0172,561973,667934,632165,644058,17036.2184875793,0.278916666666667,"Trinidad and Tobago"
"América del Norte","Trinidad and Tobago",1992,0.6418,1.8763,1.6114,21.168,0,0,145.1859,-25.1638,107.0783,246.6104,142.8605,121.434832678884,52.6044,725.4816,322.893564557474,10496.3692,4381.0836,22.7558,39.0938,20.5613,0,1.8763,31.663,563164,674323,636767,648735,16857.6861972364,0.26325,"Trinidad and Tobago"
"América del Norte","Trinidad and Tobago",1993,0.6418,1.8763,1.3497,17.64,0,0,134.6114,-25.1638,107.0783,221.5056,119.6825,121.434832678884,51.3283,725.7377,298.789540597382,10264.6671,4091.6436,24.1378,43.9694,21.2776,0,1.8763,28.1266,564036,680371,640977,652997,16252.2105732763,0.5195,"Trinidad and Tobago"
"América del Norte","Trinidad and Tobago",1994,0.6418,1.8763,1.3652,16.5816,0,1,143.9791,-25.1638,107.0783,212.7982,120.6389,121.434832678884,56.9197,728.3578,386.492423271704,10409.2301,5045.5237,22.1672,41.4885,19.7738,0,1.8763,33.1293,564425,685893,644605,656789,17447.1892559506,0.342,"Trinidad and Tobago"
"América del Norte","Trinidad and Tobago",1995,0.6418,1.8763,0.855,9.1728,0,1,149.4526,-25.1638,107.0783,236.1297,123.4355,121.434832678884,58.7273,735.8851,398.221995349495,10351.8928,5104.9637,24.9061,44.9122,22.0445,0,1.8763,35.0922,564243,690758,647736,660086,17504.4352280284,0.7745,"Trinidad and Tobago"
"América del Norte","Trinidad and Tobago",1996,0.1018,4.8459,1.3917,17.64,0,2,155.9696,-25.1638,107.0783,243.865,133.6071,121.434832678884,68.0791,737.3834,401.365707804613,10458.8565,5809.1237,25.1976,45.6162,22.3995,0,4.8459,38.6425,563451,694913,650445,662989,18374.2805404835,0.53075,"Trinidad and Tobago"
"América del Norte","Trinidad and Tobago",1997,0.0707,3.5633,0.7813,10.584,0,20.9677753779786,169.5182,-25.1638,107.0783,249.4627,154.4795,121.434832678884,70.2973,739.8024,404.597602850816,10621.4948,5685.6037,23.6385,43.3695,21.0973,0,3.5633,42.9175,562186,698492,652765,665406,18469.1587109077,0.6565,"Trinidad and Tobago"
"América del Norte","Trinidad and Tobago",1998,0.2326,7.583,0.7795,10.584,0,21.6461957487636,174.6008,-25.1638,107.0783,283.4883,136.9021,121.434832678884,70.9758,739.7503,404.597602850816,10723.2646,10632.4437,24.3146,42.7445,21.4899,0,7.583,44.5313,560712,701830,654942,667630,23550.8611312785,1.21858333333333,"Trinidad and Tobago"
"América del Norte","Trinidad and Tobago",1999,0.2021,4.3241,0.3644,7.056,0,21.7000139740602,176.4915,-25.1638,107.0783,339.1039,155.7083,121.434832678884,78.7393,743.1499,404.597602850816,10905.145,8219.9637,25.5737,44.3022,22.6375,0,4.3241,41.4916,559397,705378,657138,669924,21398.2242495038,0.665583333333333,"Trinidad and Tobago"
"América del Norte","Trinidad and Tobago",2000,0.0913,7.7801,0.5651,9.8784,0,0,184.777,-25.1638,107.0783,359.2927,223.0075,121.434832678884,77.7808,751.1526,404.597602850816,10876.0279,8949.6037,30.5446,48.3137,26.4304,0,7.7801,44.5313,559116,708868,659662,672541,22205.5041355297,0.500166666666667,"Trinidad and Tobago"
"América del Norte","Trinidad and Tobago",2001,0.7012,0,0.4856,9.8784,0,22.1933988114143,184.9423,51.9824,84.3718,365.0574,281.3139,121.434832678884,93.2004,753.2366,409.215958521807,10934.3467,10119.4837,37.1542,56.5859,32.1534,0,0,46.3036,563436,708944,662692,675875,23604.0416900121,0.7655,"Trinidad and Tobago"
"América del Norte","Trinidad and Tobago",2002,0,0,0.599,10.584,0,22.1933988114143,188.6855,51.9824,84.3718,415.8571,343.522,122.183430430026,92.7668,756.8599,409.215958521807,11040.8662,10782.2837,45.6033,67.3743,39.0062,0,0,48.4307,568249,709588,666135,679829,24522.3856877632,0.579166666666667,"Trinidad and Tobago"
"América del Norte","Trinidad and Tobago",2003,1.2412,1.9439,0.3902,6.7032,0,22.1933988114143,190.4819,51.9824,84.3718,413.9846,409.708,122.183430430026,90.8832,759.3944,409.215958521807,12039.598,11483.4037,41.4013,60.7957,35.4109,0,1.9439,45.7666,573423,710629,669640,683908,26272.9976877632,0.778583333333333,"Trinidad and Tobago"
"América del Norte","Trinidad and Tobago",2004,0.3752,0,0.3832,6.3504,0,22.1933988114143,201.2082,51.9824,84.3718,399.5934,465.8184,121.434832678884,97.0838,764.7346,409.215958521807,12390.2128,12620.0838,42.63,61.7928,36.3197,0,0,45.7666,578746,711789,673168,688004,27821.5512900121,0.407833333333333,"Trinidad and Tobago"
"América del Norte","Trinidad and Tobago",2005,0.5859,0.1389,0.4211,7.056,0,22.1933988114143,207.4821,51.9824,84.3718,414.0423,553.1699,122.183430430026,94.0798,771.9992,409.215958521807,13709.5921,13502.4038,42.7082,61.8317,36.401,0,0.1389,47.5417,584051,712883,676790,692285,30139.5395877633,1.10425,"Trinidad and Tobago"
"América del Norte","Trinidad and Tobago",2006,0.683,0.4165,0.3846,6.6362,0,36.898240612718,262.3585,51.9824,84.3718,441.5185,572.1133,126.809769410589,88.2707,777.127,409.215958521807,13957.8909,16086.4038,42.1306,62.42,36.0424,0,0.4165,74.6209,589300,713844,680461,696458,33118.7115685451,0.769333333333333,"Trinidad and Tobago"
"América del Norte","Trinidad and Tobago",2007,1.0502,1.3885,0.4828,7.6981,0,4,280.6231,51.9824,84.3718,466.4034,591.4453,126.809769410589,108.2596,783.0808,409.215958521807,13636.0033,15980.8038,42.3965,62.1362,36.5638,0,1.3885,81.745,594531,714729,684258,700602,32757.8488279324,0.566833333333333,"Trinidad and Tobago"
"América del Norte","Trinidad and Tobago",2008,0.2664,0.1389,0.4816,7.6981,0,3,305.1136,51.9824,84.3718,465.0011,599.219,126.809769410589,101.2232,789.3291,409.215958521807,13140.9123,15366.8038,43.606,64.2222,37.522,0,0.1389,92.6101,599788,715584,687991,704812,31689.6662279324,0.506916666666667,"Trinidad and Tobago"
"América del Norte","Trinidad and Tobago",2009,0.2459,0.2777,0.4181,6.8902,0,3,308.2337,51.9824,84.3718,481.4421,624.79,126.809769410589,88.7198,790.3128,409.215958521807,15053.8161,16194.8038,45.7658,67.1586,39.2093,0,0.2777,85.4831,605125,716493,691855,709337,34463.2246279324,0.623416666666667,"Trinidad and Tobago"
"América del Norte","Trinidad and Tobago",2010,3.9148,7.9144,0.4319,6.9925,0,4,325.1686,51.9824,84.3718,472.7805,613.4754,126.809769410589,118.738,796.8382,409.215958521807,15405.863,16480.8039,46.5345,68.2555,39.6784,0,7.9144,106.3242,610599,717501,696056,714240,35178.0081279324,1.20316666666667,"Trinidad and Tobago"
"América del Norte","Trinidad and Tobago",2011,0,0,0.4945,8.2379,0,6,322.9849,28.7095,83.4234,460.3067,618.8214,126.809769410589,100.5059,799.8206,409.215958521807,14846.7205,15580.8039,48.3949,68.7008,40.8221,0,0,99.0094,616193,718595,700632,719388,33649.7821279324,0.588416666666667,"Trinidad and Tobago"
"América del Norte","Trinidad and Tobago",2012,0,0,0.4828,8.5378,0,18,315.4085,28.7095,83.4234,441.0162,628.9952,126.809769410589,95.6972,802.3989,409.215958521807,13978.7963,14652.8039,48.2657,70.7498,41.0781,0,0,90.2979,621549,720039,705591,724786,31840.6869279324,0.678416666666667,"Trinidad and Tobago"
"América del Norte","Trinidad and Tobago",2013,1.0651,0,0.5179,8.8447,0,25,297.4063,28.7095,83.4234,474.8612,643.973,126.809769410589,98.6048,804.8206,409.215958521807,12874.3977,14464.0039,48.4825,73.5075,41.0955,0,0,97.2343,626536,721712,710542,730188,30601.9736279324,0.68375,"Trinidad and Tobago"
"América del Norte","Trinidad and Tobago",2014,0.8839,0.1389,0.6037,11.713,0,34,337.7981,28.7095,83.4234,465.3295,691.1513,126.809769410589,92.3326,804.1001,409.215958521807,12942.067,14552.8039,47.7415,72.2634,39.9779,0,0.1389,91.8852,631023,723470,715233,735428,30833.0875279324,0.7635,"Trinidad and Tobago"
"América del Norte","Trinidad and Tobago",2015,0.5816,0.2777,0.5672,11.7165,0,33,339.2978,28.7095,83.4234,476.4102,752.8976,126.809769410589,91.9406,804.1417,409.215958521807,12913.1849,14855.604,48.8492,73.0415,41.4145,0,0.2777,96.8851,634898,725194,719600,740577,31188.2464279324,0.826416666666667,"Trinidad and Tobago"
"América del Norte","Trinidad and Tobago",2016,2.1829,3.4713,0.4534,7.3347,0,32,304.4841,43.5082,82.3746,437.6129,839.1267,122.183430430026,67.4667,804.0435,401.365707804613,13109.4195,13899.604,48.7275,74.1966,41.4684,0,3.4713,82.4462,638115,726847,723726,745604,30406.9416382346,0.87425,"Trinidad and Tobago"
"América del Norte","Trinidad and Tobago",2017,0.7014,2.4993,0.4007,5.0098,0,31,308.4713,43.5082,82.3746,420.9242,922.568,122.183430430026,64.7992,805.2393,401.365707804613,13578.9395,14619.204,51.5406,76.4003,43.6368,0,2.4993,84.4091,640679,728446,728044,750563,31667.6747382346,1.15766666666667,"Trinidad and Tobago"
"América del Norte","Trinidad and Tobago",2018,0.1607,0.4165,0.3199,2.9212,0,31,252.8051,43.5082,82.3746,384.6156,1029.8576,121.434832678884,67.8463,806.0485,401.365707804613,12857.0652,14327.604,51.7574,76.7568,43.909,0,0.4165,69.1982,642593,730005,743505,761204,30651.3818404835,0.697416666666667,"Trinidad and Tobago"
"América del Norte","Trinidad and Tobago",2019,0.2266,1.6662,0.4723,7.056,0,32,284.6924,43.5082,82.3746,396.8852,1135.1878,121.434832678884,70.1214,816.9174,404.597602850816,14127.1333,14750.004,50.6328,76.0612,42.9421,0,1.6662,71.7531,643884,731559,751897,768058,32517.3332355297,1.26925,"Trinidad and Tobago"
"América del Norte","Trinidad and Tobago",2020,0.6606,0,0.4786,7.056,0,32,243.9954,43.5082,82.3746,428.9574,1237.2473,122.183430430026,57.3588,826.3421,389.710576265672,17226.0578,14752.8041,51.3357,76.6661,43.5415,0,0,71.7531,644583,733146,749174,768972,35694.0313066957,1.37358333333333,"Trinidad and Tobago"
"América del Norte","Turks and Caicos Islands",1990,0.0082,0.0315,NA,2409.53392742167,0,11.481084565897,3.3969,0,0,1.1686,0.837,17.0046627850269,67.6313660738584,0.4333,451.196291182732,1664.25739148059,0,NA,2294.30791696942,NA,0,0.0315,1.5199,2964,8588,6066,5642,6922.83954047919,0.537,"Turks and Caicos Islands"
"América del Norte","Turks and Caicos Islands",1991,0.0082,0.0315,NA,2409.53392742167,0,11.481084565897,3.5026,0,0,1.3146,0.8891,17.0046627850269,67.6313660738584,0.4584,451.196291182732,1664.25739148059,0,NA,2294.30791696942,NA,0,0.0315,1.6149,2986,9220,6378,5951,6923.26344047919,0.1345,"Turks and Caicos Islands"
"América del Norte","Turks and Caicos Islands",1992,0.0082,0.0315,NA,3011.42042953295,0,11.481084565897,3.6664,0,0,1.3146,0.948,17.0046627850269,67.6313660738584,0.4878,451.196291182732,1664.25739148059,0,NA,2294.30791696942,NA,0,0.0315,1.4609,3022,9946,6721,6293,7525.24804259047,0.6805,"Turks and Caicos Islands"
"América del Norte","Turks and Caicos Islands",1993,0.0082,0.0315,NA,3181.47826732798,0,11.481084565897,3.8657,0,0,1.3146,0.5387,17.0046627850269,67.6313660738584,0.5196,451.196291182732,1664.25739148059,0,NA,2294.30791696942,NA,0,0.0315,1.2778,3060,10729,7066,6639,7694.94458038551,0.5025,"Turks and Caicos Islands"
"América del Norte","Turks and Caicos Islands",1994,0.0082,0.0315,NA,3181.47826732798,0,11.481084565897,4.0292,0,0,1.4606,0.6006,17.0046627850269,67.6313660738584,0.5508,451.196291182732,1664.25739148059,0,NA,2294.30791696942,NA,0,0.0315,1.2479,3082,11515,7415,6987,7695.31728038551,1.0892,"Turks and Caicos Islands"
"América del Norte","Turks and Caicos Islands",1995,0.0082,0.0315,NA,2409.53392742167,0,11.481084565897,4.1578,0,0,1.4606,0.7845,17.0046627850269,67.6313660738584,0.5802,451.196291182732,1664.25739148059,0.0191,NA,2294.30791696942,NA,0,0.0315,1.884,3078,12254,7765,7337,6924.37004047919,1.1346,"Turks and Caicos Islands"
"América del Norte","Turks and Caicos Islands",1996,0,0.2047,NA,2409.53392742167,0,11.481084565897,4.1226,0,0,1.4606,0.9315,17.0046627850269,67.6313660738584,0.6056,451.196291182732,1664.25739148059,0.0203,NA,2294.30791696942,NA,0,0.2047,1.8858,3045,12921,8118,7687,6924.84844047919,0.471416666666667,"Turks and Caicos Islands"
"América del Norte","Turks and Caicos Islands",1997,0,0.1535,NA,2409.53392742167,0,11.481084565897,4.6508,0,0,1.753,1.1195,17.0046627850269,67.6313660738584,0.6283,451.196291182732,1664.25739148059,0.018,NA,2294.30791696942,NA,0,0.1535,1.6602,2993,13535,8476,8039,6925.54944047919,1.13466666666667,"Turks and Caicos Islands"
"América del Norte","Turks and Caicos Islands",1998,0,0.1535,NA,2409.53392742167,0,11.481084565897,4.8274,0,0,1.753,0.759,17.0046627850269,67.6313660738584,0.652,451.196291182732,1664.25739148059,0.0194,NA,2294.30791696942,NA,0,0.1535,2.3133,2941,14174,8841,8399,6926.04374047919,1.3325,"Turks and Caicos Islands"
"América del Norte","Turks and Caicos Islands",1999,0,0.1535,NA,2409.53392742167,0,11.481084565897,5.285,0,0,2.045,1.1517,17.0046627850269,67.6313660738584,0.6821,451.196291182732,1664.25739148059,0.0207,NA,2294.30791696942,NA,0,0.1535,2.5213,2912,14952,9220,8765,6927.42544047919,0.750583333333333,"Turks and Caicos Islands"
"América del Norte","Turks and Caicos Islands",2000,0,0.1535,NA,2409.53392742167,0,11.481084565897,5.6373,0,0,2.191,1.724,17.0046627850269,67.6313660738584,0.7215,451.196291182732,1664.25739148059,0.0601,NA,2294.30791696942,NA,0,0.1535,2.7332,2916,15957,9610,9134,6928.78674047919,0.726583333333333,"Turks and Caicos Islands"
"América del Norte","Turks and Caicos Islands",2001,0,0,NA,2319.75395545178,0,11.481084565897,5.9479,0,0,2.3362,2.1254,17.0046627850269,67.6313660738584,0.7718,451.196291182732,1664.25739148059,0.0759,NA,2294.30791696942,NA,0,0,3.1773,2955,17230,10041,9537,6840.06716850931,0.966363636363636,"Turks and Caicos Islands"
"América del Norte","Turks and Caicos Islands",2002,0,0,NA,2319.75395545178,0,11.481084565897,7.6042,0,0,3.1141,2.5903,17.0046627850269,67.6313660738584,0.8309,451.196291182732,1664.25739148059,0.0988,NA,2294.30791696942,NA,0,0,3.9598,3042,18700,10559,10039,6843.83076850931,0.944666666666667,"Turks and Caicos Islands"
"América del Norte","Turks and Caicos Islands",2003,0,0,NA,2319.75395545178,0,11.481084565897,7.7798,0,0,3.2265,3.1228,17.0046627850269,67.6313660738584,0.8945,451.196291182732,1664.25739148059,0.1101,NA,2294.30791696942,NA,0,0,3.8833,3135,20275,11129,10611,6844.64966850931,1.265,"Turks and Caicos Islands"
"América del Norte","Turks and Caicos Islands",2004,0,0,NA,2319.75395545178,0,11.481084565897,7.9205,0,0,3.1891,3.7247,17.0046627850269,67.6313660738584,0.9553,451.196291182732,1664.25739148059,0.1111,NA,2313.95588433311,NA,0,0,4.0513,3207,21821,11691,11177,6865.232635873,0.8375,"Turks and Caicos Islands"
"América del Norte","Turks and Caicos Islands",2005,0,0,NA,2319.75395545178,0,11.481084565897,9.2602,0,0,3.7972,4.4562,17.0046627850269,67.6313660738584,1.008,451.196291182732,1664.25739148059,0.1681,NA,2313.95588433311,NA,0,0,4.9281,3241,23207,12249,11746,6868.898435873,0.92125,"Turks and Caicos Islands"
"América del Norte","Turks and Caicos Islands",2006,0,0,NA,2319.75395545178,0,11.481084565897,10.2794,0,0,4.3828,4.7667,17.0046627850269,67.6313660738584,1.0514,451.196291182732,1664.25739148059,0.1821,NA,2313.95588433311,NA,0,0,5.7565,3239,24403,12812,12316,6871.699535873,1.15141666666667,"Turks and Caicos Islands"
"América del Norte","Turks and Caicos Islands",2007,0,0,NA,1705.81981837202,0,11.481084565897,11.58,0,0,5.1251,4.9482,17.0046627850269,67.6313660738584,1.0867,451.196291182732,1664.25739148059,0.1981,NA,2313.95588433311,NA,0,0,8.9437,3208,25432,13382,12886,6263.22829879323,1.237,"Turks and Caicos Islands"
"América del Norte","Turks and Caicos Islands",2008,0,0,NA,2319.75395545178,0,11.481084565897,11.9255,0,0,5.481,5.1552,17.0046627850269,67.6313660738584,1.116,451.196291182732,1664.25739148059,0.2061,NA,2313.95588433311,NA,0,0,6.898,3156,26325,13959,13463,6876.06243587299,0.629909090909091,"Turks and Caicos Islands"
"América del Norte","Turks and Caicos Islands",2009,0.2138,0,NA,2319.75395545178,0,11.481084565897,11.9211,0,0,5.7468,5.3274,17.0046627850269,67.6313660738584,1.1422,451.196291182732,2259.13684007762,0.2631,NA,2313.95588433311,NA,0,0,6.7699,3094,27151,14534,14046,7471.54438447003,0.837416666666667,"Turks and Caicos Islands"
"América del Norte","Turks and Caicos Islands",2010,0,0,NA,2319.75395545178,0,11.481084565897,12.5575,0,0,5.5708,5.3041,17.0046627850269,67.6313660738584,1.1681,451.196291182732,1664.25739148059,0.2541,NA,2313.95588433311,NA,0,0,6.2584,3029,27965,15098,14627,6876.393635873,1.00341666666667,"Turks and Caicos Islands"
"América del Norte","Turks and Caicos Islands",2011,0,0,NA,2319.75395545178,0,11.481084565897,12.5932,0,0,5.7544,5.4445,17.0046627850269,67.6313660738584,1.1936,451.196291182732,1664.25739148059,0.2271,NA,2313.95588433311,NA,0,0,6.1473,2961,28770,15635,15181,6876.640735873,0.673416666666667,"Turks and Caicos Islands"
"América del Norte","Turks and Caicos Islands",2012,0,0,NA,2319.75395545178,0,11.481084565897,12.5932,0,0,5.7767,5.7324,17.0046627850269,67.6313660738584,1.2185,451.196291182732,1664.25739148059,0.2011,NA,2313.95588433311,NA,0,0,6.4614,2890,29541,16262,15819,6877.26393587299,0.873916666666667,"Turks and Caicos Islands"
"América del Norte","Turks and Caicos Islands",2013,0,0,NA,2319.75395545178,0,11.481084565897,12.8766,0,0,5.9559,6.0117,17.0046627850269,67.6313660738584,1.2423,451.196291182732,1664.25739148059,0.2171,NA,2313.95588433311,NA,0,0,7.0059,2820,30288,17020,16575,6878.590135873,1.33491666666667,"Turks and Caicos Islands"
"América del Norte","Turks and Caicos Islands",2014,0,0,NA,2319.75395545178,0,11.481084565897,13.7279,0,0,6.4854,6.5893,17.0046627850269,67.6313660738584,1.2652,451.196291182732,1664.25739148059,0.2351,NA,2313.95588433311,NA,0,0,7.3593,2749,30990,17718,17267,6880.94283587299,1.1551,"Turks and Caicos Islands"
"América del Norte","Turks and Caicos Islands",2015,0,0,NA,2319.75395545178,0,11.481084565897,14.0442,0,0,6.6648,7.1931,17.0046627850269,67.6313660738584,1.2869,451.196291182732,1664.25739148059,0.2301,NA,2313.95588433311,NA,0,0,7.2242,2680,31659,18491,18046,6881.923935873,1.5105,"Turks and Caicos Islands"
"América del Norte","Turks and Caicos Islands",2016,0,0,NA,2319.75395545178,0,11.481084565897,14.6439,0,0,6.992,8.1373,17.0046627850269,67.6313660738584,1.3076,451.196291182732,1664.25739148059,0.2281,NA,2313.95588433311,NA,0,0,7.2099,2612,32288,19341,18906,6883.799435873,0.834333333333333,"Turks and Caicos Islands"
"América del Norte","Turks and Caicos Islands",2017,0,0,NA,1705.81981837202,0,11.481084565897,16.6092,0,0,7.5537,9.2701,17.0046627850269,67.6313660738584,1.3276,451.196291182732,1664.25739148059,0.3201,NA,2313.95588433311,NA,0,0,8.8288,2546,32900,20137,19707,6275.25599879323,1.031125,"Turks and Caicos Islands"
"América del Norte","Turks and Caicos Islands",2018,0,0,NA,1705.81981837202,0,11.481084565897,16.6285,0,0,7.5421,10.4054,17.0046627850269,67.6313660738584,1.3473,451.196291182732,1664.25739148059,0.3431,NA,2313.95588433311,NA,0,0,9.7775,2482,33481,20953,20535,6277.39039879323,1.31371428571429,"Turks and Caicos Islands"
"América del Norte","Turks and Caicos Islands",2019,0,0,NA,1705.81981837202,0,11.481084565897,16.4073,0,0,7.691,11.5107,17.0046627850269,67.6313660738584,1.3661,451.196291182732,1664.25739148059,0.3071,NA,2313.95588433311,NA,0,0,9.4107,2421,34040,21739,21341,6278.03939879323,1.46641666666667,"Turks and Caicos Islands"
"América del Norte","Turks and Caicos Islands",2020,0,0,NA,1639.72483273258,0,11.481084565897,16.054,0,0,7.5444,12.6757,17.0046627850269,67.6313660738584,1.3849,451.196291182732,1664.25739148059,0.3171,NA,2313.95588433311,NA,0,0,11.9314,2363,34590,22325,21952,6215.15901315379,1.47116666666667,"Turks and Caicos Islands"
"América del Norte","United States of America",1990,1391.1481,1999.5617,19193.1314,11195.52,50713.3546,13772,45410.2673,-520573.1593,61079.6853,101693.496,44731.2562,17495.4539,31702.357,46613.0592,50544.5039,22877.8377,314656.626,13156.7724,33908.8051,47024.7024,0,9.8513,54454.7092,62373717,190156233,121451448,126632284,463050.9394,0.733583333333333,"United States of America"
"América del Norte","United States of America",1991,1391.1481,1999.5617,17574.1126,11029.312,50713.3546,13139,44566.9408,-520573.1593,61079.6853,104758.0308,44971.2784,18300.5999,38855.8107,47124.055,52404.5683,22800.965,312837.4278,13370.985,34160.5994,48206.0451,0,9.8513,54565.6091,61957131,193017688,123229931,128330258,473285.7816,0.706333333333333,"United States of America"
"América del Norte","United States of America",1992,1391.1481,1999.5617,20964.8025,12421.402,50713.3546,14109,46198.5933,-520573.1593,61079.6853,106718.8184,45871.0346,18982.7274,33649.0976,47504.7182,48129.7976,22372.7226,320444.4469,13536.5761,34615.9924,48416.2439,0,9.8513,57469.9273,61539241,195915032,125081499,130093840,486026.3425,0.253,"United States of America"
"América del Norte","United States of America",1993,1391.1481,1999.5617,16761.5327,11235.602,50566.2744,12948,45175.674,-520573.1593,61079.6853,112357.2062,47135.865,19480.2943,32160.092,47811.0237,45260.0292,21878.8558,325588.2941,13647.6917,35209.6896,48426.0899,0,9.8513,54689.318,61136396,198883790,126914111,131865642,484238.6197,0.1535,"United States of America"
"América del Norte","United States of America",1994,1391.1481,1999.5617,21370.6468,13151.11,50418.1314,14401,46739.0889,-520573.1593,61079.6853,112217.6944,48405.7943,19975.3875,30716.0578,48137.728,45362.5569,22186.9876,338012.7498,13838.201,35866.6605,49165.7227,0,9.8513,55539.8937,60759735,201981831,128685441,133588147,509412.4984,0.47025,"United States of America"
"América del Norte","United States of America",1995,1391.1481,1999.5617,17800.1615,12266.758,50644.8303,14385,48222.8851,-520573.1593,61079.6853,114696.9035,50504.8429,20486.748,47431.6157,48647.3818,89108.745,22064.775,350527.3675,14009.1078,36500.9634,48925.8298,0,9.8513,55641.1573,60418447,205240402,130409307,135251249,585772.1597,0.550166666666667,"United States of America"
"América del Norte","United States of America",1996,1694.8841,3286.2536,20507.4875,11120.55,50592.6066,15407,49281.0736,-520573.1593,61079.6853,121142.5146,53081.5917,21250.7974,47688.537,48882.177,90262.9988,22292.7652,356008.6224,14165.6572,36791.2361,48335.8702,0,31.8122,57001.184,60116332,208687092,132102704,136881644,609332.1452,-0.022,"United States of America"
"América del Norte","United States of America",1997,757.1947,1553.0516,21112.9227,12306.35,50567.2159,15751,49947.1636,-520573.1593,61079.6853,128087.6298,59266.073,23685.1505,49411.787,49090.8653,101575.4286,22639.4241,368921.9137,14289.222,36116.7267,49668.2577,0,20.0971,57728.8676,59846913,212289638,133841089,138554350,653002.8676,0.400833333333333,"United States of America"
"América del Norte","United States of America",1998,1225.4008,3099.349,21686.8186,12917.184,50635.6846,15338,51078.7758,-520573.1593,61079.6853,128467.242,60434.8503,24228.4235,39767.3533,49216.2742,100704.5241,22856.3435,386111.1599,14115.9117,35446.7894,49618.7452,0,34.0896,53453.6536,59579370,215963233,135608335,140226682,660943.0991,1.33575,"United States of America"
"América del Norte","United States of America",1999,1288.5873,3578.5759,20870.3254,13928.446,50729.4442,14257,52539.525,-520573.1593,61079.6853,129149.7997,62130.389,24228.3967,38126.0992,49516.3171,95857.2674,23244.0165,396966.7424,13993.7167,35208.477,48635.7267,0,104.6641,50059.8887,59280892,219581385,137352055,141829526,664919.931,0.72175,"United States of America"
"América del Norte","United States of America",2000,1385.9744,3687.677,21221.4989,12052.53,50822.9982,14009,53934.1864,-520573.1593,61079.6853,132175.0807,64978.8731,24527.801,41041.2112,49632.5016,103509.458,23181.9547,411027.7612,14136.4909,34878.1471,48654.7205,0,38.6139,53054.1566,59054865,222927913,139026949,143371604,698457.1614,0.854583333333333,"United States of America"
"América del Norte","United States of America",2001,497.1015,534.9642,20442.3218,13143.172,50758.8345,13951,54213.6256,-442325.7227,0,136593.2212,69850.3092,25591.8483,40868.0385,49555.0914,107791.9312,23306.2592,392502.7795,14221.6333,34637.7511,48726.9168,0,6.8194,57860.5746,59153827,225698564,140590133,144880360,712728.4706,0.960666666666667,"United States of America"
"América del Norte","United States of America",2002,1111.7842,1475.6013,18976.1724,12718.832,50769.6526,13061,55804.3259,-442325.7227,0,127344.9261,66598.7706,23450.8704,30352.3799,49671.1016,100422.4017,23533.303,408020.0257,14327.1563,34526.2484,48764.6253,0,0.4175,55665.2389,59200835,228306012,142009475,146340777,694269.1111,1.01116666666667,"United States of America"
"América del Norte","United States of America",2003,1188.3672,1224.2156,21084.5303,11886.028,50769.9151,12251,57283.6406,-442325.7227,0,126022.5938,68635.9093,24707.5211,30395.4218,49613.1629,103331.1475,23885.3886,417974.4262,14231.0206,34527.2311,48890.1443,0,0,50144.671,59214430,230813194,143359093,147750727,705720.6123,0.926833333333333,"United States of America"
"América del Norte","United States of America",2004,1672.1608,1201.6707,23324.6504,13186.782,50727.2621,12829,58559.26,-442325.7227,0,122426.3978,70785.5887,23707.4578,30435.3366,49695.3504,105196.094,23141.8967,445165.1724,14149.5305,34322.4123,48692.1141,0,0,61980.1758,59219920,233319404,144773307,149174579,748872.5904,0.884583333333333,"United States of America"
"América del Norte","United States of America",2005,2406.4668,915.3977,22274.5808,13341.524,50679.6216,11951,60081.0295,-442325.7227,0,125154.43,73913.5537,24173.2562,29627.3776,49770.7592,106180.4227,23027.5898,461169.9186,14190.8604,34637.2055,49001.2134,0,0.5566,61416.6008,59237094,235892407,146223494,150619177,771587.6422,1.107,"United States of America"
"América del Norte","United States of America",2006,1749.7266,1086.7729,21149.1663,11187.974,50625.6918,12165,61485.2698,-442325.7227,0,117433.7145,74966.3325,23158.7304,28469.2646,49927.9861,111715.4567,23815.9202,478023.674,14367.9418,35299.5923,49541.0255,0,0.4175,65677.2295,59269355,238558001,147672726,152080372,789521.1643,1.13416666666667,"United States of America"
"América del Norte","United States of America",2007,1970.7496,1558.7559,23547.3911,10898.482,50563.8669,11037,62048.1673,-442325.7227,0,119415.7487,81037.8512,22865.8386,29908.0694,50126.9296,113009.6372,22918.2402,497050.7749,14532.4763,35244.9704,50018.0282,0,1.9482,61160.3566,59309491,241285684,149147060,153596338,816589.5596,1.01541666666667,"United States of America"
"América del Norte","United States of America",2008,1160.9667,2068.4252,23926.2791,11802.728,50502.9608,10876,59106.5553,-442325.7227,0,116142.4414,84070.491,21513.1261,29846.6491,50160.3901,114748.455,23062.5699,496872.5574,14756.0458,35014.6939,52002.1121,0,0,59283.771,59345012,244029055,150592791,155102120,814591.4952,0.15025,"United States of America"
"América del Norte","United States of America",2009,1332.1128,1093.5759,24815.3832,12306.35,50474.0471,10604,56779.4876,-442325.7227,0,109185.2986,85109.5874,21218.7192,25864.2253,50176.5705,106523.5124,22132.3595,499434.6311,14128.4036,34617.1053,50343.8768,0,2.922,55048.0868,59361054,246715308,151968684,156543351,788864.5324,0.354916666666667,"United States of America"
"América del Norte","United States of America",2010,741.2273,912.6399,24102.152,14336.91,50470.9077,11314,59172.6151,-442325.7227,0,109592.6549,89222.0773,20459.172,26591.3906,50299.5206,107670.1576,22542.3979,546420.0236,14095.0647,34444.7339,50193.8557,0,0.1392,56536.7447,59344315,249297076,153272866,157909979,846792.662,0.693166666666667,"United States of America"
"América del Norte","United States of America",2011,2200.3468,1330.2757,22949.6934,10378.886,50446.6357,11757,59653.9278,-459348.34,0,104666.0947,90144.8329,17531.6652,24822.8187,50440.635,98535.4313,24304.0339,554787.6511,14157.7621,34020.3646,50671.6106,0,0.4174,53561.7556,59275426,251775947,154669482,159207127,817013.4985,0.73925,"United States of America"
"América del Norte","United States of America",2012,1616.5661,1173.5953,22132.1804,10624.768,50395.0639,12133,58428.9668,-459348.34,0,95256.447,88722.2066,15065.1863,23630.6622,50676.3764,97001.0433,22446.123,548942.9598,14106.3293,33393.1263,50507.8014,0,0.2783,51037.2406,59160759,254174664,156181261,160470060,787941.581,1.38933333333333,"United States of America"
"América del Norte","United States of America",2013,813.4448,1284.547,25374.1695,9791.964,50278.6788,12154,60908.3831,-459348.34,0,101231.3334,92370.3917,14595.6378,22904.6544,50786.1968,98699.2524,27417.8896,550123.6507,13936.5609,33005.8906,49875.5962,0,0,55433.3326,59009166,256527510,157662345,161712821,811637.2343,0.500083333333333,"United States of America"
"América del Norte","United States of America",2014,946.473,1336.9865,26451.8114,11632.208,50220.1365,12111,61312.2365,-459348.34,0,102899.6201,94151.4949,13497.9636,24834.415,50924.4915,101586.7931,28404.0437,564052.9511,13968.7964,32425.8929,50759.536,0,1.2526,53366.6183,58833036,258885743,159103717,162930247,835536.3811,0.761416666666667,"United States of America"
"América del Norte","United States of America",2015,1521.927,2235.1868,26054.2178,10212.384,50180.3232,11754,64147.0182,-459348.34,0,95512.8879,91897.6192,17430.5057,24254.4586,50659.9069,97619.014,27256.1893,569232.2148,14036.8547,32641.1287,51239.69,0,1.9482,53322.7363,58641351,261287811,160493394,164114383,831861.8713,1.56041666666667,"United States of America"
"América del Norte","United States of America",2016,1214.1887,1438.7519,29390.7271,12282.536,50005.1595,11487,64980.6774,-331408.0367,59727.2867,91080.3891,90418.9514,17877.2609,23768.9908,50722.3597,102121.8059,28657.7361,568686.3602,14348.3609,33635.1063,52470.7194,0,1.9479,51375.615,58436293,263743312,161895324,165314874,1024283.8942,2.00083333333333,"United States of America"
"América del Norte","United States of America",2017,1749.8832,2664.9144,26788.5264,9415.154,49966.2851,11345,65488.4974,-331408.0367,59727.2867,88102.4958,87886.8002,19932.3346,20429.1539,50602.1135,99687.407,32212.5996,576485.924,14555.303,34283.0121,53431.3372,0,3.4788,50577.6296,58215947,266243516,163282016,166509214,1023927.0998,1.57233333333333,"United States of America"
"América del Norte","United States of America",2018,1540.0409,2457.9409,26846.6988,11540.97,50091.9803,11207,67945.765,-331408.0367,59727.2867,94024.7859,87771.8703,18522.7103,19689.1237,50458.9393,100011.3424,34560.6132,575492.8148,14639.287,34517.9825,54262.4288,0,3.4785,51007.8455,57980034,268786714,164538320,167601717,1034912.8681,1.24316666666667,"United States of America"
"América del Norte","United States of America",2019,988.5763,1190.9796,24747.3192,9823.716,50226.9948,10884,67843.5764,-331408.0367,59727.2867,89168.2493,85864.7359,28871.6279,19054.7061,50297.7281,91981.1421,34931.9932,579469.2698,14684.518,34729.573,55231.7961,0,0.4175,43785.9965,57727196,271365914,165698830,168620840,1022096.1658,1.05391666666667,"United States of America"
"América del Norte","United States of America",2020,2031.3179,5405.3003,26151.6287,11846.338,50220.7454,10884,60066.4841,-331408.0367,59727.2867,88647.5223,82012.6489,28211.6338,18924.9541,50130.0109,97522.757,35822.4009,582960.6973,14593.2688,34375.597,54764.8665,0,0.2783,40802.7314,57456395,273975139,166504407,169437597,1023694.4316,1.32208333333333,"United States of America"
"América del Norte","United States Virgin Islands",1990,0,0,NA,926.342278472449,0,12.2328706489185,59.9761279437449,0,24.4295,NA,7.1823,643.580231269901,1073.2412364429,3.7186,1727.60311370586,2005.79212907803,NA,NA,2148.25169285071,NA,0,0,NA,12777,90979,48919,51767,8632.35008041252,0.435416666666667,"United States Virgin Islands"
"América del Norte","United States Virgin Islands",1991,0,0,NA,926.342278472449,0,12.2328706489185,59.9761279437449,0,24.4295,NA,7.2715,643.580231269901,1073.2412364429,3.7488,1727.60311370586,2005.79212907803,NA,NA,2148.25169285071,NA,0,0,NA,12194,91895,49043,51925,8632.46948041252,0.37775,"United States Virgin Islands"
"América del Norte","United States Virgin Islands",1992,0,0,NA,926.342278472449,0,12.2328706489185,59.9761279437449,0,24.4295,NA,7.3476,643.580231269901,1073.2412364429,3.7811,1727.60311370586,2005.79212907803,NA,NA,2148.25169285071,NA,0,0,NA,11674,93120,49230,52304,8632.57788041252,0.327083333333333,"United States Virgin Islands"
"América del Norte","United States Virgin Islands",1993,0,0,NA,926.342278472449,0,12.2328706489185,59.9761279437449,0,24.4295,NA,3.9525,643.580231269901,1073.2412364429,3.8121,1727.60311370586,2005.79212907803,NA,NA,2148.25169285071,NA,0,0,NA,11197,94526,49448,52696,8629.21378041252,0.584333333333333,"United States Virgin Islands"
"América del Norte","United States Virgin Islands",1994,0,0,NA,926.342278472449,0,12.2328706489185,59.9761279437449,0,24.4295,NA,4.1855,643.580231269901,1073.2412364429,3.8386,1727.60311370586,2005.79212907803,NA,NA,2148.25169285071,NA,0,0,NA,10735,95911,49610,53031,8629.47328041252,0.673416666666667,"United States Virgin Islands"
"América del Norte","United States Virgin Islands",1995,0,0,NA,926.342278472449,0,12.2328706489185,59.9761279437449,0,24.4295,NA,5.2147,643.580231269901,1073.2412364429,3.8564,1727.60311370586,2005.79212907803,NA,NA,2148.25169285071,NA,0,0,NA,10270,97122,49910,53543,8630.52028041252,0.647,"United States Virgin Islands"
"América del Norte","United States Virgin Islands",1996,0,0,NA,926.342278472449,0,12.2328706489185,59.9761279437449,0,24.4295,NA,5.9474,643.580231269901,1073.2412364429,3.8664,1727.60311370586,2005.79212907803,NA,NA,2148.25169285071,NA,0,0,NA,9804,98127,50379,54252,8631.26298041252,0.222333333333333,"United States Virgin Islands"
"América del Norte","United States Virgin Islands",1997,0,0,NA,926.342278472449,0,12.2328706489185,59.9761279437449,0,24.4295,NA,6.9056,643.580231269901,1073.2412364429,3.8757,1727.60311370586,2005.79212907803,NA,NA,2148.25169285071,NA,0,0,NA,9343,98968,50834,54951,8632.23048041252,0.67025,"United States Virgin Islands"
"América del Norte","United States Virgin Islands",1998,0,0,NA,926.342278472449,0,12.2328706489185,59.9761279437449,0,24.4295,NA,4.5192,643.580231269901,1073.2412364429,3.8822,1727.60311370586,2005.79212907803,NA,NA,2148.25169285071,NA,0,0,NA,8890,99666,51248,55620,8629.85058041252,1.0575,"United States Virgin Islands"
"América del Norte","United States Virgin Islands",1999,0,0,NA,926.342278472449,0,12.2328706489185,59.9761279437449,0,24.4295,NA,6.5588,643.580231269901,1073.2412364429,3.8844,1727.60311370586,2005.79212907803,NA,NA,2148.25169285071,NA,0,0,NA,8447,100234,51602,56225,8631.89238041252,0.466333333333333,"United States Virgin Islands"
"América del Norte","United States Virgin Islands",2000,0,0,NA,926.342278472449,0,12.2328706489185,59.9761279437449,0,24.4295,NA,9.2853,643.580231269901,1073.2412364429,3.8859,1727.60311370586,2005.79212907803,NA,NA,2148.25169285071,NA,0,0,NA,8060,100662,51669,56516,8634.62038041252,0.25725,"United States Virgin Islands"
"América del Norte","United States Virgin Islands",2001,0,0,NA,926.342278472449,0,12.2328706489185,59.9761279437449,-58.8593,12.2448,NA,10.692,643.580231269901,1073.2412364429,3.8826,1727.60311370586,2005.79212907803,NA,NA,2148.25169285071,NA,0,0,NA,7810,100880,51546,56460,8564.97978041252,0.633166666666667,"United States Virgin Islands"
"América del Norte","United States Virgin Islands",2002,0,0,NA,926.342278472449,0,12.2328706489185,59.9761279437449,-58.8593,12.2448,NA,12.0994,643.580231269901,1073.2412364429,64.3523,1727.60311370586,2005.79212907803,NA,NA,2148.25169285071,NA,0,0,NA,7560,100997,51444,56282,8626.85688041252,0.790333333333333,"United States Virgin Islands"
"América del Norte","United States Virgin Islands",2003,0,0,NA,926.342278472449,0,12.2328706489185,59.9761279437449,-58.8593,12.2448,NA,13.5493,643.580231269901,1073.2412364429,88.6559,1727.60311370586,2005.79212907803,NA,NA,2148.25169285071,NA,0,0,NA,7312,101040,51272,56017,8652.61038041252,0.851166666666667,"United States Virgin Islands"
"América del Norte","United States Virgin Islands",2004,0,0,NA,926.342278472449,0,12.2328706489185,59.9761279437449,-58.8593,12.2448,NA,15.1263,643.580231269901,1073.2412364429,105.1784,1727.60311370586,2005.79212907803,NA,NA,2148.25169285071,NA,0,0,NA,7068,101018,51050,55694,8670.70988041252,0.53525,"United States Virgin Islands"
"América del Norte","United States Virgin Islands",2005,0,0,NA,926.342278472449,0,12.2328706489185,59.9761279437449,-58.8593,12.2448,NA,17.1494,643.580231269901,1073.2412364429,116.6062,1727.60311370586,2005.79212907803,NA,NA,2148.25169285071,NA,0,0,NA,6830,100963,50954,55527,8684.16078041252,0.792083333333333,"United States Virgin Islands"
"América del Norte","United States Virgin Islands",2006,0,0,NA,926.342278472449,0,12.2328706489185,59.9761279437449,-58.8593,12.2448,NA,17.5737,643.580231269901,1073.2412364429,124.1864,1727.60311370586,2005.79212907803,NA,NA,2148.25169285071,NA,0,0,NA,6598,100874,50989,55525,8692.16528041252,0.826083333333333,"United States Virgin Islands"
"América del Norte","United States Virgin Islands",2007,0,0,NA,926.342278472449,0,12.2328706489185,59.9761279437449,-58.8593,12.2448,NA,17.6438,643.580231269901,1073.2412364429,129.4385,1727.60311370586,2005.79212907803,NA,NA,2148.25169285071,NA,0,0,NA,6372,100769,50993,55513,8697.48748041252,0.933166666666667,"United States Virgin Islands"
"América del Norte","United States Virgin Islands",2008,0,0,NA,926.342278472449,0,12.2328706489185,59.9761279437449,-58.8593,12.2448,NA,17.9107,643.580231269901,1073.2412364429,132.5787,1727.60311370586,2005.79212907803,NA,NA,2148.25169285071,NA,0,0,NA,6153,100645,50973,55509,8700.89458041252,0.398416666666667,"United States Virgin Islands"
"América del Norte","United States Virgin Islands",2009,0,0,NA,926.342278472449,0,12.2328706489185,59.9761279437449,-58.8593,12.2448,NA,18.0852,643.580231269901,1073.2412364429,134.7476,1727.60311370586,2005.79212907803,NA,NA,2148.25169285071,NA,0,0,NA,5942,100527,50928,55539,8703.23798041252,0.733583333333333,"United States Virgin Islands"
"América del Norte","United States Virgin Islands",2010,0,0,NA,926.342278472449,0,12.2328706489185,59.9761279437449,-58.8593,12.2448,NA,17.5988,643.580231269901,1073.2412364429,136.2862,1727.60311370586,2005.79212907803,NA,NA,2148.25169285071,NA,0,0,NA,5738,100411,50737,55404,8704.29018041252,0.911833333333333,"United States Virgin Islands"
"América del Norte","United States Virgin Islands",2011,0,0,NA,926.342278472449,0,12.2328706489185,59.9761279437449,-42.3705,0,NA,17.6677,643.580231269901,1073.2412364429,137.2276,1727.60311370586,2005.79212907803,NA,NA,2148.25169285071,NA,0,0,NA,5545,100298,50398,55081,8709.54448041252,0.488916666666667,"United States Virgin Islands"
"América del Norte","United States Virgin Islands",2012,0,0,NA,926.342278472449,0,12.2328706489185,59.9761279437449,-42.3705,0,NA,18.2046,643.580231269901,1073.2412364429,137.7858,1727.60311370586,2005.79212907803,NA,NA,2148.25169285071,NA,0,0,NA,5363,100194,50020,54752,8710.63958041252,0.65975,"United States Virgin Islands"
"América del Norte","United States Virgin Islands",2013,0,0,NA,926.342278472449,0,12.2328706489185,59.9761279437449,-42.3705,0,NA,18.7,643.580231269901,1073.2412364429,137.9338,1727.60311370586,2005.79212907803,NA,NA,2148.25169285071,NA,0,0,NA,5192,100119,49629,54429,8711.28298041252,0.762416666666667,"United States Virgin Islands"
"América del Norte","United States Virgin Islands",2014,0,0,NA,926.342278472449,0,12.2328706489185,59.9761279437449,-42.3705,0,NA,20.0976,643.580231269901,1073.2412364429,137.9308,1727.60311370586,2005.79212907803,NA,NA,2148.25169285071,NA,0,0,NA,5031,100079,49241,54142,8712.67758041252,0.86425,"United States Virgin Islands"
"América del Norte","United States Virgin Islands",2015,0,0,NA,926.342278472449,0,12.2328706489185,59.9761279437449,-42.3705,0,NA,21.5344,643.580231269901,1073.2412364429,138.061,1727.60311370586,2005.79212907803,NA,NA,2148.25169285071,NA,0,0,NA,4882,100095,48874,53929,8714.24458041252,1.13491666666667,"United States Virgin Islands"
"América del Norte","United States Virgin Islands",2016,0,0,NA,926.342278472449,0,12.2328706489185,59.9761279437449,-165.4599,0,NA,23.9315,643.580231269901,1073.2412364429,138.2271,1727.60311370586,2005.79212907803,NA,NA,2148.25169285071,NA,0,0,NA,4743,100170,48532,53783,8593.71838041252,1.1465,"United States Virgin Islands"
"América del Norte","United States Virgin Islands",2017,0,0,NA,926.342278472449,0,12.2328706489185,59.9761279437449,-165.4599,0,NA,26.7945,643.580231269901,1073.2412364429,138.3028,1727.60311370586,2005.79212907803,NA,NA,2148.25169285071,NA,0,0,NA,4612,100289,48190,53661,8596.65708041252,0.971333333333333,"United States Virgin Islands"
"América del Norte","United States Virgin Islands",2018,0,0,NA,926.342278472449,0,12.2328706489185,59.9761279437449,-165.4599,0,NA,29.5587,643.580231269901,1073.2412364429,138.4418,1727.60311370586,2005.79212907803,NA,NA,2148.25169285071,NA,0,0,NA,4490,100424,47830,53535,8599.56028041252,0.687416666666667,"United States Virgin Islands"
"América del Norte","United States Virgin Islands",2019,0,0,NA,926.342278472449,0,12.2328706489185,59.9761279437449,-165.4599,0,NA,32.1473,643.580231269901,1073.2412364429,138.6376,1727.60311370586,2005.79212907803,NA,NA,2148.25169285071,NA,0,0,NA,4372,100537,47446,53380,8602.34468041252,0.965666666666667,"United States Virgin Islands"
"América del Norte","United States Virgin Islands",2020,0,0,NA,926.342278472449,0,12.2328706489185,59.9761279437449,-165.4599,0,NA,34.7977,643.580231269901,1073.2412364429,138.7843,1727.60311370586,2005.79212907803,NA,NA,2148.25169285071,NA,0,0,NA,4259,100599,47122,53321,8605.14178041252,1.23741666666667,"United States Virgin Islands"
"América del Sur","Uruguay",1990,10.7642,5.4739,79.6494,612.2334,184.0929,25,149.8497,-13373.492,0,119.182,33.0907,1.2387,67.6313660738584,882.6112,252.21418996648,356.491016867166,265.1532,180.8245,5309.9426,420.3617,0,0,476.2804,342930,2767059,1521058,1595955,-3941.4069270925,0.313666666666667,"Uruguay"
"América del Sur","Uruguay",1991,10.7642,5.4739,71.504,808.5,184.0929,27,155.1983,-13373.492,0,134.589,38.6399,3.0479,67.6313660738584,908.7608,252.21418996648,356.491016867166,265.203,182.7931,5531.6744,436.153,0,0,512.1089,334996,2797054,1528920,1606454,-3421.65212709249,0.481583333333333,"Uruguay"
"América del Sur","Uruguay",1992,10.7642,5.4739,101.0666,998.032,184.0929,11,171.5344,-13373.492,0,148.8924,41.8777,2.9092,67.6313660738584,930.0526,252.21418996648,356.491016867166,266.2956,185.708,5690.6226,451.5317,0,0,540.4146,327257,2827598,1536776,1616956,-2956.88702709249,0.0864166666666666,"Uruguay"
"América del Sur","Uruguay",1993,10.7642,5.4739,97.0135,1063.888,184.0929,5,198.6643,-13373.492,0,148.1734,41.0666,2.3831,67.6313660738584,944.4633,252.21418996648,356.491016867166,265.7019,199.1699,5782.3298,463.6437,0,0,557.6328,319721,2858434,1544448,1627299,-2727.69412709249,0.244833333333333,"Uruguay"
"América del Sur","Uruguay",1994,10.7642,5.4739,98.0915,1052.128,183.6906,6,224.636,-13373.492,0,144.8862,27.8908,0.4373,67.6313660738584,966.6664,252.21418996648,0.1774,368.5367,203.9532,5752.9863,466.0434,0,0,603.675,312311,2889296,1552203,1637742,-2937.60954395966,0.667,"Uruguay"
"América del Sur","Uruguay",1995,10.7642,5.4739,112.6104,1146.992,190.6987,22,237.5252,-13373.492,0,156.5274,39.6012,2.0635,67.6313660738584,981.1772,252.21418996648,0.5378,317.8559,211.285,5647.8227,459.2758,0,0,631.6257,305001,2919803,1560015,1648285,-2879.80984395966,0.203583333333333,"Uruguay"
"América del Sur","Uruguay",1996,3.8279,13.2663,136.535,1179.92,190.7584,16,255.5278,-13373.492,0,179.8046,53.7303,6.9631,67.6313660738584,1004.0075,252.21418996648,0.9086,356.1411,219.2011,5694.6242,465.1342,0,0,681.821,297690,2950345,1567812,1658822,-2595.47534395966,0.468,"Uruguay"
"América del Sur","Uruguay",1997,3.9197,12.0202,124.7716,1219.12,190.7584,5,277.8931,-13373.492,0,172.1327,51.7923,13.585,67.6313660738584,1020.3444,252.21418996648,1.2936,403.1042,226.073,5552.3368,458.1385,0,0,643.2749,289586,2981424,1575662,1669407,-2678.08804395966,0.954,"Uruguay"
"América del Sur","Uruguay",1998,4.376,17.7545,121.3345,1332.0238,190.7584,15,296.7282,-13373.492,0,170.277,17.2478,6.1639,67.6313660738584,1028.7405,252.21418996648,1.6804,451.9498,246.7884,5312.721,451.1831,0,0,679.3928,281484,3010654,1583085,1679598,-2709.52634395966,0.115916666666667,"Uruguay"
"América del Sur","Uruguay",1999,5.0535,14.551,127.8367,1631.4178,190.5241,15,307.1442,-13373.492,0,232.0042,70.3722,36.6701,67.6313660738584,1036.2516,252.21418996648,2.0896,421.0162,246.7607,5212,449.1809,0,0,670.7847,273241,3036077,1589828,1689136,-2384.98894395966,0.148916666666667,"Uruguay"
"América del Sur","Uruguay",2000,6.2217,24.885,110.6426,1484.9117,189.6941,13,284.5649,-13373.492,0,203.0651,32.9033,11.716,67.6313660738584,1040.4516,252.21418996648,2.4638,389.3963,212.6801,5126.3822,433.6634,0,0,650.8094,264771,3056474,1594941,1697283,-2836.19524395966,0.285666666666667,"Uruguay"
"América del Sur","Uruguay",2001,3.4854,0,99.8741,1204.8198,189.6941,20,272.4754,-10111.31,0,176.6566,24.7133,0.5597,67.6313660738584,1030.8761,252.21418996648,2.8588,529.3832,216.3768,5162.0982,439.2541,0,0,618.4721,256090,3071013,1597570,1703369,200.13325604034,1.16733333333333,"Uruguay"
"América del Sur","Uruguay",2002,15.1574,0.3894,104.8989,1256.2346,189.0235,32,247.3733,-10111.31,0,170.2674,34.8853,0.738,67.6313660738584,1035.5157,252.21418996648,3.2721,516.4423,215.0907,5296.0431,442.8061,0,0,582.5859,247270,3080503,1598457,1707985,351.259256040339,0.631333333333333,"Uruguay"
"América del Sur","Uruguay",2003,18.7377,0.3893,115.2205,1202.656,188.8867,48,238.6401,-10111.31,0,156.3756,33.8496,0.376,67.6313660738584,1032.4456,252.21418996648,3.7124,543.173,215.8993,5423.0878,451.3701,0,0,597.1996,238529,3087108,1598485,1711718,478.554856040339,0.229083333333333,"Uruguay"
"América del Sur","Uruguay",2004,24.6718,8.0479,163.9182,1461.8856,186.9958,73,252.9245,-10111.31,0,184.9945,85.5648,33.5729,5.4781,1041.8219,27.2489,3.9759,372.8465,215.2049,5507.8712,456.957,0,0,624.3156,230105,3093991,1598595,1715206,619.986,0.6105,"Uruguay"
"América del Sur","Uruguay",2005,17.1961,3.7647,174.7326,1442.56,187.8165,73,260.4812,-10111.31,0,176.4903,79.7385,24.6481,9.2808,1054.3766,45.1827,4.3335,391.7426,231.0797,5576.1825,465.3259,0,0,628.1261,222183,3103429,1599620,1718045,734.7484,0.707666666666667,"Uruguay"
"América del Sur","Uruguay",2006,11.5663,0.649,190.8256,1390.032,187.5429,100,272.6112,-10111.31,0,236.7764,150.7865,74.7423,20.5378,1060.2482,114.5171,4.872,395.2462,236.6895,5804.0097,483.4928,0,0,638.6676,214756,3116287,1601733,1720550,1262.5031,0.769083333333333,"Uruguay"
"América del Sur","Uruguay",2007,11.3252,0.2596,204.0543,1139.936,187.5429,300,287.967,-10111.31,0,207.4932,136.5279,25.3946,20.0089,1056.0691,93.0478,6.0102,412.8259,224.072,5708.8397,473.2747,0,0,627.2089,207762,3131979,1604827,1723823,1010.5479,0.0249166666666666,"Uruguay"
"América del Sur","Uruguay",2008,21.132,3.894,228.1674,1320.0757,188.8536,364,300.1739,-10111.31,0,267.5951,285.0122,91.8717,37.1513,1065.4265,194.3648,4.0888,407.9458,227.3516,5768.411,478.5067,0,0,630.5626,201110,3149714,1608578,1727547,1773.2747,0.773666666666667,"Uruguay"
"América del Sur","Uruguay",2009,14.6717,0.649,298.8974,1259.888,188.5797,348,327.5605,-10111.31,0,266.5752,231.7602,72.0654,45.2629,1063.9998,211.784,4.4442,590.2903,218.0615,5641.9332,466.2632,0,0,590.451,194722,3168033,1612678,1731478,1729.8272,0.414333333333333,"Uruguay"
"América del Sur","Uruguay",2010,16.196,0.9089,357.6777,1269.296,188.5797,312,354.1615,-10111.31,0,216.4814,91.1057,23.3377,35.8743,1075.659,150.8192,9.3468,490.8292,227.7783,5290.8373,444.1192,0,0,586.8343,188495,3185920,1617051,1735600,1030.5322,0.404583333333333,"Uruguay"
"América del Sur","Uruguay",2011,10.5084,8.0501,333.1526,1536.64,188.5113,437,373.2561,-7033.18,0,265.1906,140.3609,63.5288,53.5787,1076.7151,244.6693,6.789,574.8388,235.9175,5276.184,446.1851,0,0,593.4312,182426,3203198,1621715,1739923,4831.3275,0.27375,"Uruguay"
"América del Sur","Uruguay",2012,15.8392,0.1298,412.9855,1421.9486,188.1747,638,382.3669,-7033.18,0,307.1937,175.427,92.8022,176.392,1082.4036,329.9526,7.0657,562.8218,226.7653,5175.2108,436.3793,0,0,564.6546,178688,3218089,1626686,1744447,5163.3333,1.0085,"Uruguay"
"América del Sur","Uruguay",2013,6.8657,0.1298,381.7232,1352.4,188.1062,421,401.2233,-7033.18,0,268.973,90.2007,38.9809,141.2011,1083.0325,249.7013,8.3716,593.6354,235.3167,5217.6944,441.4925,0,0,573.3583,175741,3232264,1631988,1749192,4660.2266,0.266666666666667,"Uruguay"
"América del Sur","Uruguay",2014,3.2229,0.1298,447.644,1312.416,187.7701,464,407.1538,-7033.18,0,225.493,112.9144,11.9913,129.7156,1059.4735,195.6549,8.3412,639.4755,230.2532,5287.6492,446.2105,0,0,563.3785,172847,3246699,1637581,1754081,4699.7074,0.9475,"Uruguay"
"América del Sur","Uruguay",2015,13.4065,0.9087,419.0796,1259.888,187.7701,293,420.5401,-7033.18,0,227.8477,129.1382,14.3396,137.4881,1056.9949,190.4595,7.9323,679.9105,255.7927,5288.7714,464.023,0,0,538.3115,170019,3261533,1643631,1759187,4552.4224,1.074,"Uruguay"
"América del Sur","Uruguay",2016,7.6448,0.2597,369.579,1263.761,188.0444,270,432.7778,-1905.2,0,245.2485,128.6875,8.042,151.1305,1060.0452,164.7089,8.1104,632.3455,248.7111,5315.7235,461.5814,0,0,545.9216,167249,3276757,1649718,1764048,9597.1228,0.343,"Uruguay"
"América del Sur","Uruguay",2017,5.5666,1.1681,404.0745,1289.3429,188.4497,289,447.7266,-1905.2,0,227.2858,136.8198,4.2209,174.979,1065.4461,142.799,8.5615,709.9879,243.7418,5212.4645,450.607,0,0,564.022,164541,3292209,1654653,1767547,9661.0637,1.6015,"Uruguay"
"América del Sur","Uruguay",2018,6.8449,1.5576,267.6188,1273.216,188.4497,318,411.7165,-1905.2,0,238.2786,146.667,7.1349,182.8806,1068.0736,167.0171,8.7573,751.7167,240.9673,5087.5676,439.9515,0,0,553.7146,161889,3307662,1657819,1769223,9454.9303,1.02125,"Uruguay"
"América del Sur","Uruguay",2019,9.1043,6.4919,375.2068,1136.8,191.8686,313,441.0943,-1905.2,0,235.6148,152.8181,3.3561,158.9725,1061.3554,162.8607,8.9131,767.4173,254.4559,5096.5969,450.5833,0,0,556.9714,159283,3322873,1659147,1769262,9478.2814,0.843916666666667,"Uruguay"
"América del Sur","Uruguay",2020,14.2534,2.7259,333.452,1099.952,191.8686,313,422.3407,-1905.2,0,252.8503,160.1404,3.6699,159.4289,1053.5351,133.2543,9.7268,748.9522,246.5972,4988.0715,439.2709,0,0,488.8571,156716,3337671,1660166,1768921,9156.7472,0.874083333333333,"Uruguay"
"América del Sur","Venezuela (Bolivarian Republic of)",1990,1617.6046,650.8067,109.2886,809.7113,1015.6184,33,3076.7346,1148.2689,142261.2391,2720.754,1335.9427,80.5971,862.5626,995.8474,2308.15462813572,99.913,10616.0069,587.6832,5592.7077,922.8407,0,505.0866,38.4465,3121559,16740397,9900476,9850103,177388.815228136,0.412,"Venezuela (Bolivarian Republic of)"
"América del Sur","Venezuela (Bolivarian Republic of)",1991,1617.6046,650.8067,132.2841,1070.8468,1015.6184,38,3259.85,1148.2689,142261.2391,1898.4843,1291.3875,59.3831,922.0575,1037.8786,2308.15462813572,264.7621,10757.6891,603.1928,5761.0618,956.5387,0,505.0866,29.1409,3118051,17214028,10139923,10086291,177589.336228136,0.405916666666667,"Venezuela (Bolivarian Republic of)"
"América del Sur","Venezuela (Bolivarian Republic of)",1992,1617.6046,650.8067,116.8978,1120.7186,1015.6184,65,3210.5725,1148.2689,142261.2391,2522.3296,1298.1879,58.321,905.2988,1076.0694,2373.88859145568,421.8718,10478.7153,633.611,5785.5091,986.8061,0,505.0866,19.8618,3117393,17681682,10378792,10321668,178272.283591456,0.446583333333333,"Venezuela (Bolivarian Republic of)"
"América del Sur","Venezuela (Bolivarian Republic of)",1993,1617.6046,650.8067,122.4354,1095.7827,1016.1611,82,3443.5304,1148.2689,142261.2391,2600.1782,1181.2558,64.205,1091.4623,1101.1429,2373.88859145568,571.0637,10548.5383,677.2289,5662.3191,1020.2871,0,505.0866,13.6916,3114687,18148756,10616013,10556087,178848.176991456,0.559583333333333,"Venezuela (Bolivarian Republic of)"
"América del Sur","Venezuela (Bolivarian Republic of)",1994,1617.6046,650.8067,127.2517,1165.2913,1016.1611,78,3493.7762,1148.2689,142261.2391,2300.3251,1208.2671,59.2047,957.2677,1117.4137,2437.65130357848,739.8431,10401.8475,704.6878,5856.4439,1070.6184,0,505.0866,178.9999,3109908,18616444,10850830,10790003,179096.056403578,0.331416666666667,"Venezuela (Bolivarian Republic of)"
"América del Sur","Venezuela (Bolivarian Republic of)",1995,1617.6046,650.8067,136.5592,1251.9461,1008.5208,61,3614.4502,1148.2689,142261.2391,2406.8779,966.6667,59.9588,1011.1362,1168.325,2373.88859145568,895.6193,11546.0673,673.1421,5849.6589,987.1728,0,505.0866,247.8029,3103368,19085299,11084141,11023144,180441.798691456,0.796416666666667,"Venezuela (Bolivarian Republic of)"
"América del Sur","Venezuela (Bolivarian Republic of)",1996,932.308,894.5056,127.6181,1222.8895,1006.7924,52,3759.9045,1148.2689,142261.2391,2588.7665,1029.7323,60.1187,1236.6038,1193.9842,2373.88859145568,1066.3766,11408.8744,684.2474,5883.1802,987.8781,0,653.1177,333.0084,3095006,19555096,11316984,11255127,180905.302991456,0.4935,"Venezuela (Bolivarian Republic of)"
"América del Sur","Venezuela (Bolivarian Republic of)",1997,881.4277,1170.947,134.1648,1220.3493,1006.6823,70,3483.9745,1148.2689,142261.2391,2679.6961,1107.5713,64.111,1216.9166,1234.9888,2373.88859145568,1246.9737,11803.9067,679.176,5971.1495,979.0578,0,880.7681,421.7237,3085137,20025041,11550159,11487401,182036.981491456,0.66425,"Venezuela (Bolivarian Republic of)"
"América del Sur","Venezuela (Bolivarian Republic of)",1998,1260.1701,3191.9187,120.3536,1071.63,1004.2457,86,3556.9025,1148.2689,142261.2391,3270.0337,1213.9508,72.926,1361.398,1263.1718,2388.14151951042,1424.5076,11190.5047,702.1496,6103.8483,1010.0052,0,2735.6103,478.7733,3073619,20495835,11783049,11720770,186915.74941951,1.01633333333333,"Venezuela (Bolivarian Republic of)"
"América del Sur","Venezuela (Bolivarian Republic of)",1999,885.6923,1237.6829,122.3721,1051.1394,1084.1234,80,3524.8785,1148.2689,142261.2391,3233.7206,1239.9444,68.9836,1210.4753,1284.5332,2388.14151951042,1617.0637,10709.9741,688.892,6271.0171,1020.0494,0,1010.3908,535.8521,3060723,20967966,12013718,11953242,182674.43441951,0.317583333333333,"Venezuela (Bolivarian Republic of)"
"América del Sur","Venezuela (Bolivarian Republic of)",2000,1085.3726,1797.7613,156.7935,975.1533,1084.1234,70,3643.5625,1148.2689,142261.2391,3180.7777,1526.6424,68.7026,1182.3105,1314.7393,2407.36243754439,1780.6911,10789.662,706.3221,6391.6626,1036.0992,0,1414.8206,494.2065,3046475,21441865,12241951,12185778,184516.273637544,0.289416666666667,"Venezuela (Bolivarian Republic of)"
"América del Sur","Venezuela (Bolivarian Republic of)",2001,1586.7418,558.7183,164.2626,1088.0564,1063.7759,75,3885.1718,1479.3847,83992.9033,3420.3049,2003.6708,88.4857,1472.8339,1348.5823,2510.52571760149,1959.0849,11835.4025,733.9298,6560.0291,1066.0854,0,442.1847,554.0226,3031240,21917236,12463799,12416404,127889.157117601,0.683666666666667,"Venezuela (Bolivarian Republic of)"
"América del Sur","Venezuela (Bolivarian Republic of)",2002,1187.0727,83.4881,137.5802,947.5785,1057.4553,75,4130.9254,1479.3847,83992.9033,3585.9324,2316.0747,99.9541,1630.1315,1349.0052,2594.41862420843,2148.6602,10822.7362,739.1104,6696.4469,1082.9916,0,54.0044,477.7458,3080534,22328166,12684667,12646261,126688.600224208,0.840583333333333,"Venezuela (Bolivarian Republic of)"
"América del Sur","Venezuela (Bolivarian Republic of)",2003,2280.9735,1623.1318,164.6179,969.5226,1026.9752,79,3687.9354,1479.3847,83992.9033,3112.401,2398.4287,102.7486,1756.4025,1340.586,2530.03977428801,2353.8478,11384.3287,670.2062,6741.6901,1057.6105,0,1232.3794,448.6301,3129553,22738970,12905924,12876104,130433.743774288,0.921833333333333,"Venezuela (Bolivarian Republic of)"
"América del Sur","Venezuela (Bolivarian Republic of)",2004,1679.8784,142.7742,193.0831,1402.5917,1058.2511,66,3735.8186,1479.3847,83992.9033,3370.1531,2763.0357,87.7101,1456.5312,1363.5183,2615.39403155759,2448.2332,11579.8414,680.711,6842.312,1080.7957,0,109.6671,498.1207,3178200,23149025,13123521,13103406,128646.708631558,0.66725,"Venezuela (Bolivarian Republic of)"
"América del Sur","Venezuela (Bolivarian Republic of)",2005,1988.3966,307.536,190.1819,1523.9478,1054.7837,68,4457.5374,1479.3847,83992.9033,3586.7159,2651.5044,83.5881,1405.7673,1398.7767,2774.12440164987,2602.9671,11615.7307,722.043,6983.8329,1124.6979,0,245.4566,1558.6001,3226428,23557733,13339531,13329254,131816.47650165,0.890666666666667,"Venezuela (Bolivarian Republic of)"
"América del Sur","Venezuela (Bolivarian Republic of)",2006,1760.9703,178.4437,212.9851,1600.5054,1054.7837,38,4727.4801,1479.3847,83992.9033,3448.2394,2983.0428,88.1159,1250.4046,1436.2281,2774.12440164987,4762.5464,14700.6247,739.9941,6989.134,1126.5532,0,126.1967,263.4266,3274191,23964977,13550091,13551989,135734.08720165,0.714916666666667,"Venezuela (Bolivarian Republic of)"
"América del Sur","Venezuela (Bolivarian Republic of)",2007,1993.6941,493.0627,210.7156,1473.4692,1049.3286,77,5121.0505,1479.3847,83992.9033,3598.6693,4033.814,86.5279,941.3996,1479.4651,2874.39815427851,4474.8398,13814.0282,792.991,7013.3465,1136.9886,0,375.2432,489.8845,3321466,24370499,13754221,13770877,137002.204554279,0.727833333333333,"Venezuela (Bolivarian Republic of)"
"América del Sur","Venezuela (Bolivarian Republic of)",2008,1765.9343,165.1685,217.2101,1527.1795,1044.8229,48,5343.1985,1479.3847,83992.9033,3570.725,3320.1115,89.5854,1107.1211,1500.7851,2948.13982095865,5181.2724,14062.7544,904.5446,7027.364,1184.0446,0,113.5634,560.1058,3368145,24773556,13949599,13984235,137153.918920959,0.50375,"Venezuela (Bolivarian Republic of)"
"América del Sur","Venezuela (Bolivarian Republic of)",2009,1744.0707,94.8208,205.3884,1620.1776,1045.5207,25,5423.1213,1479.3847,83992.9033,3633.7529,3419.9298,95.696,1096.3638,1520.0391,2969.38712965498,3735.8872,14018.7201,904.2049,7042.2081,1189.3111,0,70.2494,596.7125,3414135,25173188,14136940,14190951,135922.849529655,0.92125,"Venezuela (Bolivarian Republic of)"
"América del Sur","Venezuela (Bolivarian Republic of)",2010,1729.411,1086.5395,195.5761,1273.2905,1061.2488,27,5243.1906,1479.3847,83992.9033,3798.985,3475.024,106.6484,1149.555,1542.5963,2914.82985284168,3521.4137,13532.8011,871.4674,5924.8052,1117.4323,0,900.301,2573.2277,3459313,25568720,14321888,14393135,137517.631452842,1.15975,"Venezuela (Bolivarian Republic of)"
"América del Sur","Venezuela (Bolivarian Republic of)",2011,1032.211,65.011,187.6712,1337.4013,1061.6246,240.994653753237,5484.8871,2137.5754,104504.9606,3806.6218,3432.6827,102.3684,1006.7568,1577.3341,2969.38712965498,3868.6486,13409.4386,914.1115,5991.0763,1155.1517,0,35.3976,2727.9834,3503631,25959660,14504605,14591553,157049.295483408,0.59,"Venezuela (Bolivarian Republic of)"
"América del Sur","Venezuela (Bolivarian Republic of)",2012,1153.1651,56.2442,172.0933,1478.1826,1061.6246,82,5807.8028,2137.5754,104504.9606,4443.2917,3675.6161,122.1527,1156.2926,1590.7445,3025.23573569733,4045.8476,13659.4114,982.3037,7013.2178,1259.6078,0,33.8724,2796.872,3550466,26342614,14683454,14786972,160258.114635697,0.550583333333333,"Venezuela (Bolivarian Republic of)"
"América del Sur","Venezuela (Bolivarian Republic of)",2013,1743.5719,314.4145,187.2576,1516.5461,1099.8079,11,5714.5881,2137.5754,104504.9606,4723.7413,3770.9309,135.0139,1040.1607,1604.9852,3025.23573569733,3092.6242,13957.1168,919.1909,7064.1306,1248.0953,0,242.1159,2644.5408,3597718,26720130,14859050,14978971,160697.604335697,0.909583333333333,"Venezuela (Bolivarian Republic of)"
"América del Sur","Venezuela (Bolivarian Republic of)",2014,1885.2318,240.1218,183.4992,1598.8684,1262.8985,86,5633.1389,2137.5754,104504.9606,5202.0505,4133.2992,166.5547,1084.2477,1514.9803,2969.38712965498,3349.8632,13354.5573,942.8211,6987.1404,1248.8629,0,133.4144,2120.121,3644375,27094003,15028756,15164502,160739.594429655,0.909666666666667,"Venezuela (Bolivarian Republic of)"
"América del Sur","Venezuela (Bolivarian Republic of)",2015,1564.4665,318.1812,124.5149,1193.9387,1262.8985,87,4903.0641,2137.5754,104504.9606,4780.5384,4149.8401,170.1877,998.6874,1254.1113,2828.69789643316,2657.4314,13351.7177,987.5163,6947.5375,1256.7251,0,208.2448,980.0603,3690499,27464635,15188587,15341129,156667.895796433,1.09683333333333,"Venezuela (Bolivarian Republic of)"
"América del Sur","Venezuela (Bolivarian Republic of)",2016,1726.2815,771.6824,110.1317,889.6558,1345.9426,89,4317.0127,957.7691,39891.3821,4727.2603,4213.3304,172.2598,936.5075,1227.8207,2759.24791555565,4231.9212,11767.4782,945.0808,6849.2891,1213.4635,0,571.7144,886.5968,3736094,27832085,15283987,15457477,90600.8285155556,1.06658333333333,"Venezuela (Bolivarian Republic of)"
"América del Sur","Venezuela (Bolivarian Republic of)",2017,1447.0877,105.8735,109.4487,1190.0579,1455.7786,89,3958.2015,957.7691,39891.3821,3895.6429,4314.8562,147.2333,884.4939,1213.5416,2644.54074077335,4449.7155,11705.4637,936.4247,6671.2362,1168.4879,0,71.0822,820.8957,3778814,28198251,15183770,15379664,88128.2136407733,0.72925,"Venezuela (Bolivarian Republic of)"
"América del Sur","Venezuela (Bolivarian Republic of)",2018,1850.2308,240.2447,133.13,1204.1346,1560.0093,89,3481.1471,957.7691,39891.3821,3521.9526,4333.8547,141.5705,839.8796,1192.2707,2644.54074077335,4523.7828,11802.6241,910.4798,6616.5703,1134.0696,0,161.7344,808.5514,3818502,28562719,14804135,15021517,88038.9289407734,0.83075,"Venezuela (Bolivarian Republic of)"
"América del Sur","Venezuela (Bolivarian Republic of)",2019,2321.8209,821.2088,119.3951,1060.1711,1590.8867,89,3203.5111,957.7691,39891.3821,2440.5392,4122.3201,120.7814,705.0574,1176.9463,2613.00770690178,4578.2447,11861.512,883.0197,6681.8748,1130.5176,0,658.8849,521.037,3854999,28924869,14365872,14605811,87548.8877069018,1.31158333333333,"Venezuela (Bolivarian Republic of)"
"América del Sur","Venezuela (Bolivarian Republic of)",2020,3072.1186,888.0008,110.5478,863.4286,1632.041,89,2508.0194,957.7691,39891.3821,2081.3607,4064.8804,120.7814,643.018,1173.6491,2398.1302032011,4969.9691,11889.2325,902.9064,6757.4177,1139.8205,0,600.3308,521.037,3888173,29284219,14113760,14376694,87274.8412032011,1.29183333333333,"Venezuela (Bolivarian Republic of)"
